{
  "fio version" : "fio-3.13",
  "timestamp" : 1566768537,
  "timestamp_ms" : 1566768537838,
  "time" : "Sun Aug 25 21:28:57 2019",
  "jobs" : [
    {
      "jobname" : "rand-write-4k",
      "groupid" : 0,
      "error" : 0,
      "eta" : 0,
      "elapsed" : 260,
      "job options" : {
        "bs" : "4k",
        "rw" : "randwrite",
        "direct" : "1",
        "size" : "10G",
        "randrepeat" : "0",
        "ioengine" : "libaio",
        "iodepth" : "32",
        "fsync" : "32",
        "filename" : "/dev/vdb"
      },
      "read" : {
        "io_bytes" : 0,
        "io_kbytes" : 0,
        "bw_bytes" : 0,
        "bw" : 0,
        "iops" : 0.000000,
        "runtime" : 0,
        "total_ios" : 0,
        "short_ios" : 0,
        "drop_ios" : 0,
        "slat_ns" : {
          "min" : 0,
          "max" : 0,
          "mean" : 0.000000,
          "stddev" : 0.000000
        },
        "clat_ns" : {
          "min" : 0,
          "max" : 0,
          "mean" : 0.000000,
          "stddev" : 0.000000,
          "percentile" : {
            "1.000000" : 0,
            "5.000000" : 0,
            "10.000000" : 0,
            "20.000000" : 0,
            "30.000000" : 0,
            "40.000000" : 0,
            "50.000000" : 0,
            "60.000000" : 0,
            "70.000000" : 0,
            "80.000000" : 0,
            "90.000000" : 0,
            "95.000000" : 0,
            "99.000000" : 0,
            "99.500000" : 0,
            "99.900000" : 0,
            "99.950000" : 0,
            "99.990000" : 0
          }
        },
        "lat_ns" : {
          "min" : 0,
          "max" : 0,
          "mean" : 0.000000,
          "stddev" : 0.000000
        },
        "bw_min" : 0,
        "bw_max" : 0,
        "bw_agg" : 0.000000,
        "bw_mean" : 0.000000,
        "bw_dev" : 0.000000,
        "bw_samples" : 0,
        "iops_min" : 0,
        "iops_max" : 0,
        "iops_mean" : 0.000000,
        "iops_stddev" : 0.000000,
        "iops_samples" : 0
      },
      "write" : {
        "io_bytes" : 10737418240,
        "io_kbytes" : 10485760,
        "bw_bytes" : 41325736,
        "bw" : 40357,
        "iops" : 10089.291213,
        "runtime" : 259824,
        "total_ios" : 2621440,
        "short_ios" : 0,
        "drop_ios" : 0,
        "slat_ns" : {
          "min" : 4632,
          "max" : 155459,
          "mean" : 7644.081319,
          "stddev" : 6884.718349
        },
        "clat_ns" : {
          "min" : 1571,
          "max" : 12118060636,
          "mean" : 3076487.522490,
          "stddev" : 42091142.094111,
          "percentile" : {
            "1.000000" : 193536,
            "5.000000" : 209920,
            "10.000000" : 214016,
            "20.000000" : 218112,
            "30.000000" : 220160,
            "40.000000" : 226304,
            "50.000000" : 236544,
            "60.000000" : 261120,
            "70.000000" : 602112,
            "80.000000" : 659456,
            "90.000000" : 15269888,
            "95.000000" : 15532032,
            "99.000000" : 23461888,
            "99.500000" : 26345472,
            "99.900000" : 26345472,
            "99.950000" : 26607616,
            "99.990000" : 26607616
          }
        },
        "lat_ns" : {
          "min" : 30203,
          "max" : 12118065731,
          "mean" : 3084226.932505,
          "stddev" : 42091110.851163
        },
        "bw_min" : 14336,
        "bw_max" : 573952,
        "bw_agg" : 100.000000,
        "bw_mean" : 42226.487903,
        "bw_dev" : 70838.681735,
        "bw_samples" : 496,
        "iops_min" : 3584,
        "iops_max" : 143488,
        "iops_mean" : 10556.588710,
        "iops_stddev" : 17709.635693,
        "iops_samples" : 496
      },
      "trim" : {
        "io_bytes" : 0,
        "io_kbytes" : 0,
        "bw_bytes" : 0,
        "bw" : 0,
        "iops" : 0.000000,
        "runtime" : 0,
        "total_ios" : 0,
        "short_ios" : 0,
        "drop_ios" : 0,
        "slat_ns" : {
          "min" : 0,
          "max" : 0,
          "mean" : 0.000000,
          "stddev" : 0.000000
        },
        "clat_ns" : {
          "min" : 0,
          "max" : 0,
          "mean" : 0.000000,
          "stddev" : 0.000000,
          "percentile" : {
            "1.000000" : 0,
            "5.000000" : 0,
            "10.000000" : 0,
            "20.000000" : 0,
            "30.000000" : 0,
            "40.000000" : 0,
            "50.000000" : 0,
            "60.000000" : 0,
            "70.000000" : 0,
            "80.000000" : 0,
            "90.000000" : 0,
            "95.000000" : 0,
            "99.000000" : 0,
            "99.500000" : 0,
            "99.900000" : 0,
            "99.950000" : 0,
            "99.990000" : 0
          }
        },
        "lat_ns" : {
          "min" : 0,
          "max" : 0,
          "mean" : 0.000000,
          "stddev" : 0.000000
        },
        "bw_min" : 0,
        "bw_max" : 0,
        "bw_agg" : 0.000000,
        "bw_mean" : 0.000000,
        "bw_dev" : 0.000000,
        "bw_samples" : 0,
        "iops_min" : 0,
        "iops_max" : 0,
        "iops_mean" : 0.000000,
        "iops_stddev" : 0.000000,
        "iops_samples" : 0
      },
      "sync" : {
        "lat_ns" : {
          "min" : 57,
          "max" : 13894,
          "mean" : 170.541218,
          "stddev" : 180.954249,
          "percentile" : {
            "1.000000" : 69,
            "5.000000" : 74,
            "10.000000" : 77,
            "20.000000" : 82,
            "30.000000" : 89,
            "40.000000" : 100,
            "50.000000" : 213,
            "60.000000" : 227,
            "70.000000" : 235,
            "80.000000" : 249,
            "90.000000" : 262,
            "95.000000" : 270,
            "99.000000" : 290,
            "99.500000" : 302,
            "99.900000" : 342,
            "99.950000" : 506,
            "99.990000" : 11968
          }
        },
        "total_ios" : 81919
      },
      "job_runtime" : 259823,
      "usr_cpu" : 0.958730,
      "sys_cpu" : 8.085504,
      "ctx" : 87082,
      "majf" : 0,
      "minf" : 14,
      "iodepth_level" : {
        "1" : 0.100000,
        "2" : 0.100000,
        "4" : 0.100000,
        "8" : 0.100000,
        "16" : 0.100000,
        "32" : 103.123779,
        ">=64" : 0.000000
      },
      "iodepth_submit" : {
        "0" : 0.000000,
        "4" : 100.000000,
        "8" : 0.000000,
        "16" : 0.000000,
        "32" : 0.000000,
        "64" : 0.000000,
        ">=64" : 0.000000
      },
      "iodepth_complete" : {
        "0" : 0.000000,
        "4" : 99.999962,
        "8" : 0.000000,
        "16" : 0.000000,
        "32" : 0.100000,
        "64" : 0.000000,
        ">=64" : 0.000000
      },
      "latency_ns" : {
        "2" : 0.000000,
        "4" : 0.000000,
        "10" : 0.000000,
        "20" : 0.000000,
        "50" : 0.000000,
        "100" : 0.000000,
        "250" : 0.000000,
        "500" : 0.000000,
        "750" : 0.000000,
        "1000" : 0.000000
      },
      "latency_us" : {
        "2" : 0.010000,
        "4" : 0.000000,
        "10" : 0.000000,
        "20" : 0.000000,
        "50" : 0.010000,
        "100" : 0.010000,
        "250" : 55.899963,
        "500" : 13.412704,
        "750" : 13.310890,
        "1000" : 0.010000
      },
      "latency_ms" : {
        "2" : 0.010000,
        "4" : 0.010000,
        "10" : 0.338974,
        "20" : 14.358902,
        "50" : 2.672920,
        "100" : 0.010000,
        "250" : 0.000000,
        "500" : 0.000000,
        "750" : 0.000000,
        "1000" : 0.000000,
        "2000" : 0.000000,
        ">=2000" : 0.000000
      },
      "latency_depth" : 32,
      "latency_target" : 0,
      "latency_percentile" : 100.000000,
      "latency_window" : 0
    }
  ],
  "disk_util" : [
    {
      "name" : "vdb",
      "read_ios" : 0,
      "write_ios" : 2701842,
      "read_merges" : 0,
      "write_merges" : 0,
      "read_ticks" : 0,
      "write_ticks" : 3888544,