{
  "fio version" : "fio-3.13",
  "timestamp" : 1567273421,
  "timestamp_ms" : 1567273421056,
  "time" : "Sat Aug 31 17:43:41 2019",
  "jobs" : [
    {
      "jobname" : "rand-write-4k-qd1",
      "groupid" : 0,
      "error" : 0,
      "eta" : 0,
      "elapsed" : 31,
      "job options" : {
        "runtime" : "30",
        "bs" : "4k",
        "rw" : "randwrite",
        "direct" : "1",
        "randrepeat" : "0",
        "ioengine" : "libaio",
        "iodepth" : "1",
        "fsync" : "32",
        "filename" : "/dev/vdb"
      },
      "read" : {
        "io_bytes" : 0,
        "io_kbytes" : 0,
        "bw_bytes" : 0,
        "bw" : 0,
        "iops" : 0.000000,
        "runtime" : 0,
        "total_ios" : 0,
        "short_ios" : 0,
        "drop_ios" : 0,
        "slat_ns" : {
          "min" : 0,
          "max" : 0,
          "mean" : 0.000000,
          "stddev" : 0.000000
        },
        "clat_ns" : {
          "min" : 0,
          "max" : 0,
          "mean" : 0.000000,
          "stddev" : 0.000000,
          "percentile" : {
            "1.000000" : 0,
            "5.000000" : 0,
            "10.000000" : 0,
            "20.000000" : 0,
            "30.000000" : 0,
            "40.000000" : 0,
            "50.000000" : 0,
            "60.000000" : 0,
            "70.000000" : 0,
            "80.000000" : 0,
            "90.000000" : 0,
            "95.000000" : 0,
            "99.000000" : 0,
            "99.500000" : 0,
            "99.900000" : 0,
            "99.950000" : 0,
            "99.990000" : 0
          }
        },
        "lat_ns" : {
          "min" : 0,
          "max" : 0,
          "mean" : 0.000000,
          "stddev" : 0.000000
        },
        "bw_min" : 0,
        "bw_max" : 0,
        "bw_agg" : 0.000000,
        "bw_mean" : 0.000000,
        "bw_dev" : 0.000000,
        "bw_samples" : 0,
        "iops_min" : 0,
        "iops_max" : 0,
        "iops_mean" : 0.000000,
        "iops_stddev" : 0.000000,
        "iops_samples" : 0
      },
      "write" : {
        "io_bytes" : 907599872,
        "io_kbytes" : 886328,
        "bw_bytes" : 30250304,
        "bw" : 29541,
        "iops" : 7385.328134,
        "runtime" : 30003,
        "total_ios" : 221582,
        "short_ios" : 0,
        "drop_ios" : 0,
        "slat_ns" : {
          "min" : 6562,
          "max" : 54088,
          "mean" : 7644.204782,
          "stddev" : 1814.348139
        },
        "clat_ns" : {
          "min" : 725,
          "max" : 84940168,
          "mean" : 125816.210040,
          "stddev" : 1097153.295981,
          "percentile" : {
            "1.000000" : 19072,
            "5.000000" : 19328,
            "10.000000" : 19584,
            "20.000000" : 20096,
            "30.000000" : 20608,
            "40.000000" : 21120,
            "50.000000" : 21632,
            "60.000000" : 22144,
            "70.000000" : 22144,
            "80.000000" : 22656,
            "90.000000" : 24448,
            "95.000000" : 31872,
            "99.000000" : 99840,
            "99.500000" : 10813440,
            "99.900000" : 13434880,
            "99.950000" : 14352384,
            "99.990000" : 14745600
          }
        },
        "lat_ns" : {
          "min" : 24734,
          "max" : 84957631,
          "mean" : 133581.448457,
          "stddev" : 1097152.897789
        },
        "bw_min" : 21184,
        "bw_max" : 61704,
        "bw_agg" : 100.000000,
        "bw_mean" : 29542.133333,
        "bw_dev" : 4957.525816,
        "bw_samples" : 60,
        "iops_min" : 5296,
        "iops_max" : 15426,
        "iops_mean" : 7385.533333,
        "iops_stddev" : 1239.381454,
        "iops_samples" : 60
      },
      "trim" : {
        "io_bytes" : 0,
        "io_kbytes" : 0,
        "bw_bytes" : 0,
        "bw" : 0,
        "iops" : 0.000000,
        "runtime" : 0,
        "total_ios" : 0,
        "short_ios" : 0,
        "drop_ios" : 0,
        "slat_ns" : {
          "min" : 0,
          "max" : 0,
          "mean" : 0.000000,
          "stddev" : 0.000000
        },
        "clat_ns" : {
          "min" : 0,
          "max" : 0,
          "mean" : 0.000000,
          "stddev" : 0.000000,
          "percentile" : {
            "1.000000" : 0,
            "5.000000" : 0,
            "10.000000" : 0,
            "20.000000" : 0,
            "30.000000" : 0,
            "40.000000" : 0,
            "50.000000" : 0,
            "60.000000" : 0,
            "70.000000" : 0,
            "80.000000" : 0,
            "90.000000" : 0,
            "95.000000" : 0,
            "99.000000" : 0,
            "99.500000" : 0,
            "99.900000" : 0,
            "99.950000" : 0,
            "99.990000" : 0
          }
        },
        "lat_ns" : {
          "min" : 0,
          "max" : 0,
          "mean" : 0.000000,
          "stddev" : 0.000000
        },
        "bw_min" : 0,
        "bw_max" : 0,
        "bw_agg" : 0.000000,
        "bw_mean" : 0.000000,
        "bw_dev" : 0.000000,
        "bw_samples" : 0,
        "iops_min" : 0,
        "iops_max" : 0,
        "iops_mean" : 0.000000,
        "iops_stddev" : 0.000000,
        "iops_samples" : 0
      },
      "sync" : {
        "lat_ns" : {
          "min" : 54,
          "max" : 344,
          "mean" : 161.316002,
          "stddev" : 65.097452,
          "percentile" : {
            "1.000000" : 64,
            "5.000000" : 68,
            "10.000000" : 79,
            "20.000000" : 100,
            "30.000000" : 109,
            "40.000000" : 127,
            "50.000000" : 149,
            "60.000000" : 189,
            "70.000000" : 217,
            "80.000000" : 231,
            "90.000000" : 251,
            "95.000000" : 258,
            "99.000000" : 282,
            "99.500000" : 294,
            "99.900000" : 326,
            "99.950000" : 334,
            "99.990000" : 346
          }
        },
        "total_ios" : 6924
      },
      "job_runtime" : 30002,
      "usr_cpu" : 2.046530,
      "sys_cpu" : 8.532764,
      "ctx" : 228514,
      "majf" : 0,
      "minf" : 12,
      "iodepth_level" : {
        "1" : 103.124803,
        "2" : 0.000000,
        "4" : 0.000000,
        "8" : 0.000000,
        "16" : 0.000000,
        "32" : 0.000000,
        ">=64" : 0.000000
      },
      "iodepth_submit" : {
        "0" : 0.000000,
        "4" : 100.000000,
        "8" : 0.000000,
        "16" : 0.000000,
        "32" : 0.000000,
        "64" : 0.000000,
        ">=64" : 0.000000
      },
      "iodepth_complete" : {
        "0" : 0.000000,
        "4" : 100.000000,
        "8" : 0.000000,
        "16" : 0.000000,
        "32" : 0.000000,
        "64" : 0.000000,
        ">=64" : 0.000000
      },
      "latency_ns" : {
        "2" : 0.000000,
        "4" : 0.000000,
        "10" : 0.000000,
        "20" : 0.000000,
        "50" : 0.000000,
        "100" : 0.000000,
        "250" : 0.000000,
        "500" : 0.000000,
        "750" : 0.010000,
        "1000" : 0.072659
      },
      "latency_us" : {
        "2" : 0.012636,
        "4" : 0.000000,
        "10" : 0.016698,
        "20" : 19.710987,
        "50" : 77.515322,
        "100" : 1.663944,
        "250" : 0.086650,
        "500" : 0.000000,
        "750" : 0.000000,
        "1000" : 0.000000
      },
      "latency_ms" : {
        "2" : 0.000000,
        "4" : 0.000000,
        "10" : 0.384056,
        "20" : 0.535242,
        "50" : 0.000000,
        "100" : 0.010000,
        "250" : 0.000000,
        "500" : 0.000000,
        "750" : 0.000000,
        "1000" : 0.000000,
        "2000" : 0.000000,
        ">=2000" : 0.000000
      },
      "latency_depth" : 1,
      "latency_target" : 0,
      "latency_percentile" : 100.000000,
      "latency_window" : 0
    }
  ],
  "disk_util" : [
    {
      "name" : "vdb",
      "read_ios" : 0,
      "write_ios" : 227849,
      "read_merges" : 0,
      "write_merges" : 0,
      "read_ticks" : 0,
      "write_ticks" : 26708,
      "in_queue" : 520,
      "util" : 1.734143
    }
  ]
}
