{
  "fio version" : "fio-3.13",
  "timestamp" : 1566769180,
  "timestamp_ms" : 1566769180879,
  "time" : "Sun Aug 25 21:39:40 2019",
  "jobs" : [
    {
      "jobname" : "rand-write-4k-qd1",
      "groupid" : 0,
      "error" : 0,
      "eta" : 0,
      "elapsed" : 51,
      "job options" : {
        "bs" : "4k",
        "rw" : "randwrite",
        "direct" : "1",
        "size" : "2G",
        "randrepeat" : "0",
        "ioengine" : "libaio",
        "iodepth" : "1",
        "fsync" : "32",
        "filename" : "/dev/vdb"
      },
      "read" : {
        "io_bytes" : 0,
        "io_kbytes" : 0,
        "bw_bytes" : 0,
        "bw" : 0,
        "iops" : 0.000000,
        "runtime" : 0,
        "total_ios" : 0,
        "short_ios" : 0,
        "drop_ios" : 0,
        "slat_ns" : {
          "min" : 0,
          "max" : 0,
          "mean" : 0.000000,
          "stddev" : 0.000000
        },
        "clat_ns" : {
          "min" : 0,
          "max" : 0,
          "mean" : 0.000000,
          "stddev" : 0.000000,
          "percentile" : {
            "1.000000" : 0,
            "5.000000" : 0,
            "10.000000" : 0,
            "20.000000" : 0,
            "30.000000" : 0,
            "40.000000" : 0,
            "50.000000" : 0,
            "60.000000" : 0,
            "70.000000" : 0,
            "80.000000" : 0,
            "90.000000" : 0,
            "95.000000" : 0,
            "99.000000" : 0,
            "99.500000" : 0,
            "99.900000" : 0,
            "99.950000" : 0,
            "99.990000" : 0
          }
        },
        "lat_ns" : {
          "min" : 0,
          "max" : 0,
          "mean" : 0.000000,
          "stddev" : 0.000000
        },
        "bw_min" : 0,
        "bw_max" : 0,
        "bw_agg" : 0.000000,
        "bw_mean" : 0.000000,
        "bw_dev" : 0.000000,
        "bw_samples" : 0,
        "iops_min" : 0,
        "iops_max" : 0,
        "iops_mean" : 0.000000,
        "iops_stddev" : 0.000000,
        "iops_samples" : 0
      },
      "write" : {
        "io_bytes" : 2147483648,
        "io_kbytes" : 2097152,
        "bw_bytes" : 42714741,
        "bw" : 41713,
        "iops" : 10428.403779,
        "runtime" : 50275,
        "total_ios" : 524288,
        "short_ios" : 0,
        "drop_ios" : 0,
        "slat_ns" : {
          "min" : 3613,
          "max" : 33873,
          "mean" : 4648.898695,
          "stddev" : 1138.330111
        },
        "clat_ns" : {
          "min" : 579,
          "max" : 23439679,
          "mean" : 90020.943830,
          "stddev" : 1079265.449256,
          "percentile" : {
            "1.000000" : 8256,
            "5.000000" : 8384,
            "10.000000" : 8640,
            "20.000000" : 9792,
            "30.000000" : 9920,
            "40.000000" : 10048,
            "50.000000" : 11072,
            "60.000000" : 11456,
            "70.000000" : 11840,
            "80.000000" : 11968,
            "90.000000" : 12096,
            "95.000000" : 12992,
            "99.000000" : 64256,
            "99.500000" : 12779520,
            "99.900000" : 13959168,
            "99.950000" : 21889024,
            "99.990000" : 22675456
          }
        },
        "lat_ns" : {
          "min" : 12308,
          "max" : 23444451,
          "mean" : 94787.161386,
          "stddev" : 1079262.108841
        },
        "bw_min" : 28272,
        "bw_max" : 132992,
        "bw_agg" : 100.000000,
        "bw_mean" : 41777.340000,
        "bw_dev" : 10495.193292,
        "bw_samples" : 100,
        "iops_min" : 7068,
        "iops_max" : 33248,
        "iops_mean" : 10444.300000,
        "iops_stddev" : 2623.790413,
        "iops_samples" : 100
      },
      "trim" : {
        "io_bytes" : 0,
        "io_kbytes" : 0,
        "bw_bytes" : 0,
        "bw" : 0,
        "iops" : 0.000000,
        "runtime" : 0,
        "total_ios" : 0,
        "short_ios" : 0,
        "drop_ios" : 0,
        "slat_ns" : {
          "min" : 0,
          "max" : 0,
          "mean" : 0.000000,
          "stddev" : 0.000000
        },
        "clat_ns" : {
          "min" : 0,
          "max" : 0,
          "mean" : 0.000000,
          "stddev" : 0.000000,
          "percentile" : {
            "1.000000" : 0,
            "5.000000" : 0,
            "10.000000" : 0,
            "20.000000" : 0,
            "30.000000" : 0,
            "40.000000" : 0,
            "50.000000" : 0,
            "60.000000" : 0,
            "70.000000" : 0,
            "80.000000" : 0,
            "90.000000" : 0,
            "95.000000" : 0,
            "99.000000" : 0,
            "99.500000" : 0,
            "99.900000" : 0,
            "99.950000" : 0,
            "99.990000" : 0
          }
        },
        "lat_ns" : {
          "min" : 0,
          "max" : 0,
          "mean" : 0.000000,
          "stddev" : 0.000000
        },
        "bw_min" : 0,
        "bw_max" : 0,
        "bw_agg" : 0.000000,
        "bw_mean" : 0.000000,
        "bw_dev" : 0.000000,
        "bw_samples" : 0,
        "iops_min" : 0,
        "iops_max" : 0,
        "iops_mean" : 0.000000,
        "iops_stddev" : 0.000000,
        "iops_samples" : 0
      },
      "sync" : {
        "lat_ns" : {
          "min" : 34,
          "max" : 10587,
          "mean" : 91.686687,
          "stddev" : 114.164037,
          "percentile" : {
            "1.000000" : 58,
            "5.000000" : 63,
            "10.000000" : 67,
            "20.000000" : 70,
            "30.000000" : 74,
            "40.000000" : 80,
            "50.000000" : 87,
            "60.000000" : 94,
            "70.000000" : 100,
            "80.000000" : 106,
            "90.000000" : 113,
            "95.000000" : 119,
            "99.000000" : 235,
            "99.500000" : 270,
            "99.900000" : 302,
            "99.950000" : 314,
            "99.990000" : 9664
          }
        },
        "total_ios" : 16383
      },
      "job_runtime" : 50274,
      "usr_cpu" : 1.790190,
      "sys_cpu" : 9.122011,
      "ctx" : 540113,
      "majf" : 0,
      "minf" : 13,
      "iodepth_level" : {
        "1" : 103.124809,
        "2" : 0.000000,
        "4" : 0.000000,
        "8" : 0.000000,
        "16" : 0.000000,
        "32" : 0.000000,
        ">=64" : 0.000000
      },
      "iodepth_submit" : {
        "0" : 0.000000,
        "4" : 100.000000,
        "8" : 0.000000,
        "16" : 0.000000,
        "32" : 0.000000,
        "64" : 0.000000,
        ">=64" : 0.000000
      },
      "iodepth_complete" : {
        "0" : 0.000000,
        "4" : 100.000000,
        "8" : 0.000000,
        "16" : 0.000000,
        "32" : 0.000000,
        "64" : 0.000000,
        ">=64" : 0.000000
      },
      "latency_ns" : {
        "2" : 0.000000,
        "4" : 0.000000,
        "10" : 0.000000,
        "20" : 0.000000,
        "50" : 0.000000,
        "100" : 0.000000,
        "250" : 0.000000,
        "500" : 0.000000,
        "750" : 0.097275,
        "1000" : 0.040436
      },
      "latency_us" : {
        "2" : 0.010000,
        "4" : 0.010000,
        "10" : 34.416580,
        "20" : 62.570763,
        "50" : 1.444626,
        "100" : 0.836182,
        "250" : 0.038528,
        "500" : 0.000000,
        "750" : 0.000000,
        "1000" : 0.000000
      },
      "latency_ms" : {
        "2" : 0.000000,
        "4" : 0.000000,
        "10" : 0.011635,
        "20" : 0.474548,
        "50" : 0.063515,
        "100" : 0.000000,
        "250" : 0.000000,
        "500" : 0.000000,
        "750" : 0.000000,
        "1000" : 0.000000,
        "2000" : 0.000000,
        ">=2000" : 0.000000
      },
      "latency_depth" : 1,
      "latency_target" : 0,
      "latency_percentile" : 100.000000,
      "latency_window" : 0
    }
  ],
  "disk_util" : [
    {
      "name" : "vdb",
      "read_ios" : 0,
      "write_ios" : 539778,
      "read_merges" : 0,
      "write_merges" : 0,
      "read_ticks" : 0,
      "write_ticks" : 45612,
      "in_queue" : 1212,
      "util" : 2.413093
    }
  ]
}
