{
  "fio version" : "fio-3.13",
  "timestamp" : 1566768740,
  "timestamp_ms" : 1566768740639,
  "time" : "Sun Aug 25 21:32:20 2019",
  "jobs" : [
    {
      "jobname" : "rand-write-128k",
      "groupid" : 0,
      "error" : 0,
      "eta" : 0,
      "elapsed" : 147,
      "job options" : {
        "bs" : "128k",
        "rw" : "randwrite",
        "direct" : "1",
        "size" : "32G",
        "randrepeat" : "0",
        "ioengine" : "libaio",
        "iodepth" : "32",
        "fsync" : "32",
        "filename" : "/dev/vdb"
      },
      "read" : {
        "io_bytes" : 0,
        "io_kbytes" : 0,
        "bw_bytes" : 0,
        "bw" : 0,
        "iops" : 0.000000,
        "runtime" : 0,
        "total_ios" : 0,
        "short_ios" : 0,
        "drop_ios" : 0,
        "slat_ns" : {
          "min" : 0,
          "max" : 0,
          "mean" : 0.000000,
          "stddev" : 0.000000
        },
        "clat_ns" : {
          "min" : 0,
          "max" : 0,
          "mean" : 0.000000,
          "stddev" : 0.000000,
          "percentile" : {
            "1.000000" : 0,
            "5.000000" : 0,
            "10.000000" : 0,
            "20.000000" : 0,
            "30.000000" : 0,
            "40.000000" : 0,
            "50.000000" : 0,
            "60.000000" : 0,
            "70.000000" : 0,
            "80.000000" : 0,
            "90.000000" : 0,
            "95.000000" : 0,
            "99.000000" : 0,
            "99.500000" : 0,
            "99.900000" : 0,
            "99.950000" : 0,
            "99.990000" : 0
          }
        },
        "lat_ns" : {
          "min" : 0,
          "max" : 0,
          "mean" : 0.000000,
          "stddev" : 0.000000
        },
        "bw_min" : 0,
        "bw_max" : 0,
        "bw_agg" : 0.000000,
        "bw_mean" : 0.000000,
        "bw_dev" : 0.000000,
        "bw_samples" : 0,
        "iops_min" : 0,
        "iops_max" : 0,
        "iops_mean" : 0.000000,
        "iops_stddev" : 0.000000,
        "iops_samples" : 0
      },
      "write" : {
        "io_bytes" : 10737418240,
        "io_kbytes" : 10485760,
        "bw_bytes" : 73447372,
        "bw" : 71725,
        "iops" : 560.358980,
        "runtime" : 146192,
        "total_ios" : 81920,
        "short_ios" : 0,
        "drop_ios" : 0,
        "slat_ns" : {
          "min" : 6814,
          "max" : 216745,
          "mean" : 10531.027649,
          "stddev" : 4677.269065
        },
        "clat_ns" : {
          "min" : 269250,
          "max" : 239965059,
          "mean" : 55425690.431079,
          "stddev" : 38899671.896524,
          "percentile" : {
            "1.000000" : 342016,
            "5.000000" : 987136,
            "10.000000" : 1089536,
            "20.000000" : 23724032,
            "30.000000" : 47448064,
            "40.000000" : 47972352,
            "50.000000" : 52166656,
            "60.000000" : 60030976,
            "70.000000" : 64225280,
            "80.000000" : 71827456,
            "90.000000" : 95944704,
            "95.000000" : 128450560,
            "99.000000" : 191889408,
            "99.500000" : 208666624,
            "99.900000" : 223346688,
            "99.950000" : 240123904,
            "99.990000" : 240123904
          }
        },
        "lat_ns" : {
          "min" : 293579,
          "max" : 239973259,
          "mean" : 55436338.652441,
          "stddev" : 38898838.899700
        },
        "bw_min" : 16351,
        "bw_max" : 1704192,
        "bw_agg" : 99.883626,
        "bw_mean" : 71641.530822,
        "bw_dev" : 102425.679104,
        "bw_samples" : 292,
        "iops_min" : 127,
        "iops_max" : 13314,
        "iops_mean" : 559.654110,
        "iops_stddev" : 800.200941,
        "iops_samples" : 292
      },
      "trim" : {
        "io_bytes" : 0,
        "io_kbytes" : 0,
        "bw_bytes" : 0,
        "bw" : 0,
        "iops" : 0.000000,
        "runtime" : 0,
        "total_ios" : 0,
        "short_ios" : 0,
        "drop_ios" : 0,
        "slat_ns" : {
          "min" : 0,
          "max" : 0,
          "mean" : 0.000000,
          "stddev" : 0.000000
        },
        "clat_ns" : {
          "min" : 0,
          "max" : 0,
          "mean" : 0.000000,
          "stddev" : 0.000000,
          "percentile" : {
            "1.000000" : 0,
            "5.000000" : 0,
            "10.000000" : 0,
            "20.000000" : 0,
            "30.000000" : 0,
            "40.000000" : 0,
            "50.000000" : 0,
            "60.000000" : 0,
            "70.000000" : 0,
            "80.000000" : 0,
            "90.000000" : 0,
            "95.000000" : 0,
            "99.000000" : 0,
            "99.500000" : 0,
            "99.900000" : 0,
            "99.950000" : 0,
            "99.990000" : 0
          }
        },
        "lat_ns" : {
          "min" : 0,
          "max" : 0,
          "mean" : 0.000000,
          "stddev" : 0.000000
        },
        "bw_min" : 0,
        "bw_max" : 0,
        "bw_agg" : 0.000000,
        "bw_mean" : 0.000000,
        "bw_dev" : 0.000000,
        "bw_samples" : 0,
        "iops_min" : 0,
        "iops_max" : 0,
        "iops_mean" : 0.000000,
        "iops_stddev" : 0.000000,
        "iops_samples" : 0
      },
      "sync" : {
        "lat_ns" : {
          "min" : 74,
          "max" : 1158,
          "mean" : 599.757812,
          "stddev" : 174.930438,
          "percentile" : {
            "1.000000" : 217,
            "5.000000" : 223,
            "10.000000" : 258,
            "20.000000" : 498,
            "30.000000" : 564,
            "40.000000" : 604,
            "50.000000" : 692,
            "60.000000" : 708,
            "70.000000" : 708,
            "80.000000" : 716,
            "90.000000" : 716,
            "95.000000" : 756,
            "99.000000" : 940,
            "99.500000" : 980,
            "99.900000" : 1012,
            "99.950000" : 1080,
            "99.990000" : 1160
          }
        },
        "total_ios" : 2560
      },
      "job_runtime" : 146191,
      "usr_cpu" : 0.266774,
      "sys_cpu" : 0.456252,
      "ctx" : 3087,
      "majf" : 0,
      "minf" : 12,
      "iodepth_level" : {
        "1" : 0.100000,
        "2" : 0.100000,
        "4" : 0.100000,
        "8" : 0.100000,
        "16" : 0.100000,
        "32" : 103.087158,
        ">=64" : 0.000000
      },
      "iodepth_submit" : {
        "0" : 0.000000,
        "4" : 100.000000,
        "8" : 0.000000,
        "16" : 0.000000,
        "32" : 0.000000,
        "64" : 0.000000,
        ">=64" : 0.000000
      },
      "iodepth_complete" : {
        "0" : 0.000000,
        "4" : 99.998779,
        "8" : 0.000000,
        "16" : 0.000000,
        "32" : 0.100000,
        "64" : 0.000000,
        ">=64" : 0.000000
      },
      "latency_ns" : {
        "2" : 0.000000,
        "4" : 0.000000,
        "10" : 0.000000,
        "20" : 0.000000,
        "50" : 0.000000,
        "100" : 0.000000,
        "250" : 0.000000,
        "500" : 0.000000,
        "750" : 0.000000,
        "1000" : 0.000000
      },
      "latency_us" : {
        "2" : 0.000000,
        "4" : 0.000000,
        "10" : 0.000000,
        "20" : 0.000000,
        "50" : 0.000000,
        "100" : 0.000000,
        "250" : 0.000000,
        "500" : 2.490234,
        "750" : 0.010000,
        "1000" : 4.182129
      },
      "latency_ms" : {
        "2" : 5.190430,
        "4" : 0.000000,
        "10" : 0.010000,
        "20" : 6.875000,
        "50" : 30.205078,
        "100" : 43.101807,
        "250" : 7.946777,
        "500" : 0.000000,
        "750" : 0.000000,
        "1000" : 0.000000,
        "2000" : 0.000000,
        ">=2000" : 0.000000
      },
      "latency_depth" : 32,
      "latency_target" : 0,
      "latency_percentile" : 100.000000,
      "latency_window" : 0
    }
  ],
  "disk_util" : [
    {
      "name" : "vdb",
      "read_ios" : 0,
      "write_ios" : 89567,
      "read_merges" : 0,
      "write_merges" : 0,
      "read_ticks" : 0,