{
  "fio version" : "fio-3.13",
  "timestamp" : 1566768811,
  "timestamp_ms" : 1566768811750,
  "time" : "Sun Aug 25 21:33:31 2019",
  "jobs" : [
    {
      "jobname" : "rand-write-128k-qd1",
      "groupid" : 0,
      "error" : 0,
      "eta" : 0,
      "elapsed" : 71,
      "job options" : {
        "bs" : "128k",
        "rw" : "randwrite",
        "direct" : "1",
        "size" : "6G",
        "randrepeat" : "0",
        "ioengine" : "libaio",
        "iodepth" : "1",
        "fsync" : "32",
        "filename" : "/dev/vdb"
      },
      "read" : {
        "io_bytes" : 0,
        "io_kbytes" : 0,
        "bw_bytes" : 0,
        "bw" : 0,
        "iops" : 0.000000,
        "runtime" : 0,
        "total_ios" : 0,
        "short_ios" : 0,
        "drop_ios" : 0,
        "slat_ns" : {
          "min" : 0,
          "max" : 0,
          "mean" : 0.000000,
          "stddev" : 0.000000
        },
        "clat_ns" : {
          "min" : 0,
          "max" : 0,
          "mean" : 0.000000,
          "stddev" : 0.000000,
          "percentile" : {
            "1.000000" : 0,
            "5.000000" : 0,
            "10.000000" : 0,
            "20.000000" : 0,
            "30.000000" : 0,
            "40.000000" : 0,
            "50.000000" : 0,
            "60.000000" : 0,
            "70.000000" : 0,
            "80.000000" : 0,
            "90.000000" : 0,
            "95.000000" : 0,
            "99.000000" : 0,
            "99.500000" : 0,
            "99.900000" : 0,
            "99.950000" : 0,
            "99.990000" : 0
          }
        },
        "lat_ns" : {
          "min" : 0,
          "max" : 0,
          "mean" : 0.000000,
          "stddev" : 0.000000
        },
        "bw_min" : 0,
        "bw_max" : 0,
        "bw_agg" : 0.000000,
        "bw_mean" : 0.000000,
        "bw_dev" : 0.000000,
        "bw_samples" : 0,
        "iops_min" : 0,
        "iops_max" : 0,
        "iops_mean" : 0.000000,
        "iops_stddev" : 0.000000,
        "iops_samples" : 0
      },
      "write" : {
        "io_bytes" : 6442450944,
        "io_kbytes" : 6291456,
        "bw_bytes" : 91630530,
        "bw" : 89482,
        "iops" : 699.085466,
        "runtime" : 70309,
        "total_ios" : 49152,
        "short_ios" : 0,
        "drop_ios" : 0,
        "slat_ns" : {
          "min" : 11634,
          "max" : 79674,
          "mean" : 16354.828613,
          "stddev" : 4679.124462
        },
        "clat_ns" : {
          "min" : 17433,
          "max" : 278333537,
          "mean" : 1410963.811564,
          "stddev" : 5316199.921077,
          "percentile" : {
            "1.000000" : 46848,
            "5.000000" : 49408,
            "10.000000" : 50944,
            "20.000000" : 51968,
            "30.000000" : 52992,
            "40.000000" : 54016,
            "50.000000" : 62720,
            "60.000000" : 72192,
            "70.000000" : 89600,
            "80.000000" : 111104,
            "90.000000" : 144384,
            "95.000000" : 15138816,
            "99.000000" : 22675456,
            "99.500000" : 22937600,
            "99.900000" : 26607616,
            "99.950000" : 26607616,
            "99.990000" : 120061952
          }
        },
        "lat_ns" : {
          "min" : 58292,
          "max" : 278357455,
          "mean" : 1427519.372518,
          "stddev" : 5315532.337717
        },
        "bw_min" : 63488,
        "bw_max" : 273152,
        "bw_agg" : 99.978248,
        "bw_mean" : 89462.535714,
        "bw_dev" : 19979.105288,
        "bw_samples" : 140,
        "iops_min" : 496,
        "iops_max" : 2134,
        "iops_mean" : 698.914286,
        "iops_stddev" : 156.084901,
        "iops_samples" : 140
      },
      "trim" : {
        "io_bytes" : 0,
        "io_kbytes" : 0,
        "bw_bytes" : 0,
        "bw" : 0,
        "iops" : 0.000000,
        "runtime" : 0,
        "total_ios" : 0,
        "short_ios" : 0,
        "drop_ios" : 0,
        "slat_ns" : {
          "min" : 0,
          "max" : 0,
          "mean" : 0.000000,
          "stddev" : 0.000000
        },
        "clat_ns" : {
          "min" : 0,
          "max" : 0,
          "mean" : 0.000000,
          "stddev" : 0.000000,
          "percentile" : {
            "1.000000" : 0,
            "5.000000" : 0,
            "10.000000" : 0,
            "20.000000" : 0,
            "30.000000" : 0,
            "40.000000" : 0,
            "50.000000" : 0,
            "60.000000" : 0,
            "70.000000" : 0,
            "80.000000" : 0,
            "90.000000" : 0,
            "95.000000" : 0,
            "99.000000" : 0,
            "99.500000" : 0,
            "99.900000" : 0,
            "99.950000" : 0,
            "99.990000" : 0
          }
        },
        "lat_ns" : {
          "min" : 0,
          "max" : 0,
          "mean" : 0.000000,
          "stddev" : 0.000000
        },
        "bw_min" : 0,
        "bw_max" : 0,
        "bw_agg" : 0.000000,
        "bw_mean" : 0.000000,
        "bw_dev" : 0.000000,
        "bw_samples" : 0,
        "iops_min" : 0,
        "iops_max" : 0,
        "iops_mean" : 0.000000,
        "iops_stddev" : 0.000000,
        "iops_samples" : 0
      },
      "sync" : {
        "lat_ns" : {
          "min" : 86,
          "max" : 593,
          "mean" : 183.734853,
          "stddev" : 59.919976,
          "percentile" : {
            "1.000000" : 107,
            "5.000000" : 120,
            "10.000000" : 125,
            "20.000000" : 133,
            "30.000000" : 137,
            "40.000000" : 143,
            "50.000000" : 153,
            "60.000000" : 207,
            "70.000000" : 221,
            "80.000000" : 249,
            "90.000000" : 266,
            "95.000000" : 282,
            "99.000000" : 334,
            "99.500000" : 350,
            "99.900000" : 478,
            "99.950000" : 596,
            "99.990000" : 596
          }
        },
        "total_ios" : 1535
      },
      "job_runtime" : 70308,
      "usr_cpu" : 0.500654,
      "sys_cpu" : 1.622859,
      "ctx" : 50696,
      "majf" : 0,
      "minf" : 12,
      "iodepth_level" : {
        "1" : 103.122965,
        "2" : 0.000000,
        "4" : 0.000000,
        "8" : 0.000000,
        "16" : 0.000000,
        "32" : 0.000000,
        ">=64" : 0.000000
      },
      "iodepth_submit" : {
        "0" : 0.000000,
        "4" : 100.000000,
        "8" : 0.000000,
        "16" : 0.000000,
        "32" : 0.000000,
        "64" : 0.000000,
        ">=64" : 0.000000
      },
      "iodepth_complete" : {
        "0" : 0.000000,
        "4" : 100.000000,
        "8" : 0.000000,
        "16" : 0.000000,
        "32" : 0.000000,
        "64" : 0.000000,
        ">=64" : 0.000000
      },
      "latency_ns" : {
        "2" : 0.000000,
        "4" : 0.000000,
        "10" : 0.000000,
        "20" : 0.000000,
        "50" : 0.000000,
        "100" : 0.000000,
        "250" : 0.000000,
        "500" : 0.000000,
        "750" : 0.000000,
        "1000" : 0.000000
      },
      "latency_us" : {
        "2" : 0.000000,
        "4" : 0.000000,
        "10" : 0.000000,
        "20" : 0.010000,
        "50" : 5.987549,
        "100" : 67.102051,
        "250" : 19.663493,
        "500" : 0.010000,
        "750" : 0.000000,
        "1000" : 0.000000
      },
      "latency_ms" : {
        "2" : 0.000000,
        "4" : 0.000000,
        "10" : 0.010000,
        "20" : 3.924561,
        "50" : 3.289795,
        "100" : 0.010000,
        "250" : 0.014242,
        "500" : 0.010000,
        "750" : 0.000000,
        "1000" : 0.000000,
        "2000" : 0.000000,
        ">=2000" : 0.000000
      },
      "latency_depth" : 1,
      "latency_target" : 0,
      "latency_percentile" : 100.000000,
      "latency_window" : 0
    }
  ],
  "disk_util" : [
    {
      "name" : "vdb",
      "read_ios" : 0,
      "write_ios" : 197619,
      "read_merges" : 0,
      "write_merges" : 0,
      "read_ticks" : 0,
      "write_ticks" : 278532,
      "in_queue" : 212120,