{
  "fio version" : "fio-3.13",
  "timestamp" : 1567273738,
  "timestamp_ms" : 1567273738276,
  "time" : "Sat Aug 31 17:48:58 2019",
  "jobs" : [
    {
      "jobname" : "rand-read-128k",
      "groupid" : 0,
      "error" : 0,
      "eta" : 0,
      "elapsed" : 31,
      "job options" : {
        "runtime" : "30",
        "bs" : "128k",
        "rw" : "randread",
        "direct" : "1",
        "randrepeat" : "0",
        "ioengine" : "libaio",
        "iodepth" : "32",
        "filename" : "/dev/vdb"
      },
      "read" : {
        "io_bytes" : 981336064,
        "io_kbytes" : 958336,
        "bw_bytes" : 32419427,
        "bw" : 31659,
        "iops" : 247.340601,
        "runtime" : 30270,
        "total_ios" : 7487,
        "short_ios" : 0,
        "drop_ios" : 0,
        "slat_ns" : {
          "min" : 3525,
          "max" : 542997,
          "mean" : 9176.387338,
          "stddev" : 8275.938179
        },
        "clat_ns" : {
          "min" : 29425,
          "max" : 750205735,
          "mean" : 129320524.766929,
          "stddev" : 150078289.388706,
          "percentile" : {
            "1.000000" : 35584,
            "5.000000" : 38656,
            "10.000000" : 41216,
            "20.000000" : 44800,
            "30.000000" : 48384,
            "40.000000" : 70144,
            "50.000000" : 93696,
            "60.000000" : 173015040,
            "70.000000" : 242221056,
            "80.000000" : 274726912,
            "90.000000" : 325058560,
            "95.000000" : 387973120,
            "99.000000" : 522190848,
            "99.500000" : 566231040,
            "99.900000" : 675282944,
            "99.950000" : 700448768,
            "99.990000" : 750780416
          }
        },
        "lat_ns" : {
          "min" : 39957,
          "max" : 750211934,
          "mean" : 129330134.102711,
          "stddev" : 150078221.247761
        },
        "bw_min" : 18176,
        "bw_max" : 40704,
        "bw_agg" : 100.000000,
        "bw_mean" : 31807.216667,
        "bw_dev" : 4097.685924,
        "bw_samples" : 60,
        "iops_min" : 142,
        "iops_max" : 318,
        "iops_mean" : 248.450000,
        "iops_stddev" : 32.034105,
        "iops_samples" : 60
      },
      "write" : {
        "io_bytes" : 0,
        "io_kbytes" : 0,
        "bw_bytes" : 0,
        "bw" : 0,
        "iops" : 0.000000,
        "runtime" : 0,
        "total_ios" : 0,
        "short_ios" : 0,
        "drop_ios" : 0,
        "slat_ns" : {
          "min" : 0,
          "max" : 0,
          "mean" : 0.000000,
          "stddev" : 0.000000
        },
        "clat_ns" : {
          "min" : 0,
          "max" : 0,
          "mean" : 0.000000,
          "stddev" : 0.000000,
          "percentile" : {
            "1.000000" : 0,
            "5.000000" : 0,
            "10.000000" : 0,
            "20.000000" : 0,
            "30.000000" : 0,
            "40.000000" : 0,
            "50.000000" : 0,
            "60.000000" : 0,
            "70.000000" : 0,
            "80.000000" : 0,
            "90.000000" : 0,
            "95.000000" : 0,
            "99.000000" : 0,
            "99.500000" : 0,
            "99.900000" : 0,
            "99.950000" : 0,
            "99.990000" : 0
          }
        },
        "lat_ns" : {
          "min" : 0,
          "max" : 0,
          "mean" : 0.000000,
          "stddev" : 0.000000
        },
        "bw_min" : 0,
        "bw_max" : 0,
        "bw_agg" : 0.000000,
        "bw_mean" : 0.000000,
        "bw_dev" : 0.000000,
        "bw_samples" : 0,
        "iops_min" : 0,
        "iops_max" : 0,
        "iops_mean" : 0.000000,
        "iops_stddev" : 0.000000,
        "iops_samples" : 0
      },
      "trim" : {
        "io_bytes" : 0,
        "io_kbytes" : 0,
        "bw_bytes" : 0,
        "bw" : 0,
        "iops" : 0.000000,
        "runtime" : 0,
        "total_ios" : 0,
        "short_ios" : 0,
        "drop_ios" : 0,
        "slat_ns" : {
          "min" : 0,
          "max" : 0,
          "mean" : 0.000000,
          "stddev" : 0.000000
        },
        "clat_ns" : {
          "min" : 0,
          "max" : 0,
          "mean" : 0.000000,
          "stddev" : 0.000000,
          "percentile" : {
            "1.000000" : 0,
            "5.000000" : 0,
            "10.000000" : 0,
            "20.000000" : 0,
            "30.000000" : 0,
            "40.000000" : 0,
            "50.000000" : 0,
            "60.000000" : 0,
            "70.000000" : 0,
            "80.000000" : 0,
            "90.000000" : 0,
            "95.000000" : 0,
            "99.000000" : 0,
            "99.500000" : 0,
            "99.900000" : 0,
            "99.950000" : 0,
            "99.990000" : 0
          }
        },
        "lat_ns" : {
          "min" : 0,
          "max" : 0,
          "mean" : 0.000000,
          "stddev" : 0.000000
        },
        "bw_min" : 0,
        "bw_max" : 0,
        "bw_agg" : 0.000000,
        "bw_mean" : 0.000000,
        "bw_dev" : 0.000000,
        "bw_samples" : 0,
        "iops_min" : 0,
        "iops_max" : 0,
        "iops_mean" : 0.000000,
        "iops_stddev" : 0.000000,
        "iops_samples" : 0
      },
      "sync" : {
        "lat_ns" : {
          "min" : 0,
          "max" : 0,
          "mean" : 0.000000,
          "stddev" : 0.000000,
          "percentile" : {
            "1.000000" : 0,
            "5.000000" : 0,
            "10.000000" : 0,
            "20.000000" : 0,
            "30.000000" : 0,
            "40.000000" : 0,
            "50.000000" : 0,
            "60.000000" : 0,
            "70.000000" : 0,
            "80.000000" : 0,
            "90.000000" : 0,
            "95.000000" : 0,
            "99.000000" : 0,
            "99.500000" : 0,
            "99.900000" : 0,
            "99.950000" : 0,
            "99.990000" : 0
          }
        },
        "total_ios" : 0
      },
      "job_runtime" : 30269,
      "usr_cpu" : 0.118934,
      "sys_cpu" : 0.294030,
      "ctx" : 7505,
      "majf" : 0,
      "minf" : 1035,
      "iodepth_level" : {
        "1" : 0.100000,
        "2" : 0.100000,
        "4" : 0.100000,
        "8" : 0.106852,
        "16" : 0.213704,
        "32" : 99.585949,
        ">=64" : 0.000000
      },
      "iodepth_submit" : {
        "0" : 0.000000,
        "4" : 100.000000,
        "8" : 0.000000,
        "16" : 0.000000,
        "32" : 0.000000,
        "64" : 0.000000,
        ">=64" : 0.000000
      },
      "iodepth_complete" : {
        "0" : 0.000000,
        "4" : 99.986590,
        "8" : 0.000000,
        "16" : 0.000000,
        "32" : 0.100000,
        "64" : 0.000000,
        ">=64" : 0.000000
      },
      "latency_ns" : {
        "2" : 0.000000,
        "4" : 0.000000,
        "10" : 0.000000,
        "20" : 0.000000,
        "50" : 0.000000,
        "100" : 0.000000,
        "250" : 0.000000,
        "500" : 0.000000,
        "750" : 0.000000,
        "1000" : 0.000000
      },
      "latency_us" : {
        "2" : 0.000000,
        "4" : 0.000000,
        "10" : 0.000000,
        "20" : 0.000000,
        "50" : 31.801790,
        "100" : 19.366903,
        "250" : 0.427408,
        "500" : 0.013356,
        "750" : 0.040069,
        "1000" : 0.040069
      },
      "latency_ms" : {
        "2" : 0.146921,
        "4" : 0.000000,
        "10" : 0.013356,
        "20" : 0.013356,
        "50" : 0.053426,
        "100" : 0.173634,
        "250" : 19.941231,
        "500" : 26.579404,
        "750" : 1.375718,
        "1000" : 0.013356,
        "2000" : 0.000000,
        ">=2000" : 0.000000
      },
      "latency_depth" : 32,
      "latency_target" : 0,
      "latency_percentile" : 100.000000,
      "latency_window" : 0
    }
  ],
  "disk_util" : [
    {
      "name" : "vdb",
      "read_ios" : 7474,
      "write_ios" : 0,
      "read_merges" : 0,
      "write_merges" : 0,
      "read_ticks" : 960564,
      "write_ticks" : 0,
      "in_queue" : 933872,
      "util" : 99.712292
    }
  ]
}
