{
  "fio version" : "fio-3.13",
  "timestamp" : 1567273830,
  "timestamp_ms" : 1567273830599,
  "time" : "Sat Aug 31 17:50:30 2019",
  "jobs" : [
    {
      "jobname" : "rand-write-128k-qd1",
      "groupid" : 0,
      "error" : 0,
      "eta" : 0,
      "elapsed" : 31,
      "job options" : {
        "runtime" : "30",
        "bs" : "128k",
        "rw" : "randwrite",
        "direct" : "1",
        "randrepeat" : "0",
        "ioengine" : "libaio",
        "iodepth" : "1",
        "fsync" : "32",
        "filename" : "/dev/vdb"
      },
      "read" : {
        "io_bytes" : 0,
        "io_kbytes" : 0,
        "bw_bytes" : 0,
        "bw" : 0,
        "iops" : 0.000000,
        "runtime" : 0,
        "total_ios" : 0,
        "short_ios" : 0,
        "drop_ios" : 0,
        "slat_ns" : {
          "min" : 0,
          "max" : 0,
          "mean" : 0.000000,
          "stddev" : 0.000000
        },
        "clat_ns" : {
          "min" : 0,
          "max" : 0,
          "mean" : 0.000000,
          "stddev" : 0.000000,
          "percentile" : {
            "1.000000" : 0,
            "5.000000" : 0,
            "10.000000" : 0,
            "20.000000" : 0,
            "30.000000" : 0,
            "40.000000" : 0,
            "50.000000" : 0,
            "60.000000" : 0,
            "70.000000" : 0,
            "80.000000" : 0,
            "90.000000" : 0,
            "95.000000" : 0,
            "99.000000" : 0,
            "99.500000" : 0,
            "99.900000" : 0,
            "99.950000" : 0,
            "99.990000" : 0
          }
        },
        "lat_ns" : {
          "min" : 0,
          "max" : 0,
          "mean" : 0.000000,
          "stddev" : 0.000000
        },
        "bw_min" : 0,
        "bw_max" : 0,
        "bw_agg" : 0.000000,
        "bw_mean" : 0.000000,
        "bw_dev" : 0.000000,
        "bw_samples" : 0,
        "iops_min" : 0,
        "iops_max" : 0,
        "iops_mean" : 0.000000,
        "iops_stddev" : 0.000000,
        "iops_samples" : 0
      },
      "write" : {
        "io_bytes" : 734003200,
        "io_kbytes" : 716800,
        "bw_bytes" : 24329715,
        "bw" : 23759,
        "iops" : 185.621002,
        "runtime" : 30169,
        "total_ios" : 5600,
        "short_ios" : 0,
        "drop_ios" : 0,
        "slat_ns" : {
          "min" : 6280,
          "max" : 26795,
          "mean" : 8207.807321,
          "stddev" : 2134.187500
        },
        "clat_ns" : {
          "min" : 30344,
          "max" : 359897,
          "mean" : 54368.807500,
          "stddev" : 16772.776610,
          "percentile" : {
            "1.000000" : 44288,
            "5.000000" : 44800,
            "10.000000" : 45312,
            "20.000000" : 45824,
            "30.000000" : 46336,
            "40.000000" : 47360,
            "50.000000" : 48896,
            "60.000000" : 50432,
            "70.000000" : 51968,
            "80.000000" : 54016,
            "90.000000" : 72192,
            "95.000000" : 91648,
            "99.000000" : 129536,
            "99.500000" : 132096,
            "99.900000" : 138240,
            "99.950000" : 158720,
            "99.990000" : 358400
          }
        },
        "lat_ns" : {
          "min" : 50561,
          "max" : 373699,
          "mean" : 62979.371786,
          "stddev" : 18314.145409
        },
        "bw_min" : 16384,
        "bw_max" : 24576,
        "bw_agg" : 100.000000,
        "bw_mean" : 23890.833333,
        "bw_dev" : 2282.522461,
        "bw_samples" : 60,
        "iops_min" : 128,
        "iops_max" : 192,
        "iops_mean" : 186.616667,
        "iops_stddev" : 17.824085,
        "iops_samples" : 60
      },
      "trim" : {
        "io_bytes" : 0,
        "io_kbytes" : 0,
        "bw_bytes" : 0,
        "bw" : 0,
        "iops" : 0.000000,
        "runtime" : 0,
        "total_ios" : 0,
        "short_ios" : 0,
        "drop_ios" : 0,
        "slat_ns" : {
          "min" : 0,
          "max" : 0,
          "mean" : 0.000000,
          "stddev" : 0.000000
        },
        "clat_ns" : {
          "min" : 0,
          "max" : 0,
          "mean" : 0.000000,
          "stddev" : 0.000000,
          "percentile" : {
            "1.000000" : 0,
            "5.000000" : 0,
            "10.000000" : 0,
            "20.000000" : 0,
            "30.000000" : 0,
            "40.000000" : 0,
            "50.000000" : 0,
            "60.000000" : 0,
            "70.000000" : 0,
            "80.000000" : 0,
            "90.000000" : 0,
            "95.000000" : 0,
            "99.000000" : 0,
            "99.500000" : 0,
            "99.900000" : 0,
            "99.950000" : 0,
            "99.990000" : 0
          }
        },
        "lat_ns" : {
          "min" : 0,
          "max" : 0,
          "mean" : 0.000000,
          "stddev" : 0.000000
        },
        "bw_min" : 0,
        "bw_max" : 0,
        "bw_agg" : 0.000000,
        "bw_mean" : 0.000000,
        "bw_dev" : 0.000000,
        "bw_samples" : 0,
        "iops_min" : 0,
        "iops_max" : 0,
        "iops_mean" : 0.000000,
        "iops_stddev" : 0.000000,
        "iops_samples" : 0
      },
      "sync" : {
        "lat_ns" : {
          "min" : 565,
          "max" : 695,
          "mean" : 615.965714,
          "stddev" : 15.452894,
          "percentile" : {
            "1.000000" : 580,
            "5.000000" : 596,
            "10.000000" : 604,
            "20.000000" : 604,
            "30.000000" : 612,
            "40.000000" : 612,
            "50.000000" : 612,
            "60.000000" : 620,
            "70.000000" : 620,
            "80.000000" : 628,
            "90.000000" : 636,
            "95.000000" : 644,
            "99.000000" : 652,
            "99.500000" : 692,
            "99.900000" : 692,
            "99.950000" : 692,
            "99.990000" : 692
          }
        },
        "total_ios" : 175
      },
      "job_runtime" : 30168,
      "usr_cpu" : 0.076240,
      "sys_cpu" : 0.172368,
      "ctx" : 5784,
      "majf" : 0,
      "minf" : 10,
      "iodepth_level" : {
        "1" : 103.125000,
        "2" : 0.000000,
        "4" : 0.000000,
        "8" : 0.000000,
        "16" : 0.000000,
        "32" : 0.000000,
        ">=64" : 0.000000
      },
      "iodepth_submit" : {
        "0" : 0.000000,
        "4" : 100.000000,
        "8" : 0.000000,
        "16" : 0.000000,
        "32" : 0.000000,
        "64" : 0.000000,
        ">=64" : 0.000000
      },
      "iodepth_complete" : {
        "0" : 0.000000,
        "4" : 100.000000,
        "8" : 0.000000,
        "16" : 0.000000,
        "32" : 0.000000,
        "64" : 0.000000,
        ">=64" : 0.000000
      },
      "latency_ns" : {
        "2" : 0.000000,
        "4" : 0.000000,
        "10" : 0.000000,
        "20" : 0.000000,
        "50" : 0.000000,
        "100" : 0.000000,
        "250" : 0.000000,
        "500" : 0.000000,
        "750" : 0.000000,
        "1000" : 0.000000
      },
      "latency_us" : {
        "2" : 0.000000,
        "4" : 0.000000,
        "10" : 0.000000,
        "20" : 0.000000,
        "50" : 55.500000,
        "100" : 41.035714,
        "250" : 3.446429,
        "500" : 0.017857,
        "750" : 0.000000,
        "1000" : 0.000000
      },
      "latency_ms" : {
        "2" : 0.000000,
        "4" : 0.000000,
        "10" : 0.000000,
        "20" : 0.000000,
        "50" : 0.000000,
        "100" : 0.000000,
        "250" : 0.000000,
        "500" : 0.000000,
        "750" : 0.000000,
        "1000" : 0.000000,
        "2000" : 0.000000,
        ">=2000" : 0.000000
      },
      "latency_depth" : 1,
      "latency_target" : 0,
      "latency_percentile" : 100.000000,
      "latency_window" : 0
    }
  ],
  "disk_util" : [
    {
      "name" : "vdb",
      "read_ios" : 0,
      "write_ios" : 5774,
      "read_merges" : 0,
      "write_merges" : 0,
      "read_ticks" : 0,
      "write_ticks" : 29888,
      "in_queue" : 0,
      "util" : 0.000000
    }
  ]
}
