{
  "fio version" : "fio-3.13",
  "timestamp" : 1566768587,
  "timestamp_ms" : 1566768587972,
  "time" : "Sun Aug 25 21:29:47 2019",
  "jobs" : [
    {
      "jobname" : "rand-write-4k-qd1",
      "groupid" : 0,
      "error" : 0,
      "eta" : 0,
      "elapsed" : 50,
      "job options" : {
        "bs" : "4k",
        "rw" : "randwrite",
        "direct" : "1",
        "size" : "2G",
        "randrepeat" : "0",
        "ioengine" : "libaio",
        "iodepth" : "1",
        "fsync" : "32",
        "filename" : "/dev/vdb"
      },
      "read" : {
        "io_bytes" : 0,
        "io_kbytes" : 0,
        "bw_bytes" : 0,
        "bw" : 0,
        "iops" : 0.000000,
        "runtime" : 0,
        "total_ios" : 0,
        "short_ios" : 0,
        "drop_ios" : 0,
        "slat_ns" : {
          "min" : 0,
          "max" : 0,
          "mean" : 0.000000,
          "stddev" : 0.000000
        },
        "clat_ns" : {
          "min" : 0,
          "max" : 0,
          "mean" : 0.000000,
          "stddev" : 0.000000,
          "percentile" : {
            "1.000000" : 0,
            "5.000000" : 0,
            "10.000000" : 0,
            "20.000000" : 0,
            "30.000000" : 0,
            "40.000000" : 0,
            "50.000000" : 0,
            "60.000000" : 0,
            "70.000000" : 0,
            "80.000000" : 0,
            "90.000000" : 0,
            "95.000000" : 0,
            "99.000000" : 0,
            "99.500000" : 0,
            "99.900000" : 0,
            "99.950000" : 0,
            "99.990000" : 0
          }
        },
        "lat_ns" : {
          "min" : 0,
          "max" : 0,
          "mean" : 0.000000,
          "stddev" : 0.000000
        },
        "bw_min" : 0,
        "bw_max" : 0,
        "bw_agg" : 0.000000,
        "bw_mean" : 0.000000,
        "bw_dev" : 0.000000,
        "bw_samples" : 0,
        "iops_min" : 0,
        "iops_max" : 0,
        "iops_mean" : 0.000000,
        "iops_stddev" : 0.000000,
        "iops_samples" : 0
      },
      "write" : {
        "io_bytes" : 2147483648,
        "io_kbytes" : 2097152,
        "bw_bytes" : 43563040,
        "bw" : 42542,
        "iops" : 10635.507952,
        "runtime" : 49296,
        "total_ios" : 524288,
        "short_ios" : 0,
        "drop_ios" : 0,
        "slat_ns" : {
          "min" : 6577,
          "max" : 1560564,
          "mean" : 7592.377083,
          "stddev" : 2660.860081
        },
        "clat_ns" : {
          "min" : 720,
          "max" : 24956307,
          "mean" : 84529.596100,
          "stddev" : 931576.056861,
          "percentile" : {
            "1.000000" : 19584,
            "5.000000" : 19584,
            "10.000000" : 19840,
            "20.000000" : 20096,
            "30.000000" : 20608,
            "40.000000" : 21120,
            "50.000000" : 21376,
            "60.000000" : 21632,
            "70.000000" : 22400,
            "80.000000" : 24960,
            "90.000000" : 25984,
            "95.000000" : 27008,
            "99.000000" : 73216,
            "99.500000" : 101888,
            "99.900000" : 16580608,
            "99.950000" : 20840448,
            "99.990000" : 21889024
          }
        },
        "lat_ns" : {
          "min" : 23458,
          "max" : 24963386,
          "mean" : 92260.994411,
          "stddev" : 931570.994861
        },
        "bw_min" : 30176,
        "bw_max" : 130480,
        "bw_agg" : 100.000000,
        "bw_mean" : 42559.091837,
        "bw_dev" : 10467.738457,
        "bw_samples" : 98,
        "iops_min" : 7544,
        "iops_max" : 32620,
        "iops_mean" : 10639.755102,
        "iops_stddev" : 2616.930779,
        "iops_samples" : 98
      },
      "trim" : {
        "io_bytes" : 0,
        "io_kbytes" : 0,
        "bw_bytes" : 0,
        "bw" : 0,
        "iops" : 0.000000,
        "runtime" : 0,
        "total_ios" : 0,
        "short_ios" : 0,
        "drop_ios" : 0,
        "slat_ns" : {
          "min" : 0,
          "max" : 0,
          "mean" : 0.000000,
          "stddev" : 0.000000
        },
        "clat_ns" : {
          "min" : 0,
          "max" : 0,
          "mean" : 0.000000,
          "stddev" : 0.000000,
          "percentile" : {
            "1.000000" : 0,
            "5.000000" : 0,
            "10.000000" : 0,
            "20.000000" : 0,
            "30.000000" : 0,
            "40.000000" : 0,
            "50.000000" : 0,
            "60.000000" : 0,
            "70.000000" : 0,
            "80.000000" : 0,
            "90.000000" : 0,
            "95.000000" : 0,
            "99.000000" : 0,
            "99.500000" : 0,
            "99.900000" : 0,
            "99.950000" : 0,
            "99.990000" : 0
          }
        },
        "lat_ns" : {
          "min" : 0,
          "max" : 0,
          "mean" : 0.000000,
          "stddev" : 0.000000
        },
        "bw_min" : 0,
        "bw_max" : 0,
        "bw_agg" : 0.000000,
        "bw_mean" : 0.000000,
        "bw_dev" : 0.000000,
        "bw_samples" : 0,
        "iops_min" : 0,
        "iops_max" : 0,
        "iops_mean" : 0.000000,
        "iops_stddev" : 0.000000,
        "iops_samples" : 0
      },
      "sync" : {
        "lat_ns" : {
          "min" : 27,
          "max" : 7637,
          "mean" : 152.607276,
          "stddev" : 85.010149,
          "percentile" : {
            "1.000000" : 80,
            "5.000000" : 86,
            "10.000000" : 89,
            "20.000000" : 94,
            "30.000000" : 100,
            "40.000000" : 108,
            "50.000000" : 117,
            "60.000000" : 199,
            "70.000000" : 213,
            "80.000000" : 223,
            "90.000000" : 233,
            "95.000000" : 243,
            "99.000000" : 262,
            "99.500000" : 274,
            "99.900000" : 302,
            "99.950000" : 310,
            "99.990000" : 322
          }
        },
        "total_ios" : 16383
      },
      "job_runtime" : 49295,
      "usr_cpu" : 3.176793,
      "sys_cpu" : 11.812557,
      "ctx" : 540687,
      "majf" : 0,
      "minf" : 12,
      "iodepth_level" : {
        "1" : 103.124809,
        "2" : 0.000000,
        "4" : 0.000000,
        "8" : 0.000000,
        "16" : 0.000000,
        "32" : 0.000000,
        ">=64" : 0.000000
      },
      "iodepth_submit" : {
        "0" : 0.000000,
        "4" : 100.000000,
        "8" : 0.000000,
        "16" : 0.000000,
        "32" : 0.000000,
        "64" : 0.000000,
        ">=64" : 0.000000
      },
      "iodepth_complete" : {
        "0" : 0.000000,
        "4" : 100.000000,
        "8" : 0.000000,
        "16" : 0.000000,
        "32" : 0.000000,
        "64" : 0.000000,
        ">=64" : 0.000000
      },
      "latency_ns" : {
        "2" : 0.000000,
        "4" : 0.000000,
        "10" : 0.000000,
        "20" : 0.000000,
        "50" : 0.000000,
        "100" : 0.000000,
        "250" : 0.000000,
        "500" : 0.000000,
        "750" : 0.010000,
        "1000" : 0.078773
      },
      "latency_us" : {
        "2" : 0.016212,
        "4" : 0.000000,
        "10" : 0.015450,
        "20" : 15.744019,
        "50" : 82.822227,
        "100" : 0.806427,
        "250" : 0.037193,
        "500" : 0.010000,
        "750" : 0.000000,
        "1000" : 0.000000
      },
      "latency_ms" : {
        "2" : 0.010000,
        "4" : 0.010000,
        "10" : 0.030136,
        "20" : 0.382423,
        "50" : 0.065422,
        "100" : 0.000000,
        "250" : 0.000000,
        "500" : 0.000000,
        "750" : 0.000000,
        "1000" : 0.000000,
        "2000" : 0.000000,
        ">=2000" : 0.000000
      },
      "latency_depth" : 1,
      "latency_target" : 0,
      "latency_percentile" : 100.000000,
      "latency_window" : 0
    }
  ],
  "disk_util" : [
    {
      "name" : "vdb",
      "read_ios" : 0,
      "write_ios" : 538876,
      "read_merges" : 0,
      "write_merges" : 0,
      "read_ticks" : 0,
      "write_ticks" : 40912,
      "in_queue" : 836,
      "util" : 1.698290
    }
  ]
}
