{
  "fio version" : "fio-3.13",
  "timestamp" : 1567274158,
  "timestamp_ms" : 1567274158180,
  "time" : "Sat Aug 31 17:55:58 2019",
  "jobs" : [
    {
      "jobname" : "rand-write-128k-qd1",
      "groupid" : 0,
      "error" : 0,
      "eta" : 0,
      "elapsed" : 31,
      "job options" : {
        "runtime" : "30",
        "bs" : "128k",
        "rw" : "randwrite",
        "direct" : "1",
        "randrepeat" : "0",
        "ioengine" : "libaio",
        "iodepth" : "1",
        "fsync" : "32",
        "filename" : "/dev/vdb"
      },
      "read" : {
        "io_bytes" : 0,
        "io_kbytes" : 0,
        "bw_bytes" : 0,
        "bw" : 0,
        "iops" : 0.000000,
        "runtime" : 0,
        "total_ios" : 0,
        "short_ios" : 0,
        "drop_ios" : 0,
        "slat_ns" : {
          "min" : 0,
          "max" : 0,
          "mean" : 0.000000,
          "stddev" : 0.000000
        },
        "clat_ns" : {
          "min" : 0,
          "max" : 0,
          "mean" : 0.000000,
          "stddev" : 0.000000,
          "percentile" : {
            "1.000000" : 0,
            "5.000000" : 0,
            "10.000000" : 0,
            "20.000000" : 0,
            "30.000000" : 0,
            "40.000000" : 0,
            "50.000000" : 0,
            "60.000000" : 0,
            "70.000000" : 0,
            "80.000000" : 0,
            "90.000000" : 0,
            "95.000000" : 0,
            "99.000000" : 0,
            "99.500000" : 0,
            "99.900000" : 0,
            "99.950000" : 0,
            "99.990000" : 0
          }
        },
        "lat_ns" : {
          "min" : 0,
          "max" : 0,
          "mean" : 0.000000,
          "stddev" : 0.000000
        },
        "bw_min" : 0,
        "bw_max" : 0,
        "bw_agg" : 0.000000,
        "bw_mean" : 0.000000,
        "bw_dev" : 0.000000,
        "bw_samples" : 0,
        "iops_min" : 0,
        "iops_max" : 0,
        "iops_mean" : 0.000000,
        "iops_stddev" : 0.000000,
        "iops_samples" : 0
      },
      "write" : {
        "io_bytes" : 1219887104,
        "io_kbytes" : 1191296,
        "bw_bytes" : 40645290,
        "bw" : 39692,
        "iops" : 310.098957,
        "runtime" : 30013,
        "total_ios" : 9307,
        "short_ios" : 0,
        "drop_ios" : 0,
        "slat_ns" : {
          "min" : 8244,
          "max" : 34178,
          "mean" : 15839.644783,
          "stddev" : 3211.695389
        },
        "clat_ns" : {
          "min" : 31025,
          "max" : 23823507,
          "mean" : 3205328.749973,
          "stddev" : 6163372.267985,
          "percentile" : {
            "1.000000" : 36096,
            "5.000000" : 39168,
            "10.000000" : 42752,
            "20.000000" : 61696,
            "30.000000" : 70144,
            "40.000000" : 82432,
            "50.000000" : 90624,
            "60.000000" : 94720,
            "70.000000" : 105984,
            "80.000000" : 11599872,
            "90.000000" : 11730944,
            "95.000000" : 15269888,
            "99.000000" : 23724032,
            "99.500000" : 23724032,
            "99.900000" : 23724032,
            "99.950000" : 23724032,
            "99.990000" : 23724032
          }
        },
        "lat_ns" : {
          "min" : 42452,
          "max" : 23833191,
          "mean" : 3221398.986677,
          "stddev" : 6162502.970005
        },
        "bw_min" : 26368,
        "bw_max" : 112640,
        "bw_agg" : 100.000000,
        "bw_mean" : 39705.600000,
        "bw_dev" : 11343.272363,
        "bw_samples" : 60,
        "iops_min" : 206,
        "iops_max" : 880,
        "iops_mean" : 310.200000,
        "iops_stddev" : 88.619315,
        "iops_samples" : 60
      },
      "trim" : {
        "io_bytes" : 0,
        "io_kbytes" : 0,
        "bw_bytes" : 0,
        "bw" : 0,
        "iops" : 0.000000,
        "runtime" : 0,
        "total_ios" : 0,
        "short_ios" : 0,
        "drop_ios" : 0,
        "slat_ns" : {
          "min" : 0,
          "max" : 0,
          "mean" : 0.000000,
          "stddev" : 0.000000
        },
        "clat_ns" : {
          "min" : 0,
          "max" : 0,
          "mean" : 0.000000,
          "stddev" : 0.000000,
          "percentile" : {
            "1.000000" : 0,
            "5.000000" : 0,
            "10.000000" : 0,
            "20.000000" : 0,
            "30.000000" : 0,
            "40.000000" : 0,
            "50.000000" : 0,
            "60.000000" : 0,
            "70.000000" : 0,
            "80.000000" : 0,
            "90.000000" : 0,
            "95.000000" : 0,
            "99.000000" : 0,
            "99.500000" : 0,
            "99.900000" : 0,
            "99.950000" : 0,
            "99.990000" : 0
          }
        },
        "lat_ns" : {
          "min" : 0,
          "max" : 0,
          "mean" : 0.000000,
          "stddev" : 0.000000
        },
        "bw_min" : 0,
        "bw_max" : 0,
        "bw_agg" : 0.000000,
        "bw_mean" : 0.000000,
        "bw_dev" : 0.000000,
        "bw_samples" : 0,
        "iops_min" : 0,
        "iops_max" : 0,
        "iops_mean" : 0.000000,
        "iops_stddev" : 0.000000,
        "iops_samples" : 0
      },
      "sync" : {
        "lat_ns" : {
          "min" : 79,
          "max" : 310,
          "mean" : 200.451724,
          "stddev" : 45.618920,
          "percentile" : {
            "1.000000" : 85,
            "5.000000" : 122,
            "10.000000" : 151,
            "20.000000" : 169,
            "30.000000" : 179,
            "40.000000" : 185,
            "50.000000" : 191,
            "60.000000" : 209,
            "70.000000" : 215,
            "80.000000" : 249,
            "90.000000" : 270,
            "95.000000" : 282,
            "99.000000" : 286,
            "99.500000" : 290,
            "99.900000" : 310,
            "99.950000" : 310,
            "99.990000" : 310
          }
        },
        "total_ios" : 290
      },
      "job_runtime" : 30012,
      "usr_cpu" : 0.000000,
      "sys_cpu" : 1.152872,
      "ctx" : 9597,
      "majf" : 0,
      "minf" : 10,
      "iodepth_level" : {
        "1" : 103.115934,
        "2" : 0.000000,
        "4" : 0.000000,
        "8" : 0.000000,
        "16" : 0.000000,
        "32" : 0.000000,
        ">=64" : 0.000000
      },
      "iodepth_submit" : {
        "0" : 0.000000,
        "4" : 100.000000,
        "8" : 0.000000,
        "16" : 0.000000,
        "32" : 0.000000,
        "64" : 0.000000,
        ">=64" : 0.000000
      },
      "iodepth_complete" : {
        "0" : 0.000000,
        "4" : 100.000000,
        "8" : 0.000000,
        "16" : 0.000000,
        "32" : 0.000000,
        "64" : 0.000000,
        ">=64" : 0.000000
      },
      "latency_ns" : {
        "2" : 0.000000,
        "4" : 0.000000,
        "10" : 0.000000,
        "20" : 0.000000,
        "50" : 0.000000,
        "100" : 0.000000,
        "250" : 0.000000,
        "500" : 0.000000,
        "750" : 0.000000,
        "1000" : 0.000000
      },
      "latency_us" : {
        "2" : 0.000000,
        "4" : 0.000000,
        "10" : 0.000000,
        "20" : 0.000000,
        "50" : 14.086172,
        "100" : 53.282476,
        "250" : 10.013968,
        "500" : 0.000000,
        "750" : 0.000000,
        "1000" : 0.000000
      },
      "latency_ms" : {
        "2" : 0.000000,
        "4" : 0.010745,
        "10" : 0.042978,
        "20" : 18.813796,
        "50" : 3.749866,
        "100" : 0.000000,
        "250" : 0.000000,
        "500" : 0.000000,
        "750" : 0.000000,
        "1000" : 0.000000,
        "2000" : 0.000000,
        ">=2000" : 0.000000
      },
      "latency_depth" : 1,
      "latency_target" : 0,
      "latency_percentile" : 100.000000,
      "latency_window" : 0
    }
  ],
  "disk_util" : [
    {
      "name" : "vdb",
      "read_ios" : 0,
      "write_ios" : 28093,
      "read_merges" : 0,
      "write_merges" : 0,
      "read_ticks" : 0,
      "write_ticks" : 89640,
      "in_queue" : 60688,