{
  "fio version" : "fio-3.13",
  "timestamp" : 1567274034,
  "timestamp_ms" : 1567274034774,
  "time" : "Sat Aug 31 17:53:54 2019",
  "jobs" : [
    {
      "jobname" : "rand-write-4k-qd1",
      "groupid" : 0,
      "error" : 0,
      "eta" : 0,
      "elapsed" : 31,
      "job options" : {
        "runtime" : "30",
        "bs" : "4k",
        "rw" : "randwrite",
        "direct" : "1",
        "randrepeat" : "0",
        "ioengine" : "libaio",
        "iodepth" : "1",
        "fsync" : "32",
        "filename" : "/dev/vdb"
      },
      "read" : {
        "io_bytes" : 0,
        "io_kbytes" : 0,
        "bw_bytes" : 0,
        "bw" : 0,
        "iops" : 0.000000,
        "runtime" : 0,
        "total_ios" : 0,
        "short_ios" : 0,
        "drop_ios" : 0,
        "slat_ns" : {
          "min" : 0,
          "max" : 0,
          "mean" : 0.000000,
          "stddev" : 0.000000
        },
        "clat_ns" : {
          "min" : 0,
          "max" : 0,
          "mean" : 0.000000,
          "stddev" : 0.000000,
          "percentile" : {
            "1.000000" : 0,
            "5.000000" : 0,
            "10.000000" : 0,
            "20.000000" : 0,
            "30.000000" : 0,
            "40.000000" : 0,
            "50.000000" : 0,
            "60.000000" : 0,
            "70.000000" : 0,
            "80.000000" : 0,
            "90.000000" : 0,
            "95.000000" : 0,
            "99.000000" : 0,
            "99.500000" : 0,
            "99.900000" : 0,
            "99.950000" : 0,
            "99.990000" : 0
          }
        },
        "lat_ns" : {
          "min" : 0,
          "max" : 0,
          "mean" : 0.000000,
          "stddev" : 0.000000
        },
        "bw_min" : 0,
        "bw_max" : 0,
        "bw_agg" : 0.000000,
        "bw_mean" : 0.000000,
        "bw_dev" : 0.000000,
        "bw_samples" : 0,
        "iops_min" : 0,
        "iops_max" : 0,
        "iops_mean" : 0.000000,
        "iops_stddev" : 0.000000,
        "iops_samples" : 0
      },
      "write" : {
        "io_bytes" : 916975616,
        "io_kbytes" : 895484,
        "bw_bytes" : 30560760,
        "bw" : 29844,
        "iops" : 7461.123146,
        "runtime" : 30005,
        "total_ios" : 223871,
        "short_ios" : 0,
        "drop_ios" : 0,
        "slat_ns" : {
          "min" : 4199,
          "max" : 31029,
          "mean" : 4986.082114,
          "stddev" : 1249.587238
        },
        "clat_ns" : {
          "min" : 530,
          "max" : 14837541,
          "mean" : 127829.267194,
          "stddev" : 1208247.393826,
          "percentile" : {
            "1.000000" : 8384,
            "5.000000" : 8512,
            "10.000000" : 8768,
            "20.000000" : 9664,
            "30.000000" : 9920,
            "40.000000" : 10176,
            "50.000000" : 10816,
            "60.000000" : 11328,
            "70.000000" : 11968,
            "80.000000" : 12096,
            "90.000000" : 12480,
            "95.000000" : 16320,
            "99.000000" : 70144,
            "99.500000" : 13434880,
            "99.900000" : 14483456,
            "99.950000" : 14614528,
            "99.990000" : 14745600
          }
        },
        "lat_ns" : {
          "min" : 11651,
          "max" : 14842567,
          "mean" : 132903.798714,
          "stddev" : 1208231.875015
        },
        "bw_min" : 21096,
        "bw_max" : 77544,
        "bw_agg" : 100.000000,
        "bw_mean" : 29845.333333,
        "bw_dev" : 6747.709215,
        "bw_samples" : 60,
        "iops_min" : 5274,
        "iops_max" : 19386,
        "iops_mean" : 7461.316667,
        "iops_stddev" : 1686.928494,
        "iops_samples" : 60
      },
      "trim" : {
        "io_bytes" : 0,
        "io_kbytes" : 0,
        "bw_bytes" : 0,
        "bw" : 0,
        "iops" : 0.000000,
        "runtime" : 0,
        "total_ios" : 0,
        "short_ios" : 0,
        "drop_ios" : 0,
        "slat_ns" : {
          "min" : 0,
          "max" : 0,
          "mean" : 0.000000,
          "stddev" : 0.000000
        },
        "clat_ns" : {
          "min" : 0,
          "max" : 0,
          "mean" : 0.000000,
          "stddev" : 0.000000,
          "percentile" : {
            "1.000000" : 0,
            "5.000000" : 0,
            "10.000000" : 0,
            "20.000000" : 0,
            "30.000000" : 0,
            "40.000000" : 0,
            "50.000000" : 0,
            "60.000000" : 0,
            "70.000000" : 0,
            "80.000000" : 0,
            "90.000000" : 0,
            "95.000000" : 0,
            "99.000000" : 0,
            "99.500000" : 0,
            "99.900000" : 0,
            "99.950000" : 0,
            "99.990000" : 0
          }
        },
        "lat_ns" : {
          "min" : 0,
          "max" : 0,
          "mean" : 0.000000,
          "stddev" : 0.000000
        },
        "bw_min" : 0,
        "bw_max" : 0,
        "bw_agg" : 0.000000,
        "bw_mean" : 0.000000,
        "bw_dev" : 0.000000,
        "bw_samples" : 0,
        "iops_min" : 0,
        "iops_max" : 0,
        "iops_mean" : 0.000000,
        "iops_stddev" : 0.000000,
        "iops_samples" : 0
      },
      "sync" : {
        "lat_ns" : {
          "min" : 27,
          "max" : 324,
          "mean" : 101.687062,
          "stddev" : 29.861869,
          "percentile" : {
            "1.000000" : 49,
            "5.000000" : 67,
            "10.000000" : 73,
            "20.000000" : 83,
            "30.000000" : 88,
            "40.000000" : 93,
            "50.000000" : 99,
            "60.000000" : 103,
            "70.000000" : 109,
            "80.000000" : 116,
            "90.000000" : 126,
            "95.000000" : 141,
            "99.000000" : 247,
            "99.500000" : 262,
            "99.900000" : 290,
            "99.950000" : 306,
            "99.990000" : 326
          }
        },
        "total_ios" : 6995
      },
      "job_runtime" : 30004,
      "usr_cpu" : 1.259832,
      "sys_cpu" : 6.705773,
      "ctx" : 230425,
      "majf" : 0,
      "minf" : 12,
      "iodepth_level" : {
        "1" : 103.124567,
        "2" : 0.000000,
        "4" : 0.000000,
        "8" : 0.000000,
        "16" : 0.000000,
        "32" : 0.000000,
        ">=64" : 0.000000
      },
      "iodepth_submit" : {
        "0" : 0.000000,
        "4" : 100.000000,
        "8" : 0.000000,
        "16" : 0.000000,
        "32" : 0.000000,
        "64" : 0.000000,
        ">=64" : 0.000000
      },
      "iodepth_complete" : {
        "0" : 0.000000,
        "4" : 100.000000,
        "8" : 0.000000,
        "16" : 0.000000,
        "32" : 0.000000,
        "64" : 0.000000,
        ">=64" : 0.000000
      },
      "latency_ns" : {
        "2" : 0.000000,
        "4" : 0.000000,
        "10" : 0.000000,
        "20" : 0.000000,
        "50" : 0.000000,
        "100" : 0.000000,
        "250" : 0.000000,
        "500" : 0.000000,
        "750" : 0.180014,
        "1000" : 0.044222
      },
      "latency_us" : {
        "2" : 0.010000,
        "4" : 0.010000,
        "10" : 32.228382,
        "20" : 63.668363,
        "50" : 2.343314,
        "100" : 0.586945,
        "250" : 0.010000,
        "500" : 0.000000,
        "750" : 0.000000,
        "1000" : 0.000000
      },
      "latency_ms" : {
        "2" : 0.000000,
        "4" : 0.000000,
        "10" : 0.087550,
        "20" : 0.851383,
        "50" : 0.000000,
        "100" : 0.000000,
        "250" : 0.000000,
        "500" : 0.000000,
        "750" : 0.000000,
        "1000" : 0.000000,
        "2000" : 0.000000,
        ">=2000" : 0.000000
      },
      "latency_depth" : 1,
      "latency_target" : 0,
      "latency_percentile" : 100.000000,
      "latency_window" : 0
    }
  ],
  "disk_util" : [
    {
      "name" : "vdb",
      "read_ios" : 0,
      "write_ios" : 230116,
      "read_merges" : 0,
      "write_merges" : 0,
      "read_ticks" : 0,
      "write_ticks" : 26448,
      "in_queue" : 584,
      "util" : 1.947576
    }
  ]
}
