{
  "fio version" : "fio-3.13",
  "timestamp" : 1567273390,
  "timestamp_ms" : 1567273390253,
  "time" : "Sat Aug 31 17:43:10 2019",
  "jobs" : [
    {
      "jobname" : "rand-write-4k",
      "groupid" : 0,
      "error" : 0,
      "eta" : 0,
      "elapsed" : 31,
      "job options" : {
        "runtime" : "30",
        "bs" : "4k",
        "rw" : "randwrite",
        "direct" : "1",
        "randrepeat" : "0",
        "ioengine" : "libaio",
        "iodepth" : "32",
        "fsync" : "32",
        "filename" : "/dev/vdb"
      },
      "read" : {
        "io_bytes" : 0,
        "io_kbytes" : 0,
        "bw_bytes" : 0,
        "bw" : 0,
        "iops" : 0.000000,
        "runtime" : 0,
        "total_ios" : 0,
        "short_ios" : 0,
        "drop_ios" : 0,
        "slat_ns" : {
          "min" : 0,
          "max" : 0,
          "mean" : 0.000000,
          "stddev" : 0.000000
        },
        "clat_ns" : {
          "min" : 0,
          "max" : 0,
          "mean" : 0.000000,
          "stddev" : 0.000000,
          "percentile" : {
            "1.000000" : 0,
            "5.000000" : 0,
            "10.000000" : 0,
            "20.000000" : 0,
            "30.000000" : 0,
            "40.000000" : 0,
            "50.000000" : 0,
            "60.000000" : 0,
            "70.000000" : 0,
            "80.000000" : 0,
            "90.000000" : 0,
            "95.000000" : 0,
            "99.000000" : 0,
            "99.500000" : 0,
            "99.900000" : 0,
            "99.950000" : 0,
            "99.990000" : 0
          }
        },
        "lat_ns" : {
          "min" : 0,
          "max" : 0,
          "mean" : 0.000000,
          "stddev" : 0.000000
        },
        "bw_min" : 0,
        "bw_max" : 0,
        "bw_agg" : 0.000000,
        "bw_mean" : 0.000000,
        "bw_dev" : 0.000000,
        "bw_samples" : 0,
        "iops_min" : 0,
        "iops_max" : 0,
        "iops_mean" : 0.000000,
        "iops_stddev" : 0.000000,
        "iops_samples" : 0
      },
      "write" : {
        "io_bytes" : 3272867840,
        "io_kbytes" : 3196160,
        "bw_bytes" : 109081050,
        "bw" : 106524,
        "iops" : 26631.115851,
        "runtime" : 30004,
        "total_ios" : 799040,
        "short_ios" : 0,
        "drop_ios" : 0,
        "slat_ns" : {
          "min" : 4641,
          "max" : 81762,
          "mean" : 6060.335805,
          "stddev" : 3953.283630
        },
        "clat_ns" : {
          "min" : 176663,
          "max" : 19764813,
          "mean" : 1164895.081682,
          "stddev" : 3568736.070135,
          "percentile" : {
            "1.000000" : 191488,
            "5.000000" : 205824,
            "10.000000" : 209920,
            "20.000000" : 211968,
            "30.000000" : 214016,
            "40.000000" : 216064,
            "50.000000" : 218112,
            "60.000000" : 220160,
            "70.000000" : 222208,
            "80.000000" : 230400,
            "90.000000" : 618496,
            "95.000000" : 14090240,
            "99.000000" : 15794176,
            "99.500000" : 15794176,
            "99.900000" : 18743296,
            "99.950000" : 19529728,
            "99.990000" : 19791872
          }
        },
        "lat_ns" : {
          "min" : 183933,
          "max" : 19769658,
          "mean" : 1171055.160879,
          "stddev" : 3568812.577758
        },
        "bw_min" : 15840,
        "bw_max" : 580616,
        "bw_agg" : 100.000000,
        "bw_mean" : 106527.233333,
        "bw_dev" : 186980.478881,
        "bw_samples" : 60,
        "iops_min" : 3960,
        "iops_max" : 145154,
        "iops_mean" : 26631.783333,
        "iops_stddev" : 46745.127921,
        "iops_samples" : 60
      },
      "trim" : {
        "io_bytes" : 0,
        "io_kbytes" : 0,
        "bw_bytes" : 0,
        "bw" : 0,
        "iops" : 0.000000,
        "runtime" : 0,
        "total_ios" : 0,
        "short_ios" : 0,
        "drop_ios" : 0,
        "slat_ns" : {
          "min" : 0,
          "max" : 0,
          "mean" : 0.000000,
          "stddev" : 0.000000
        },
        "clat_ns" : {
          "min" : 0,
          "max" : 0,
          "mean" : 0.000000,
          "stddev" : 0.000000,
          "percentile" : {
            "1.000000" : 0,
            "5.000000" : 0,
            "10.000000" : 0,
            "20.000000" : 0,
            "30.000000" : 0,
            "40.000000" : 0,
            "50.000000" : 0,
            "60.000000" : 0,
            "70.000000" : 0,
            "80.000000" : 0,
            "90.000000" : 0,
            "95.000000" : 0,
            "99.000000" : 0,
            "99.500000" : 0,
            "99.900000" : 0,
            "99.950000" : 0,
            "99.990000" : 0
          }
        },
        "lat_ns" : {
          "min" : 0,
          "max" : 0,
          "mean" : 0.000000,
          "stddev" : 0.000000
        },
        "bw_min" : 0,
        "bw_max" : 0,
        "bw_agg" : 0.000000,
        "bw_mean" : 0.000000,
        "bw_dev" : 0.000000,
        "bw_samples" : 0,
        "iops_min" : 0,
        "iops_max" : 0,
        "iops_mean" : 0.000000,
        "iops_stddev" : 0.000000,
        "iops_samples" : 0
      },
      "sync" : {
        "lat_ns" : {
          "min" : 57,
          "max" : 11938,
          "mean" : 108.849139,
          "stddev" : 124.591394,
          "percentile" : {
            "1.000000" : 63,
            "5.000000" : 67,
            "10.000000" : 68,
            "20.000000" : 70,
            "30.000000" : 71,
            "40.000000" : 74,
            "50.000000" : 77,
            "60.000000" : 79,
            "70.000000" : 85,
            "80.000000" : 103,
            "90.000000" : 239,
            "95.000000" : 270,
            "99.000000" : 298,
            "99.500000" : 310,
            "99.900000" : 564,
            "99.950000" : 708,
            "99.990000" : 1320
          }
        },
        "total_ios" : 24970
      },
      "job_runtime" : 30003,
      "usr_cpu" : 2.489751,
      "sys_cpu" : 16.908309,
      "ctx" : 25534,
      "majf" : 0,
      "minf" : 12,
      "iodepth_level" : {
        "1" : 0.100000,
        "2" : 0.100000,
        "4" : 0.100000,
        "8" : 0.100000,
        "16" : 0.100000,
        "32" : 103.121120,
        ">=64" : 0.000000
      },
      "iodepth_submit" : {
        "0" : 0.000000,
        "4" : 100.000000,
        "8" : 0.000000,
        "16" : 0.000000,
        "32" : 0.000000,
        "64" : 0.000000,
        ">=64" : 0.000000
      },
      "iodepth_complete" : {
        "0" : 0.000000,
        "4" : 99.999875,
        "8" : 0.000000,
        "16" : 0.000000,
        "32" : 0.100000,
        "64" : 0.000000,
        ">=64" : 0.000000
      },
      "latency_ns" : {
        "2" : 0.000000,
        "4" : 0.000000,
        "10" : 0.000000,
        "20" : 0.000000,
        "50" : 0.000000,
        "100" : 0.000000,
        "250" : 0.000000,
        "500" : 0.000000,
        "750" : 0.000000,
        "1000" : 0.000000
      },
      "latency_us" : {
        "2" : 0.000000,
        "4" : 0.000000,
        "10" : 0.000000,
        "20" : 0.000000,
        "50" : 0.000000,
        "100" : 0.000000,
        "250" : 84.315053,
        "500" : 4.747948,
        "750" : 4.528559,
        "1000" : 0.000000
      },
      "latency_ms" : {
        "2" : 0.000000,
        "4" : 0.000000,
        "10" : 0.042676,
        "20" : 6.365764,
        "50" : 0.000000,
        "100" : 0.000000,
        "250" : 0.000000,
        "500" : 0.000000,
        "750" : 0.000000,
        "1000" : 0.000000,
        "2000" : 0.000000,
        ">=2000" : 0.000000
      },
      "latency_depth" : 32,
      "latency_target" : 0,
      "latency_percentile" : 100.000000,
      "latency_window" : 0
    }
  ],
  "disk_util" : [
    {
      "name" : "vdb",
      "read_ios" : 0,
      "write_ios" : 823602,
      "read_merges" : 0,
      "write_merges" : 0,
      "read_ticks" : 0,
      "write_ticks" : 429796,
      "in_queue" : 380024,