{
  "fio version" : "fio-3.13",
  "timestamp" : 1567273707,
  "timestamp_ms" : 1567273707298,
  "time" : "Sat Aug 31 17:48:27 2019",
  "jobs" : [
    {
      "jobname" : "rand-write-4k-qd1",
      "groupid" : 0,
      "error" : 0,
      "eta" : 0,
      "elapsed" : 31,
      "job options" : {
        "runtime" : "30",
        "bs" : "4k",
        "rw" : "randwrite",
        "direct" : "1",
        "randrepeat" : "0",
        "ioengine" : "libaio",
        "iodepth" : "1",
        "fsync" : "32",
        "filename" : "/dev/vdb"
      },
      "read" : {
        "io_bytes" : 0,
        "io_kbytes" : 0,
        "bw_bytes" : 0,
        "bw" : 0,
        "iops" : 0.000000,
        "runtime" : 0,
        "total_ios" : 0,
        "short_ios" : 0,
        "drop_ios" : 0,
        "slat_ns" : {
          "min" : 0,
          "max" : 0,
          "mean" : 0.000000,
          "stddev" : 0.000000
        },
        "clat_ns" : {
          "min" : 0,
          "max" : 0,
          "mean" : 0.000000,
          "stddev" : 0.000000,
          "percentile" : {
            "1.000000" : 0,
            "5.000000" : 0,
            "10.000000" : 0,
            "20.000000" : 0,
            "30.000000" : 0,
            "40.000000" : 0,
            "50.000000" : 0,
            "60.000000" : 0,
            "70.000000" : 0,
            "80.000000" : 0,
            "90.000000" : 0,
            "95.000000" : 0,
            "99.000000" : 0,
            "99.500000" : 0,
            "99.900000" : 0,
            "99.950000" : 0,
            "99.990000" : 0
          }
        },
        "lat_ns" : {
          "min" : 0,
          "max" : 0,
          "mean" : 0.000000,
          "stddev" : 0.000000
        },
        "bw_min" : 0,
        "bw_max" : 0,
        "bw_agg" : 0.000000,
        "bw_mean" : 0.000000,
        "bw_dev" : 0.000000,
        "bw_samples" : 0,
        "iops_min" : 0,
        "iops_max" : 0,
        "iops_mean" : 0.000000,
        "iops_stddev" : 0.000000,
        "iops_samples" : 0
      },
      "write" : {
        "io_bytes" : 28835840,
        "io_kbytes" : 28160,
        "bw_bytes" : 956856,
        "bw" : 934,
        "iops" : 233.607645,
        "runtime" : 30136,
        "total_ios" : 7040,
        "short_ios" : 0,
        "drop_ios" : 0,
        "slat_ns" : {
          "min" : 4240,
          "max" : 27203,
          "mean" : 5038.196591,
          "stddev" : 1781.019513
        },
        "clat_ns" : {
          "min" : 1044,
          "max" : 147830,
          "mean" : 22438.105256,
          "stddev" : 11420.367732,
          "percentile" : {
            "1.000000" : 17792,
            "5.000000" : 18048,
            "10.000000" : 18304,
            "20.000000" : 18560,
            "30.000000" : 18560,
            "40.000000" : 18816,
            "50.000000" : 19072,
            "60.000000" : 19072,
            "70.000000" : 19072,
            "80.000000" : 19840,
            "90.000000" : 30080,
            "95.000000" : 45824,
            "99.000000" : 74240,
            "99.500000" : 97792,
            "99.900000" : 104960,
            "99.950000" : 107008,
            "99.990000" : 148480
          }
        },
        "lat_ns" : {
          "min" : 20487,
          "max" : 172426,
          "mean" : 27884.448864,
          "stddev" : 12704.399227
        },
        "bw_min" : 766,
        "bw_max" : 1280,
        "bw_agg" : 100.000000,
        "bw_mean" : 938.500000,
        "bw_dev" : 138.286058,
        "bw_samples" : 60,
        "iops_min" : 191,
        "iops_max" : 320,
        "iops_mean" : 234.600000,
        "iops_stddev" : 34.587742,
        "iops_samples" : 60
      },
      "trim" : {
        "io_bytes" : 0,
        "io_kbytes" : 0,
        "bw_bytes" : 0,
        "bw" : 0,
        "iops" : 0.000000,
        "runtime" : 0,
        "total_ios" : 0,
        "short_ios" : 0,
        "drop_ios" : 0,
        "slat_ns" : {
          "min" : 0,
          "max" : 0,
          "mean" : 0.000000,
          "stddev" : 0.000000
        },
        "clat_ns" : {
          "min" : 0,
          "max" : 0,
          "mean" : 0.000000,
          "stddev" : 0.000000,
          "percentile" : {
            "1.000000" : 0,
            "5.000000" : 0,
            "10.000000" : 0,
            "20.000000" : 0,
            "30.000000" : 0,
            "40.000000" : 0,
            "50.000000" : 0,
            "60.000000" : 0,
            "70.000000" : 0,
            "80.000000" : 0,
            "90.000000" : 0,
            "95.000000" : 0,
            "99.000000" : 0,
            "99.500000" : 0,
            "99.900000" : 0,
            "99.950000" : 0,
            "99.990000" : 0
          }
        },
        "lat_ns" : {
          "min" : 0,
          "max" : 0,
          "mean" : 0.000000,
          "stddev" : 0.000000
        },
        "bw_min" : 0,
        "bw_max" : 0,
        "bw_agg" : 0.000000,
        "bw_mean" : 0.000000,
        "bw_dev" : 0.000000,
        "bw_samples" : 0,
        "iops_min" : 0,
        "iops_max" : 0,
        "iops_mean" : 0.000000,
        "iops_stddev" : 0.000000,
        "iops_samples" : 0
      },
      "sync" : {
        "lat_ns" : {
          "min" : 548,
          "max" : 650,
          "mean" : 601.186364,
          "stddev" : 9.191856,
          "percentile" : {
            "1.000000" : 588,
            "5.000000" : 588,
            "10.000000" : 596,
            "20.000000" : 596,
            "30.000000" : 596,
            "40.000000" : 596,
            "50.000000" : 604,
            "60.000000" : 604,
            "70.000000" : 604,
            "80.000000" : 604,
            "90.000000" : 612,
            "95.000000" : 612,
            "99.000000" : 644,
            "99.500000" : 644,
            "99.900000" : 652,
            "99.950000" : 652,
            "99.990000" : 652
          }
        },
        "total_ios" : 220
      },
      "job_runtime" : 30135,
      "usr_cpu" : 0.029866,
      "sys_cpu" : 0.195786,
      "ctx" : 7266,
      "majf" : 0,
      "minf" : 10,
      "iodepth_level" : {
        "1" : 103.125000,
        "2" : 0.000000,
        "4" : 0.000000,
        "8" : 0.000000,
        "16" : 0.000000,
        "32" : 0.000000,
        ">=64" : 0.000000
      },
      "iodepth_submit" : {
        "0" : 0.000000,
        "4" : 100.000000,
        "8" : 0.000000,
        "16" : 0.000000,
        "32" : 0.000000,
        "64" : 0.000000,
        ">=64" : 0.000000
      },
      "iodepth_complete" : {
        "0" : 0.000000,
        "4" : 100.000000,
        "8" : 0.000000,
        "16" : 0.000000,
        "32" : 0.000000,
        "64" : 0.000000,
        ">=64" : 0.000000
      },
      "latency_ns" : {
        "2" : 0.000000,
        "4" : 0.000000,
        "10" : 0.000000,
        "20" : 0.000000,
        "50" : 0.000000,
        "100" : 0.000000,
        "250" : 0.000000,
        "500" : 0.000000,
        "750" : 0.000000,
        "1000" : 0.000000
      },
      "latency_us" : {
        "2" : 0.014205,
        "4" : 0.000000,
        "10" : 0.028409,
        "20" : 80.298295,
        "50" : 15.056818,
        "100" : 4.133523,
        "250" : 0.468750,
        "500" : 0.000000,
        "750" : 0.000000,
        "1000" : 0.000000
      },
      "latency_ms" : {
        "2" : 0.000000,
        "4" : 0.000000,
        "10" : 0.000000,
        "20" : 0.000000,
        "50" : 0.000000,
        "100" : 0.000000,
        "250" : 0.000000,
        "500" : 0.000000,
        "750" : 0.000000,
        "1000" : 0.000000,
        "2000" : 0.000000,
        ">=2000" : 0.000000
      },
      "latency_depth" : 1,
      "latency_target" : 0,
      "latency_percentile" : 100.000000,
      "latency_window" : 0
    }
  ],
  "disk_util" : [
    {
      "name" : "vdb",
      "read_ios" : 0,
      "write_ios" : 7226,
      "read_merges" : 0,
      "write_merges" : 0,
      "read_ticks" : 0,
      "write_ticks" : 29788,
      "in_queue" : 0,
      "util" : 0.000000
    }
  ]
}
