{
  "fio version" : "fio-3.13",
  "timestamp" : 1567273544,
  "timestamp_ms" : 1567273544414,
  "time" : "Sat Aug 31 17:45:44 2019",
  "jobs" : [
    {
      "jobname" : "rand-write-128k-qd1",
      "groupid" : 0,
      "error" : 0,
      "eta" : 0,
      "elapsed" : 31,
      "job options" : {
        "runtime" : "30",
        "bs" : "128k",
        "rw" : "randwrite",
        "direct" : "1",
        "randrepeat" : "0",
        "ioengine" : "libaio",
        "iodepth" : "1",
        "fsync" : "32",
        "filename" : "/dev/vdb"
      },
      "read" : {
        "io_bytes" : 0,
        "io_kbytes" : 0,
        "bw_bytes" : 0,
        "bw" : 0,
        "iops" : 0.000000,
        "runtime" : 0,
        "total_ios" : 0,
        "short_ios" : 0,
        "drop_ios" : 0,
        "slat_ns" : {
          "min" : 0,
          "max" : 0,
          "mean" : 0.000000,
          "stddev" : 0.000000
        },
        "clat_ns" : {
          "min" : 0,
          "max" : 0,
          "mean" : 0.000000,
          "stddev" : 0.000000,
          "percentile" : {
            "1.000000" : 0,
            "5.000000" : 0,
            "10.000000" : 0,
            "20.000000" : 0,
            "30.000000" : 0,
            "40.000000" : 0,
            "50.000000" : 0,
            "60.000000" : 0,
            "70.000000" : 0,
            "80.000000" : 0,
            "90.000000" : 0,
            "95.000000" : 0,
            "99.000000" : 0,
            "99.500000" : 0,
            "99.900000" : 0,
            "99.950000" : 0,
            "99.990000" : 0
          }
        },
        "lat_ns" : {
          "min" : 0,
          "max" : 0,
          "mean" : 0.000000,
          "stddev" : 0.000000
        },
        "bw_min" : 0,
        "bw_max" : 0,
        "bw_agg" : 0.000000,
        "bw_mean" : 0.000000,
        "bw_dev" : 0.000000,
        "bw_samples" : 0,
        "iops_min" : 0,
        "iops_max" : 0,
        "iops_mean" : 0.000000,
        "iops_stddev" : 0.000000,
        "iops_samples" : 0
      },
      "write" : {
        "io_bytes" : 1223688192,
        "io_kbytes" : 1195008,
        "bw_bytes" : 40766505,
        "bw" : 39811,
        "iops" : 311.023753,
        "runtime" : 30017,
        "total_ios" : 9336,
        "short_ios" : 0,
        "drop_ios" : 0,
        "slat_ns" : {
          "min" : 10720,
          "max" : 40202,
          "mean" : 19764.462725,
          "stddev" : 3454.560984
        },
        "clat_ns" : {
          "min" : 39968,
          "max" : 23722219,
          "mean" : 3190980.490146,
          "stddev" : 6098859.104831,
          "percentile" : {
            "1.000000" : 47872,
            "5.000000" : 55552,
            "10.000000" : 63232,
            "20.000000" : 85504,
            "30.000000" : 95744,
            "40.000000" : 104960,
            "50.000000" : 110080,
            "60.000000" : 114176,
            "70.000000" : 130560,
            "80.000000" : 11468800,
            "90.000000" : 11730944,
            "95.000000" : 15269888,
            "99.000000" : 23461888,
            "99.500000" : 23461888,
            "99.900000" : 23724032,
            "99.950000" : 23724032,
            "99.990000" : 23724032
          }
        },
        "lat_ns" : {
          "min" : 57139,
          "max" : 23735368,
          "mean" : 3210999.861183,
          "stddev" : 6098111.826053
        },
        "bw_min" : 23552,
        "bw_max" : 114944,
        "bw_agg" : 100.000000,
        "bw_mean" : 39826.516667,
        "bw_dev" : 11794.236145,
        "bw_samples" : 60,
        "iops_min" : 184,
        "iops_max" : 898,
        "iops_mean" : 311.133333,
        "iops_stddev" : 92.140362,
        "iops_samples" : 60
      },
      "trim" : {
        "io_bytes" : 0,
        "io_kbytes" : 0,
        "bw_bytes" : 0,
        "bw" : 0,
        "iops" : 0.000000,
        "runtime" : 0,
        "total_ios" : 0,
        "short_ios" : 0,
        "drop_ios" : 0,
        "slat_ns" : {
          "min" : 0,
          "max" : 0,
          "mean" : 0.000000,
          "stddev" : 0.000000
        },
        "clat_ns" : {
          "min" : 0,
          "max" : 0,
          "mean" : 0.000000,
          "stddev" : 0.000000,
          "percentile" : {
            "1.000000" : 0,
            "5.000000" : 0,
            "10.000000" : 0,
            "20.000000" : 0,
            "30.000000" : 0,
            "40.000000" : 0,
            "50.000000" : 0,
            "60.000000" : 0,
            "70.000000" : 0,
            "80.000000" : 0,
            "90.000000" : 0,
            "95.000000" : 0,
            "99.000000" : 0,
            "99.500000" : 0,
            "99.900000" : 0,
            "99.950000" : 0,
            "99.990000" : 0
          }
        },
        "lat_ns" : {
          "min" : 0,
          "max" : 0,
          "mean" : 0.000000,
          "stddev" : 0.000000
        },
        "bw_min" : 0,
        "bw_max" : 0,
        "bw_agg" : 0.000000,
        "bw_mean" : 0.000000,
        "bw_dev" : 0.000000,
        "bw_samples" : 0,
        "iops_min" : 0,
        "iops_max" : 0,
        "iops_mean" : 0.000000,
        "iops_stddev" : 0.000000,
        "iops_samples" : 0
      },
      "sync" : {
        "lat_ns" : {
          "min" : 122,
          "max" : 428,
          "mean" : 230.470790,
          "stddev" : 49.298265,
          "percentile" : {
            "1.000000" : 126,
            "5.000000" : 147,
            "10.000000" : 163,
            "20.000000" : 171,
            "30.000000" : 231,
            "40.000000" : 239,
            "50.000000" : 243,
            "60.000000" : 247,
            "70.000000" : 253,
            "80.000000" : 266,
            "90.000000" : 286,
            "95.000000" : 298,
            "99.000000" : 342,
            "99.500000" : 354,
            "99.900000" : 430,
            "99.950000" : 430,
            "99.990000" : 430
          }
        },
        "total_ios" : 291
      },
      "job_runtime" : 30016,
      "usr_cpu" : 0.000000,
      "sys_cpu" : 1.369270,
      "ctx" : 9627,
      "majf" : 0,
      "minf" : 11,
      "iodepth_level" : {
        "1" : 103.116967,
        "2" : 0.000000,
        "4" : 0.000000,
        "8" : 0.000000,
        "16" : 0.000000,
        "32" : 0.000000,
        ">=64" : 0.000000
      },
      "iodepth_submit" : {
        "0" : 0.000000,
        "4" : 100.000000,
        "8" : 0.000000,
        "16" : 0.000000,
        "32" : 0.000000,
        "64" : 0.000000,
        ">=64" : 0.000000
      },
      "iodepth_complete" : {
        "0" : 0.000000,
        "4" : 100.000000,
        "8" : 0.000000,
        "16" : 0.000000,
        "32" : 0.000000,
        "64" : 0.000000,
        ">=64" : 0.000000
      },
      "latency_ns" : {
        "2" : 0.000000,
        "4" : 0.000000,
        "10" : 0.000000,
        "20" : 0.000000,
        "50" : 0.000000,
        "100" : 0.000000,
        "250" : 0.000000,
        "500" : 0.000000,
        "750" : 0.000000,
        "1000" : 0.000000
      },
      "latency_us" : {
        "2" : 0.000000,
        "4" : 0.000000,
        "10" : 0.000000,
        "20" : 0.000000,
        "50" : 2.163668,
        "100" : 30.934019,
        "250" : 44.355184,
        "500" : 0.000000,
        "750" : 0.000000,
        "1000" : 0.000000
      },
      "latency_ms" : {
        "2" : 0.000000,
        "4" : 0.010711,
        "10" : 0.042845,
        "20" : 18.851757,
        "50" : 3.641817,
        "100" : 0.000000,
        "250" : 0.000000,
        "500" : 0.000000,
        "750" : 0.000000,
        "1000" : 0.000000,
        "2000" : 0.000000,
        ">=2000" : 0.000000
      },
      "latency_depth" : 1,
      "latency_target" : 0,
      "latency_percentile" : 100.000000,
      "latency_window" : 0
    }
  ],
  "disk_util" : [
    {
      "name" : "vdb",
      "read_ios" : 0,
      "write_ios" : 28184,
      "read_merges" : 0,
      "write_merges" : 0,
      "read_ticks" : 0,
      "write_ticks" : 89616,
      "in_queue" : 60744,