{
	"start":	{
		"connected":	[{
				"socket":	4,
				"local_host":	"169.254.0.2",
				"local_port":	51782,
				"remote_host":	"169.254.0.1",
				"remote_port":	5201
			}],
		"version":	"iperf 3.1.3",
		"system_info":	"Linux rlin02 4.15.0-76-generic #86-Ubuntu SMP Fri Jan 17 17:24:28 UTC 2020 x86_64",
		"timestamp":	{
			"time":	"Sat, 08 Feb 2020 15:06:07 GMT",
			"timesecs":	1581174367
		},
		"connecting_to":	{
			"host":	"169.254.0.1",
			"port":	5201
		},
		"cookie":	"rlin02.1581174367.349109.476d5b5e192",
		"tcp_mss_default":	1448,
		"test_start":	{
			"protocol":	"TCP",
			"num_streams":	1,
			"blksize":	131072,
			"omit":	0,
			"duration":	30,
			"bytes":	0,
			"blocks":	0,
			"reverse":	0
		}
	},
	"intervals":	[{
			"streams":	[{
					"socket":	4,
					"start":	0,
					"end":	1.000177,
					"seconds":	1.000177,
					"bytes":	5293012320,
					"bits_per_second":	4.233660e+10,
					"retransmits":	0,
					"snd_cwnd":	2005480,
					"rtt":	377,
					"omitted":	false
				}],
			"sum":	{
				"start":	0,
				"end":	1.000177,
				"seconds":	1.000177,
				"bytes":	5293012320,
				"bits_per_second":	4.233660e+10,
				"retransmits":	0,
				"omitted":	false
			}
		}, {
			"streams":	[{
					"socket":	4,
					"start":	1.000177,
					"end":	2.000187,
					"seconds":	1.000010,
					"bytes":	5094768640,
					"bits_per_second":	4.075774e+10,
					"retransmits":	0,
					"snd_cwnd":	2005480,
					"rtt":	371,
					"omitted":	false
				}],
			"sum":	{
				"start":	1.000177,
				"end":	2.000187,
				"seconds":	1.000010,
				"bytes":	5094768640,
				"bits_per_second":	4.075774e+10,
				"retransmits":	0,
				"omitted":	false
			}
		}, {
			"streams":	[{
					"socket":	4,
					"start":	2.000187,
					"end":	3.000098,
					"seconds":	0.999911,
					"bytes":	5064622080,
					"bits_per_second":	4.052059e+10,
					"retransmits":	0,
					"snd_cwnd":	2005480,
					"rtt":	364,
					"omitted":	false
				}],
			"sum":	{
				"start":	2.000187,
				"end":	3.000098,
				"seconds":	0.999911,
				"bytes":	5064622080,
				"bits_per_second":	4.052059e+10,
				"retransmits":	0,
				"omitted":	false
			}
		}, {
			"streams":	[{
					"socket":	4,
					"start":	3.000098,
					"end":	4.000196,
					"seconds":	1.000098,
					"bytes":	5064622080,
					"bits_per_second":	4.051301e+10,
					"retransmits":	0,
					"snd_cwnd":	2005480,
					"rtt":	356,
					"omitted":	false
				}],
			"sum":	{
				"start":	3.000098,
				"end":	4.000196,
				"seconds":	1.000098,
				"bytes":	5064622080,
				"bits_per_second":	4.051301e+10,
				"retransmits":	0,
				"omitted":	false
			}
		}, {
			"streams":	[{
					"socket":	4,
					"start":	4.000196,
					"end":	5.000133,
					"seconds":	0.999937,
					"bytes":	5060689920,
					"bits_per_second":	4.048807e+10,
					"retransmits":	0,
					"snd_cwnd":	2005480,
					"rtt":	368,
					"omitted":	false
				}],
			"sum":	{
				"start":	4.000196,
				"end":	5.000133,
				"seconds":	0.999937,
				"bytes":	5060689920,
				"bits_per_second":	4.048807e+10,
				"retransmits":	0,
				"omitted":	false
			}
		}, {
			"streams":	[{
					"socket":	4,
					"start":	5.000133,
					"end":	6.000196,
					"seconds":	1.000063,
					"bytes":	5054136320,
					"bits_per_second":	4.043055e+10,
					"retransmits":	0,
					"snd_cwnd":	2005480,
					"rtt":	373,
					"omitted":	false
				}],
			"sum":	{
				"start":	5.000133,
				"end":	6.000196,
				"seconds":	1.000063,
				"bytes":	5054136320,
				"bits_per_second":	4.043055e+10,
				"retransmits":	0,
				"omitted":	false
			}
		}, {
			"streams":	[{
					"socket":	4,
					"start":	6.000196,
					"end":	7.000085,
					"seconds":	0.999889,
					"bytes":	5084282880,
					"bits_per_second":	4.067877e+10,
					"retransmits":	0,
					"snd_cwnd":	2005480,
					"rtt":	353,
					"omitted":	false
				}],
			"sum":	{
				"start":	6.000196,
				"end":	7.000085,
				"seconds":	0.999889,
				"bytes":	5084282880,
				"bits_per_second":	4.067877e+10,
				"retransmits":	0,
				"omitted":	false
			}
		}, {
			"streams":	[{
					"socket":	4,
					"start":	7.000085,
					"end":	8.000003,
					"seconds":	0.999918,
					"bytes":	5081661440,
					"bits_per_second":	4.065663e+10,
					"retransmits":	0,
					"snd_cwnd":	2005480,
					"rtt":	370,
					"omitted":	false
				}],
			"sum":	{
				"start":	7.000085,
				"end":	8.000003,
				"seconds":	0.999918,
				"bytes":	5081661440,
				"bits_per_second":	4.065663e+10,
				"retransmits":	0,
				"omitted":	false
			}
		}, {
			"streams":	[{
					"socket":	4,
					"start":	8.000003,
					"end":	9.000070,
					"seconds":	1.000067,
					"bytes":	5314969600,
					"bits_per_second":	4.251691e+10,
					"retransmits":	0,
					"snd_cwnd":	2005480,
					"rtt":	384,
					"omitted":	false
				}],
			"sum":	{
				"start":	8.000003,
				"end":	9.000070,
				"seconds":	1.000067,
				"bytes":	5314969600,
				"bits_per_second":	4.251691e+10,
				"retransmits":	0,
				"omitted":	false
			}
		}, {
			"streams":	[{
					"socket":	4,
					"start":	9.000070,
					"end":	10.000106,
					"seconds":	1.000036,
					"bytes":	5068554240,
					"bits_per_second":	4.054697e+10,
					"retransmits":	0,
					"snd_cwnd":	2005480,
					"rtt":	385,
					"omitted":	false
				}],
			"sum":	{
				"start":	9.000070,
				"end":	10.000106,
				"seconds":	1.000036,
				"bytes":	5068554240,
				"bits_per_second":	4.054697e+10,
				"retransmits":	0,
				"omitted":	false
			}
		}, {
			"streams":	[{
					"socket":	4,
					"start":	10.000106,
					"end":	11.000073,
					"seconds":	0.999967,
					"bytes":	5076418560,
					"bits_per_second":	4.061269e+10,
					"retransmits":	0,
					"snd_cwnd":	2005480,
					"rtt":	369,
					"omitted":	false
				}],
			"sum":	{
				"start":	10.000106,
				"end":	11.000073,
				"seconds":	0.999967,
				"bytes":	5076418560,
				"bits_per_second":	4.061269e+10,
				"retransmits":	0,
				"omitted":	false
			}
		}, {
			"streams":	[{
					"socket":	4,
					"start":	11.000073,
					"end":	12.000120,
					"seconds":	1.000047,
					"bytes":	5065311264,
					"bits_per_second":	4.052059e+10,
					"retransmits":	0,
					"snd_cwnd":	2005480,
					"rtt":	365,
					"omitted":	false
				}],
			"sum":	{
				"start":	11.000073,
				"end":	12.000120,
				"seconds":	1.000047,
				"bytes":	5065311264,
				"bits_per_second":	4.052059e+10,
				"retransmits":	0,
				"omitted":	false
			}
		}, {
			"streams":	[{
					"socket":	4,
					"start":	12.000120,
					"end":	13.000179,
					"seconds":	1.000059,
					"bytes":	5199626240,
					"bits_per_second":	4.159455e+10,
					"retransmits":	0,
					"snd_cwnd":	2005480,
					"rtt":	366,
					"omitted":	false
				}],
			"sum":	{
				"start":	12.000120,
				"end":	13.000179,
				"seconds":	1.000059,
				"bytes":	5199626240,
				"bits_per_second":	4.159455e+10,
				"retransmits":	0,
				"omitted":	false
			}
		}, {
			"streams":	[{
					"socket":	4,
					"start":	13.000179,
					"end":	14.000198,
					"seconds":	1.000019,
					"bytes":	5067243520,
					"bits_per_second":	4.053717e+10,
					"retransmits":	0,
					"snd_cwnd":	2005480,
					"rtt":	374,
					"omitted":	false
				}],
			"sum":	{
				"start":	13.000179,
				"end":	14.000198,
				"seconds":	1.000019,
				"bytes":	5067243520,
				"bits_per_second":	4.053717e+10,
				"retransmits":	0,
				"omitted":	false
			}
		}, {
			"streams":	[{
					"socket":	4,
					"start":	14.000198,
					"end":	15.000197,
					"seconds":	0.999999,
					"bytes":	5258608640,
					"bits_per_second":	4.206892e+10,
					"retransmits":	0,
					"snd_cwnd":	2005480,
					"rtt":	389,
					"omitted":	false
				}],
			"sum":	{
				"start":	14.000198,
				"end":	15.000197,
				"seconds":	0.999999,
				"bytes":	5258608640,
				"bits_per_second":	4.206892e+10,
				"retransmits":	0,
				"omitted":	false
			}
		}, {
			"streams":	[{
					"socket":	4,
					"start":	15.000197,
					"end":	16.000183,
					"seconds":	0.999986,
					"bytes":	5064622080,
					"bits_per_second":	4.051754e+10,
					"retransmits":	0,
					"snd_cwnd":	2005480,
					"rtt":	364,
					"omitted":	false
				}],