{
	"start":	{
		"connected":	[{
				"socket":	4,
				"local_host":	"169.254.0.2",
				"local_port":	52306,
				"remote_host":	"169.254.0.2",
				"remote_port":	5201
			}],
		"version":	"iperf 3.1.3",
		"system_info":	"Linux rlin02 4.15.0-47-generic #50-Ubuntu SMP Wed Mar 13 10:44:52 UTC 2019 x86_64",
		"timestamp":	{
			"time":	"Sun, 25 Aug 2019 12:46:49 GMT",
			"timesecs":	1566737209
		},
		"connecting_to":	{
			"host":	"169.254.0.2",
			"port":	5201
		},
		"cookie":	"rlin02.1566737209.006925.541e1063643",
		"tcp_mss_default":	21888,
		"test_start":	{
			"protocol":	"TCP",
			"num_streams":	1,
			"blksize":	131072,
			"omit":	0,
			"duration":	30,
			"bytes":	0,
			"blocks":	0,
			"reverse":	0
		}
	},
	"intervals":	[{
			"streams":	[{
					"socket":	4,
					"start":	0,
					"end":	1.000091,
					"seconds":	1.000091,
					"bytes":	6902251520,
					"bits_per_second":	5.521300e+10,
					"retransmits":	0,
					"snd_cwnd":	916762,
					"rtt":	21,
					"omitted":	false
				}],
			"sum":	{
				"start":	0,
				"end":	1.000091,
				"seconds":	1.000091,
				"bytes":	6902251520,
				"bits_per_second":	5.521300e+10,
				"retransmits":	0,
				"omitted":	false
			}
		}, {
			"streams":	[{
					"socket":	4,
					"start":	1.000091,
					"end":	2.000187,
					"seconds":	1.000096,
					"bytes":	6944194560,
					"bits_per_second":	5.554822e+10,
					"retransmits":	0,
					"snd_cwnd":	1244177,
					"rtt":	21,
					"omitted":	false
				}],
			"sum":	{
				"start":	1.000091,
				"end":	2.000187,
				"seconds":	1.000096,
				"bytes":	6944194560,
				"bits_per_second":	5.554822e+10,
				"retransmits":	0,
				"omitted":	false
			}
		}, {
			"streams":	[{
					"socket":	4,
					"start":	2.000187,
					"end":	3.000072,
					"seconds":	0.999885,
					"bytes":	6950748160,
					"bits_per_second":	5.561238e+10,
					"retransmits":	0,
					"snd_cwnd":	1244177,
					"rtt":	21,
					"omitted":	false
				}],
			"sum":	{
				"start":	2.000187,
				"end":	3.000072,
				"seconds":	0.999885,
				"bytes":	6950748160,
				"bits_per_second":	5.561238e+10,
				"retransmits":	0,
				"omitted":	false
			}
		}, {
			"streams":	[{
					"socket":	4,
					"start":	3.000072,
					"end":	4.000148,
					"seconds":	1.000076,
					"bytes":	6935019520,
					"bits_per_second":	5.547595e+10,
					"retransmits":	0,
					"snd_cwnd":	1244177,
					"rtt":	21,
					"omitted":	false
				}],
			"sum":	{
				"start":	3.000072,
				"end":	4.000148,
				"seconds":	1.000076,
				"bytes":	6935019520,
				"bits_per_second":	5.547595e+10,
				"retransmits":	0,
				"omitted":	false
			}
		}, {
			"streams":	[{
					"socket":	4,
					"start":	4.000148,
					"end":	5.000004,
					"seconds":	0.999856,
					"bytes":	6898319360,
					"bits_per_second":	5.519450e+10,
					"retransmits":	0,
					"snd_cwnd":	1244177,
					"rtt":	22,
					"omitted":	false
				}],
			"sum":	{
				"start":	4.000148,
				"end":	5.000004,
				"seconds":	0.999856,
				"bytes":	6898319360,
				"bits_per_second":	5.519450e+10,
				"retransmits":	0,
				"omitted":	false
			}
		}, {
			"streams":	[{
					"socket":	4,
					"start":	5.000004,
					"end":	6.000098,
					"seconds":	1.000094,
					"bytes":	6781665280,
					"bits_per_second":	5.424821e+10,
					"retransmits":	0,
					"snd_cwnd":	1244177,
					"rtt":	22,
					"omitted":	false
				}],
			"sum":	{
				"start":	5.000004,
				"end":	6.000098,
				"seconds":	1.000094,
				"bytes":	6781665280,
				"bits_per_second":	5.424821e+10,
				"retransmits":	0,
				"omitted":	false
			}
		}, {
			"streams":	[{
					"socket":	4,
					"start":	6.000098,
					"end":	7.000028,
					"seconds":	0.999930,
					"bytes":	6950748160,
					"bits_per_second":	5.560988e+10,
					"retransmits":	0,
					"snd_cwnd":	1244177,
					"rtt":	22,
					"omitted":	false
				}],
			"sum":	{
				"start":	6.000098,
				"end":	7.000028,
				"seconds":	0.999930,
				"bytes":	6950748160,
				"bits_per_second":	5.560988e+10,
				"retransmits":	0,
				"omitted":	false
			}
		}, {
			"streams":	[{
					"socket":	4,
					"start":	7.000028,
					"end":	8.000141,
					"seconds":	1.000113,
					"bytes":	6895697920,
					"bits_per_second":	5.515935e+10,
					"retransmits":	0,
					"snd_cwnd":	1244177,
					"rtt":	21,
					"omitted":	false
				}],
			"sum":	{
				"start":	7.000028,
				"end":	8.000141,
				"seconds":	1.000113,
				"bytes":	6895697920,
				"bits_per_second":	5.515935e+10,
				"retransmits":	0,
				"omitted":	false
			}
		}, {
			"streams":	[{
					"socket":	4,
					"start":	8.000141,
					"end":	9.000164,
					"seconds":	1.000023,
					"bytes":	6924533760,
					"bits_per_second":	5.539500e+10,
					"retransmits":	0,
					"snd_cwnd":	1244177,
					"rtt":	21,
					"omitted":	false
				}],
			"sum":	{
				"start":	8.000141,
				"end":	9.000164,
				"seconds":	1.000023,
				"bytes":	6924533760,
				"bits_per_second":	5.539500e+10,
				"retransmits":	0,
				"omitted":	false
			}
		}, {
			"streams":	[{
					"socket":	4,
					"start":	9.000164,
					"end":	10.000004,
					"seconds":	0.999840,
					"bytes":	6920601600,
					"bits_per_second":	5.537367e+10,
					"retransmits":	0,
					"snd_cwnd":	1244177,
					"rtt":	22,
					"omitted":	false
				}],
			"sum":	{
				"start":	9.000164,
				"end":	10.000004,
				"seconds":	0.999840,
				"bytes":	6920601600,
				"bits_per_second":	5.537367e+10,
				"retransmits":	0,
				"omitted":	false
			}
		}, {
			"streams":	[{
					"socket":	4,
					"start":	10.000004,
					"end":	11.000109,
					"seconds":	1.000105,
					"bytes":	6942883840,
					"bits_per_second":	5.553723e+10,
					"retransmits":	0,
					"snd_cwnd":	1244177,
					"rtt":	21,
					"omitted":	false
				}],
			"sum":	{
				"start":	10.000004,
				"end":	11.000109,
				"seconds":	1.000105,
				"bytes":	6942883840,
				"bits_per_second":	5.553723e+10,
				"retransmits":	0,
				"omitted":	false
			}
		}, {
			"streams":	[{
					"socket":	4,
					"start":	11.000109,
					"end":	12.000063,
					"seconds":	0.999954,
					"bytes":	6912737280,
					"bits_per_second":	5.530444e+10,
					"retransmits":	0,
					"snd_cwnd":	1244177,
					"rtt":	22,
					"omitted":	false
				}],
			"sum":	{
				"start":	11.000109,
				"end":	12.000063,
				"seconds":	0.999954,
				"bytes":	6912737280,
				"bits_per_second":	5.530444e+10,
				"retransmits":	0,
				"omitted":	false
			}
		}, {
			"streams":	[{
					"socket":	4,
					"start":	12.000063,
					"end":	13.000016,
					"seconds":	0.999953,
					"bytes":	6886522880,
					"bits_per_second":	5.509477e+10,
					"retransmits":	0,
					"snd_cwnd":	1244177,
					"rtt":	22,
					"omitted":	false
				}],
			"sum":	{
				"start":	12.000063,
				"end":	13.000016,
				"seconds":	0.999953,
				"bytes":	6886522880,
				"bits_per_second":	5.509477e+10,
				"retransmits":	0,
				"omitted":	false
			}
		}, {
			"streams":	[{
					"socket":	4,
					"start":	13.000016,
					"end":	14.000191,
					"seconds":	1.000175,
					"bytes":	6805258240,
					"bits_per_second":	5.443254e+10,
					"retransmits":	0,
					"snd_cwnd":	1244177,
					"rtt":	21,
					"omitted":	false
				}],
			"sum":	{
				"start":	13.000016,
				"end":	14.000191,
				"seconds":	1.000175,
				"bytes":	6805258240,
				"bits_per_second":	5.443254e+10,
				"retransmits":	0,
				"omitted":	false
			}
		}, {
			"streams":	[{
					"socket":	4,
					"start":	14.000191,
					"end":	15.000022,
					"seconds":	0.999831,
					"bytes":	6872104960,
					"bits_per_second":	5.498613e+10,
					"retransmits":	0,
					"snd_cwnd":	1244177,
					"rtt":	22,
					"omitted":	false
				}],
			"sum":	{
				"start":	14.000191,
				"end":	15.000022,
				"seconds":	0.999831,
				"bytes":	6872104960,
				"bits_per_second":	5.498613e+10,
				"retransmits":	0,
				"omitted":	false
			}
		}, {
			"streams":	[{
					"socket":	4,
					"start":	15.000022,
					"end":	16.000098,
					"seconds":	1.000076,
					"bytes":	6870794240,
					"bits_per_second":	5.496217e+10,
					"retransmits":	0,
					"snd_cwnd":	1244177,
					"rtt":	19,
					"omitted":	false
				}],
			"sum":	{
				"start":	15.000022,