{
	"start":	{
		"connected":	[{
				"socket":	4,
				"local_host":	"169.254.0.2",
				"local_port":	56512,
				"remote_host":	"169.254.0.1",
				"remote_port":	5201
			}],
		"version":	"iperf 3.1.3",
		"system_info":	"Linux rlin02 4.15.0-47-generic #50-Ubuntu SMP Wed Mar 13 10:44:52 UTC 2019 x86_64",
		"timestamp":	{
			"time":	"Sun, 25 Aug 2019 12:51:15 GMT",
			"timesecs":	1566737475
		},
		"connecting_to":	{
			"host":	"169.254.0.1",
			"port":	5201
		},
		"cookie":	"rlin02.1566737475.762944.0fdaf36e3fa",
		"tcp_mss_default":	1448,
		"test_start":	{
			"protocol":	"TCP",
			"num_streams":	1,
			"blksize":	131072,
			"omit":	0,
			"duration":	30,
			"bytes":	0,
			"blocks":	0,
			"reverse":	0
		}
	},
	"intervals":	[{
			"streams":	[{
					"socket":	4,
					"start":	0,
					"end":	1.000002,
					"seconds":	1.000002,
					"bytes":	5595585920,
					"bits_per_second":	4.476460e+10,
					"retransmits":	0,
					"snd_cwnd":	2024304,
					"rtt":	362,
					"omitted":	false
				}],
			"sum":	{
				"start":	0,
				"end":	1.000002,
				"seconds":	1.000002,
				"bytes":	5595585920,
				"bits_per_second":	4.476460e+10,
				"retransmits":	0,
				"omitted":	false
			}
		}, {
			"streams":	[{
					"socket":	4,
					"start":	1.000002,
					"end":	2.000018,
					"seconds":	1.000016,
					"bytes":	5381816320,
					"bits_per_second":	4.305384e+10,
					"retransmits":	0,
					"snd_cwnd":	2024304,
					"rtt":	356,
					"omitted":	false
				}],
			"sum":	{
				"start":	1.000002,
				"end":	2.000018,
				"seconds":	1.000016,
				"bytes":	5381816320,
				"bits_per_second":	4.305384e+10,
				"retransmits":	0,
				"omitted":	false
			}
		}, {
			"streams":	[{
					"socket":	4,
					"start":	2.000018,
					"end":	3.000186,
					"seconds":	1.000168,
					"bytes":	5421137920,
					"bits_per_second":	4.336181e+10,
					"retransmits":	0,
					"snd_cwnd":	2024304,
					"rtt":	359,
					"omitted":	false
				}],
			"sum":	{
				"start":	2.000018,
				"end":	3.000186,
				"seconds":	1.000168,
				"bytes":	5421137920,
				"bits_per_second":	4.336181e+10,
				"retransmits":	0,
				"omitted":	false
			}
		}, {
			"streams":	[{
					"socket":	4,
					"start":	3.000186,
					"end":	4.000188,
					"seconds":	1.000002,
					"bytes":	5528616960,
					"bits_per_second":	4.422885e+10,
					"retransmits":	0,
					"snd_cwnd":	2024304,
					"rtt":	350,
					"omitted":	false
				}],
			"sum":	{
				"start":	3.000186,
				"end":	4.000188,
				"seconds":	1.000002,
				"bytes":	5528616960,
				"bits_per_second":	4.422885e+10,
				"retransmits":	0,
				"omitted":	false
			}
		}, {
			"streams":	[{
					"socket":	4,
					"start":	4.000188,
					"end":	5.000084,
					"seconds":	0.999896,
					"bytes":	5381816320,
					"bits_per_second":	4.305901e+10,
					"retransmits":	0,
					"snd_cwnd":	2024304,
					"rtt":	352,
					"omitted":	false
				}],
			"sum":	{
				"start":	4.000188,
				"end":	5.000084,
				"seconds":	0.999896,
				"bytes":	5381816320,
				"bits_per_second":	4.305901e+10,
				"retransmits":	0,
				"omitted":	false
			}
		}, {
			"streams":	[{
					"socket":	4,
					"start":	5.000084,
					"end":	6.000187,
					"seconds":	1.000103,
					"bytes":	5384437760,
					"bits_per_second":	4.307107e+10,
					"retransmits":	0,
					"snd_cwnd":	2024304,
					"rtt":	342,
					"omitted":	false
				}],
			"sum":	{
				"start":	5.000084,
				"end":	6.000187,
				"seconds":	1.000103,
				"bytes":	5384437760,
				"bits_per_second":	4.307107e+10,
				"retransmits":	0,
				"omitted":	false
			}
		}, {
			"streams":	[{
					"socket":	4,
					"start":	6.000187,
					"end":	7.000091,
					"seconds":	0.999904,
					"bytes":	5560074240,
					"bits_per_second":	4.448487e+10,
					"retransmits":	0,
					"snd_cwnd":	2024304,
					"rtt":	362,
					"omitted":	false
				}],
			"sum":	{
				"start":	6.000187,
				"end":	7.000091,
				"seconds":	0.999904,
				"bytes":	5560074240,
				"bits_per_second":	4.448487e+10,
				"retransmits":	0,
				"omitted":	false
			}
		}, {
			"streams":	[{
					"socket":	4,
					"start":	7.000091,
					"end":	8.000163,
					"seconds":	1.000072,
					"bytes":	5546967040,
					"bits_per_second":	4.437254e+10,
					"retransmits":	0,
					"snd_cwnd":	2024304,
					"rtt":	350,
					"omitted":	false
				}],
			"sum":	{
				"start":	7.000091,
				"end":	8.000163,
				"seconds":	1.000072,
				"bytes":	5546967040,
				"bits_per_second":	4.437254e+10,
				"retransmits":	0,
				"omitted":	false
			}
		}, {
			"streams":	[{
					"socket":	4,
					"start":	8.000163,
					"end":	9.000098,
					"seconds":	0.999935,
					"bytes":	5354291200,
					"bits_per_second":	4.283711e+10,
					"retransmits":	0,
					"snd_cwnd":	2024304,
					"rtt":	355,
					"omitted":	false
				}],
			"sum":	{
				"start":	8.000163,
				"end":	9.000098,
				"seconds":	0.999935,
				"bytes":	5354291200,
				"bits_per_second":	4.283711e+10,
				"retransmits":	0,
				"omitted":	false
			}
		}, {
			"streams":	[{
					"socket":	4,
					"start":	9.000098,
					"end":	10.000043,
					"seconds":	0.999945,
					"bytes":	5359534080,
					"bits_per_second":	4.287863e+10,
					"retransmits":	0,
					"snd_cwnd":	2024304,
					"rtt":	349,
					"omitted":	false
				}],
			"sum":	{
				"start":	9.000098,
				"end":	10.000043,
				"seconds":	0.999945,
				"bytes":	5359534080,
				"bits_per_second":	4.287863e+10,
				"retransmits":	0,
				"omitted":	false
			}
		}, {
			"streams":	[{
					"socket":	4,
					"start":	10.000043,
					"end":	11.000173,
					"seconds":	1.000130,
					"bytes":	5381816320,
					"bits_per_second":	4.304894e+10,
					"retransmits":	0,
					"snd_cwnd":	2024304,
					"rtt":	349,
					"omitted":	false
				}],
			"sum":	{
				"start":	10.000043,
				"end":	11.000173,
				"seconds":	1.000130,
				"bytes":	5381816320,
				"bits_per_second":	4.304894e+10,
				"retransmits":	0,
				"omitted":	false
			}
		}, {
			"streams":	[{
					"socket":	4,
					"start":	11.000173,
					"end":	12.000053,
					"seconds":	0.999880,
					"bytes":	5529927680,
					"bits_per_second":	4.424473e+10,
					"retransmits":	0,
					"snd_cwnd":	2024304,
					"rtt":	364,
					"omitted":	false
				}],
			"sum":	{
				"start":	11.000173,
				"end":	12.000053,
				"seconds":	0.999880,
				"bytes":	5529927680,
				"bits_per_second":	4.424473e+10,
				"retransmits":	0,
				"omitted":	false
			}
		}, {
			"streams":	[{
					"socket":	4,
					"start":	12.000053,
					"end":	13.000122,
					"seconds":	1.000069,
					"bytes":	5569249280,
					"bits_per_second":	4.455092e+10,
					"retransmits":	0,
					"snd_cwnd":	2024304,
					"rtt":	355,
					"omitted":	false
				}],
			"sum":	{
				"start":	12.000053,
				"end":	13.000122,
				"seconds":	1.000069,
				"bytes":	5569249280,
				"bits_per_second":	4.455092e+10,
				"retransmits":	0,
				"omitted":	false
			}
		}, {
			"streams":	[{
					"socket":	4,
					"start":	13.000122,
					"end":	14.000129,
					"seconds":	1.000007,
					"bytes":	5355601920,
					"bits_per_second":	4.284451e+10,
					"retransmits":	0,
					"snd_cwnd":	2024304,
					"rtt":	351,
					"omitted":	false
				}],
			"sum":	{
				"start":	13.000122,
				"end":	14.000129,
				"seconds":	1.000007,
				"bytes":	5355601920,
				"bits_per_second":	4.284451e+10,
				"retransmits":	0,
				"omitted":	false
			}
		}, {
			"streams":	[{
					"socket":	4,
					"start":	14.000129,
					"end":	15.000182,
					"seconds":	1.000053,
					"bytes":	5476188160,
					"bits_per_second":	4.380719e+10,
					"retransmits":	0,
					"snd_cwnd":	2024304,
					"rtt":	370,
					"omitted":	false
				}],
			"sum":	{
				"start":	14.000129,
				"end":	15.000182,
				"seconds":	1.000053,
				"bytes":	5476188160,
				"bits_per_second":	4.380719e+10,
				"retransmits":	0,
				"omitted":	false
			}
		}, {
			"streams":	[{
					"socket":	4,
					"start":	15.000182,
					"end":	16.000186,
					"seconds":	1.000004,
					"bytes":	5527306240,
					"bits_per_second":	4.421827e+10,
					"retransmits":	0,
					"snd_cwnd":	2024304,
					"rtt":	361,
					"omitted":	false
				}],