{
	"start":	{
		"connected":	[{
				"socket":	4,
				"local_host":	"169.254.0.2",
				"local_port":	51750,
				"remote_host":	"169.254.0.1",
				"remote_port":	5201
			}],
		"version":	"iperf 3.1.3",
		"system_info":	"Linux rlin02 4.15.0-76-generic #86-Ubuntu SMP Fri Jan 17 17:24:28 UTC 2020 x86_64",
		"timestamp":	{
			"time":	"Sat, 08 Feb 2020 15:03:19 GMT",
			"timesecs":	1581174199
		},
		"connecting_to":	{
			"host":	"169.254.0.1",
			"port":	5201
		},
		"cookie":	"rlin02.1581174199.781203.269c5d5344d",
		"tcp_mss_default":	1448,
		"test_start":	{
			"protocol":	"TCP",
			"num_streams":	1,
			"blksize":	131072,
			"omit":	0,
			"duration":	30,
			"bytes":	0,
			"blocks":	0,
			"reverse":	0
		}
	},
	"intervals":	[{
			"streams":	[{
					"socket":	4,
					"start":	0,
					"end":	1.000019,
					"seconds":	1.000019,
					"bytes":	4565950224,
					"bits_per_second":	3.652691e+10,
					"retransmits":	0,
					"snd_cwnd":	2043128,
					"rtt":	382,
					"omitted":	false
				}],
			"sum":	{
				"start":	0,
				"end":	1.000019,
				"seconds":	1.000019,
				"bytes":	4565950224,
				"bits_per_second":	3.652691e+10,
				"retransmits":	0,
				"omitted":	false
			}
		}, {
			"streams":	[{
					"socket":	4,
					"start":	1.000019,
					"end":	2.000074,
					"seconds":	1.000055,
					"bytes":	4852285440,
					"bits_per_second":	3.881615e+10,
					"retransmits":	0,
					"snd_cwnd":	2043128,
					"rtt":	367,
					"omitted":	false
				}],
			"sum":	{
				"start":	1.000019,
				"end":	2.000074,
				"seconds":	1.000055,
				"bytes":	4852285440,
				"bits_per_second":	3.881615e+10,
				"retransmits":	0,
				"omitted":	false
			}
		}, {
			"streams":	[{
					"socket":	4,
					"start":	2.000074,
					"end":	3.000079,
					"seconds":	1.000005,
					"bytes":	4850974720,
					"bits_per_second":	3.880760e+10,
					"retransmits":	0,
					"snd_cwnd":	2043128,
					"rtt":	372,
					"omitted":	false
				}],
			"sum":	{
				"start":	2.000074,
				"end":	3.000079,
				"seconds":	1.000005,
				"bytes":	4850974720,
				"bits_per_second":	3.880760e+10,
				"retransmits":	0,
				"omitted":	false
			}
		}, {
			"streams":	[{
					"socket":	4,
					"start":	3.000079,
					"end":	4.000107,
					"seconds":	1.000028,
					"bytes":	4871946240,
					"bits_per_second":	3.897448e+10,
					"retransmits":	0,
					"snd_cwnd":	2043128,
					"rtt":	372,
					"omitted":	false
				}],
			"sum":	{
				"start":	3.000079,
				"end":	4.000107,
				"seconds":	1.000028,
				"bytes":	4871946240,
				"bits_per_second":	3.897448e+10,
				"retransmits":	0,
				"omitted":	false
			}
		}, {
			"streams":	[{
					"socket":	4,
					"start":	4.000107,
					"end":	5.000114,
					"seconds":	1.000007,
					"bytes":	4826071040,
					"bits_per_second":	3.860829e+10,
					"retransmits":	0,
					"snd_cwnd":	2043128,
					"rtt":	374,
					"omitted":	false
				}],
			"sum":	{
				"start":	4.000107,
				"end":	5.000114,
				"seconds":	1.000007,
				"bytes":	4826071040,
				"bits_per_second":	3.860829e+10,
				"retransmits":	0,
				"omitted":	false
			}
		}, {
			"streams":	[{
					"socket":	4,
					"start":	5.000114,
					"end":	6.000024,
					"seconds":	0.999910,
					"bytes":	4866703360,
					"bits_per_second":	3.893714e+10,
					"retransmits":	0,
					"snd_cwnd":	2043128,
					"rtt":	366,
					"omitted":	false
				}],
			"sum":	{
				"start":	5.000114,
				"end":	6.000024,
				"seconds":	0.999910,
				"bytes":	4866703360,
				"bits_per_second":	3.893714e+10,
				"retransmits":	0,
				"omitted":	false
			}
		}, {
			"streams":	[{
					"socket":	4,
					"start":	6.000024,
					"end":	7.000044,
					"seconds":	1.000020,
					"bytes":	4841799680,
					"bits_per_second":	3.873362e+10,
					"retransmits":	0,
					"snd_cwnd":	2043128,
					"rtt":	389,
					"omitted":	false
				}],
			"sum":	{
				"start":	6.000024,
				"end":	7.000044,
				"seconds":	1.000020,
				"bytes":	4841799680,
				"bits_per_second":	3.873362e+10,
				"retransmits":	0,
				"omitted":	false
			}
		}, {
			"streams":	[{
					"socket":	4,
					"start":	7.000044,
					"end":	8.000203,
					"seconds":	1.000159,
					"bytes":	4849664000,
					"bits_per_second":	3.879114e+10,
					"retransmits":	0,
					"snd_cwnd":	2043128,
					"rtt":	388,
					"omitted":	false
				}],
			"sum":	{
				"start":	7.000044,
				"end":	8.000203,
				"seconds":	1.000159,
				"bytes":	4849664000,
				"bits_per_second":	3.879114e+10,
				"retransmits":	0,
				"omitted":	false
			}
		}, {
			"streams":	[{
					"socket":	4,
					"start":	8.000203,
					"end":	9.000193,
					"seconds":	0.999990,
					"bytes":	4852285440,
					"bits_per_second":	3.881867e+10,
					"retransmits":	0,
					"snd_cwnd":	2043128,
					"rtt":	382,
					"omitted":	false
				}],
			"sum":	{
				"start":	8.000203,
				"end":	9.000193,
				"seconds":	0.999990,
				"bytes":	4852285440,
				"bits_per_second":	3.881867e+10,
				"retransmits":	0,
				"omitted":	false
			}
		}, {
			"streams":	[{
					"socket":	4,
					"start":	9.000193,
					"end":	10.000055,
					"seconds":	0.999862,
					"bytes":	4809031680,
					"bits_per_second":	3.847757e+10,
					"retransmits":	0,
					"snd_cwnd":	2043128,
					"rtt":	378,
					"omitted":	false
				}],
			"sum":	{
				"start":	9.000193,
				"end":	10.000055,
				"seconds":	0.999862,
				"bytes":	4809031680,
				"bits_per_second":	3.847757e+10,
				"retransmits":	0,
				"omitted":	false
			}
		}, {
			"streams":	[{
					"socket":	4,
					"start":	10.000055,
					"end":	11.000118,
					"seconds":	1.000063,
					"bytes":	4853596160,
					"bits_per_second":	3.882633e+10,
					"retransmits":	0,
					"snd_cwnd":	2043128,
					"rtt":	374,
					"omitted":	false
				}],
			"sum":	{
				"start":	10.000055,
				"end":	11.000118,
				"seconds":	1.000063,
				"bytes":	4853596160,
				"bits_per_second":	3.882633e+10,
				"retransmits":	0,
				"omitted":	false
			}
		}, {
			"streams":	[{
					"socket":	4,
					"start":	11.000118,
					"end":	12.000139,
					"seconds":	1.000021,
					"bytes":	4798232888,
					"bits_per_second":	3.838505e+10,
					"retransmits":	0,
					"snd_cwnd":	2043128,
					"rtt":	380,
					"omitted":	false
				}],
			"sum":	{
				"start":	11.000118,
				"end":	12.000139,
				"seconds":	1.000021,
				"bytes":	4798232888,
				"bits_per_second":	3.838505e+10,
				"retransmits":	0,
				"omitted":	false
			}
		}, {
			"streams":	[{
					"socket":	4,
					"start":	12.000139,
					"end":	13.000062,
					"seconds":	0.999923,
					"bytes":	3932160000,
					"bits_per_second":	3.145970e+10,
					"retransmits":	0,
					"snd_cwnd":	2043128,
					"rtt":	440,
					"omitted":	false
				}],
			"sum":	{
				"start":	12.000139,
				"end":	13.000062,
				"seconds":	0.999923,
				"bytes":	3932160000,
				"bits_per_second":	3.145970e+10,
				"retransmits":	0,
				"omitted":	false
			}
		}, {
			"streams":	[{
					"socket":	4,
					"start":	13.000062,
					"end":	14.000080,
					"seconds":	1.000018,
					"bytes":	4860149760,
					"bits_per_second":	3.888050e+10,
					"retransmits":	0,
					"snd_cwnd":	2043128,
					"rtt":	373,
					"omitted":	false
				}],
			"sum":	{
				"start":	13.000062,
				"end":	14.000080,
				"seconds":	1.000018,
				"bytes":	4860149760,
				"bits_per_second":	3.888050e+10,
				"retransmits":	0,
				"omitted":	false
			}
		}, {
			"streams":	[{
					"socket":	4,
					"start":	14.000080,
					"end":	15.000199,
					"seconds":	1.000119,
					"bytes":	4836556800,
					"bits_per_second":	3.868785e+10,
					"retransmits":	0,
					"snd_cwnd":	2043128,
					"rtt":	397,
					"omitted":	false
				}],
			"sum":	{
				"start":	14.000080,
				"end":	15.000199,
				"seconds":	1.000119,
				"bytes":	4836556800,
				"bits_per_second":	3.868785e+10,
				"retransmits":	0,
				"omitted":	false
			}
		}, {
			"streams":	[{
					"socket":	4,
					"start":	15.000199,
					"end":	16.000134,
					"seconds":	0.999935,
					"bytes":	4816489736,
					"bits_per_second":	3.853442e+10,
					"retransmits":	0,
					"snd_cwnd":	2043128,
					"rtt":	381,
					"omitted":	false
				}],