{
	"start":	{
		"connected":	[{
				"socket":	4,
				"local_host":	"169.254.0.2",
				"local_port":	33532,
				"remote_host":	"169.254.0.1",
				"remote_port":	5201
			}],
		"version":	"iperf 3.1.3",
		"system_info":	"Linux rlin02 4.15.0-47-generic #50-Ubuntu SMP Wed Mar 13 10:44:52 UTC 2019 x86_64",
		"timestamp":	{
			"time":	"Mon, 22 Apr 2019 14:32:22 GMT",
			"timesecs":	1555943542
		},
		"connecting_to":	{
			"host":	"169.254.0.1",
			"port":	5201
		},
		"cookie":	"rlin02.1555943542.500180.76d9178056c",
		"tcp_mss_default":	1448,
		"test_start":	{
			"protocol":	"TCP",
			"num_streams":	1,
			"blksize":	131072,
			"omit":	0,
			"duration":	30,
			"bytes":	0,
			"blocks":	0,
			"reverse":	0
		}
	},
	"intervals":	[{
			"streams":	[{
					"socket":	4,
					"start":	0,
					"end":	1.000128,
					"seconds":	1.000128,
					"bytes":	4425282136,
					"bits_per_second":	3.539773e+10,
					"retransmits":	0,
					"snd_cwnd":	2069192,
					"rtt":	414,
					"omitted":	false
				}],
			"sum":	{
				"start":	0,
				"end":	1.000128,
				"seconds":	1.000128,
				"bytes":	4425282136,
				"bits_per_second":	3.539773e+10,
				"retransmits":	0,
				"omitted":	false
			}
		}, {
			"streams":	[{
					"socket":	4,
					"start":	1.000128,
					"end":	2.000080,
					"seconds":	0.999952,
					"bytes":	4419747840,
					"bits_per_second":	3.535968e+10,
					"retransmits":	0,
					"snd_cwnd":	2069192,
					"rtt":	413,
					"omitted":	false
				}],
			"sum":	{
				"start":	1.000128,
				"end":	2.000080,
				"seconds":	0.999952,
				"bytes":	4419747840,
				"bits_per_second":	3.535968e+10,
				"retransmits":	0,
				"omitted":	false
			}
		}, {
			"streams":	[{
					"socket":	4,
					"start":	2.000080,
					"end":	3.000242,
					"seconds":	1.000162,
					"bytes":	4415815680,
					"bits_per_second":	3.532081e+10,
					"retransmits":	0,
					"snd_cwnd":	2069192,
					"rtt":	412,
					"omitted":	false
				}],
			"sum":	{
				"start":	2.000080,
				"end":	3.000242,
				"seconds":	1.000162,
				"bytes":	4415815680,
				"bits_per_second":	3.532081e+10,
				"retransmits":	0,
				"omitted":	false
			}
		}, {
			"streams":	[{
					"socket":	4,
					"start":	3.000242,
					"end":	4.000103,
					"seconds":	0.999861,
					"bytes":	4403206512,
					"bits_per_second":	3.523055e+10,
					"retransmits":	0,
					"snd_cwnd":	2069192,
					"rtt":	411,
					"omitted":	false
				}],
			"sum":	{
				"start":	3.000242,
				"end":	4.000103,
				"seconds":	0.999861,
				"bytes":	4403206512,
				"bits_per_second":	3.523055e+10,
				"retransmits":	0,
				"omitted":	false
			}
		}, {
			"streams":	[{
					"socket":	4,
					"start":	4.000103,
					"end":	5.000190,
					"seconds":	1.000087,
					"bytes":	4418437120,
					"bits_per_second":	3.534442e+10,
					"retransmits":	0,
					"snd_cwnd":	2069192,
					"rtt":	437,
					"omitted":	false
				}],
			"sum":	{
				"start":	4.000103,
				"end":	5.000190,
				"seconds":	1.000087,
				"bytes":	4418437120,
				"bits_per_second":	3.534442e+10,
				"retransmits":	0,
				"omitted":	false
			}
		}, {
			"streams":	[{
					"socket":	4,
					"start":	5.000190,
					"end":	6.000120,
					"seconds":	0.999930,
					"bytes":	4412625536,
					"bits_per_second":	3.530348e+10,
					"retransmits":	0,
					"snd_cwnd":	2069192,
					"rtt":	430,
					"omitted":	false
				}],
			"sum":	{
				"start":	5.000190,
				"end":	6.000120,
				"seconds":	0.999930,
				"bytes":	4412625536,
				"bits_per_second":	3.530348e+10,
				"retransmits":	0,
				"omitted":	false
			}
		}, {
			"streams":	[{
					"socket":	4,
					"start":	6.000120,
					"end":	7.000160,
					"seconds":	1.000040,
					"bytes":	4421058560,
					"bits_per_second":	3.536705e+10,
					"retransmits":	0,
					"snd_cwnd":	2069192,
					"rtt":	437,
					"omitted":	false
				}],
			"sum":	{
				"start":	6.000120,
				"end":	7.000160,
				"seconds":	1.000040,
				"bytes":	4421058560,
				"bits_per_second":	3.536705e+10,
				"retransmits":	0,
				"omitted":	false
			}
		}, {
			"streams":	[{
					"socket":	4,
					"start":	7.000160,
					"end":	8.000128,
					"seconds":	0.999968,
					"bytes":	4419747840,
					"bits_per_second":	3.535911e+10,
					"retransmits":	0,
					"snd_cwnd":	2069192,
					"rtt":	425,
					"omitted":	false
				}],
			"sum":	{
				"start":	7.000160,
				"end":	8.000128,
				"seconds":	0.999968,
				"bytes":	4419747840,
				"bits_per_second":	3.535911e+10,
				"retransmits":	0,
				"omitted":	false
			}
		}, {
			"streams":	[{
					"socket":	4,
					"start":	8.000128,
					"end":	9.000041,
					"seconds":	0.999913,
					"bytes":	4409262080,
					"bits_per_second":	3.527717e+10,
					"retransmits":	0,
					"snd_cwnd":	2069192,
					"rtt":	427,
					"omitted":	false
				}],
			"sum":	{
				"start":	8.000128,
				"end":	9.000041,
				"seconds":	0.999913,
				"bytes":	4409262080,
				"bits_per_second":	3.527717e+10,
				"retransmits":	0,
				"omitted":	false
			}
		}, {
			"streams":	[{
					"socket":	4,
					"start":	9.000041,
					"end":	10.000148,
					"seconds":	1.000107,
					"bytes":	4409262080,
					"bits_per_second":	3.527032e+10,
					"retransmits":	0,
					"snd_cwnd":	2069192,
					"rtt":	429,
					"omitted":	false
				}],
			"sum":	{
				"start":	9.000041,
				"end":	10.000148,
				"seconds":	1.000107,
				"bytes":	4409262080,
				"bits_per_second":	3.527032e+10,
				"retransmits":	0,
				"omitted":	false
			}
		}, {
			"streams":	[{
					"socket":	4,
					"start":	10.000148,
					"end":	11.000050,
					"seconds":	0.999902,
					"bytes":	4430233600,
					"bits_per_second":	3.544534e+10,
					"retransmits":	0,
					"snd_cwnd":	2069192,
					"rtt":	429,
					"omitted":	false
				}],
			"sum":	{
				"start":	10.000148,
				"end":	11.000050,
				"seconds":	0.999902,
				"bytes":	4430233600,
				"bits_per_second":	3.544534e+10,
				"retransmits":	0,
				"omitted":	false
			}
		}, {
			"streams":	[{
					"socket":	4,
					"start":	11.000050,
					"end":	12.000124,
					"seconds":	1.000074,
					"bytes":	4433672392,
					"bits_per_second":	3.546676e+10,
					"retransmits":	0,
					"snd_cwnd":	2069192,
					"rtt":	430,
					"omitted":	false
				}],
			"sum":	{
				"start":	11.000050,
				"end":	12.000124,
				"seconds":	1.000074,
				"bytes":	4433672392,
				"bits_per_second":	3.546676e+10,
				"retransmits":	0,
				"omitted":	false
			}
		}, {
			"streams":	[{
					"socket":	4,
					"start":	12.000124,
					"end":	13.000205,
					"seconds":	1.000081,
					"bytes":	4423680000,
					"bits_per_second":	3.538657e+10,
					"retransmits":	0,
					"snd_cwnd":	2069192,
					"rtt":	414,
					"omitted":	false
				}],
			"sum":	{
				"start":	12.000124,
				"end":	13.000205,
				"seconds":	1.000081,
				"bytes":	4423680000,
				"bits_per_second":	3.538657e+10,
				"retransmits":	0,
				"omitted":	false
			}
		}, {
			"streams":	[{
					"socket":	4,
					"start":	13.000205,
					"end":	14.000224,
					"seconds":	1.000019,
					"bytes":	4424990720,
					"bits_per_second":	3.539925e+10,
					"retransmits":	0,
					"snd_cwnd":	2069192,
					"rtt":	417,
					"omitted":	false
				}],
			"sum":	{
				"start":	13.000205,
				"end":	14.000224,
				"seconds":	1.000019,
				"bytes":	4424990720,
				"bits_per_second":	3.539925e+10,
				"retransmits":	0,
				"omitted":	false
			}
		}, {
			"streams":	[{
					"socket":	4,
					"start":	14.000224,
					"end":	15.000139,
					"seconds":	0.999915,
					"bytes":	4419450808,
					"bits_per_second":	3.535862e+10,
					"retransmits":	0,
					"snd_cwnd":	2069192,
					"rtt":	404,
					"omitted":	false
				}],
			"sum":	{
				"start":	14.000224,
				"end":	15.000139,
				"seconds":	0.999915,
				"bytes":	4419450808,
				"bits_per_second":	3.535862e+10,
				"retransmits":	0,
				"omitted":	false
			}
		}, {
			"streams":	[{
					"socket":	4,
					"start":	15.000139,
					"end":	16.000226,
					"seconds":	1.000087,
					"bytes":	4415815680,
					"bits_per_second":	3.532345e+10,
					"retransmits":	0,
					"snd_cwnd":	2069192,
					"rtt":	401,
					"omitted":	false
				}],