{
	"start":	{
		"connected":	[{
				"socket":	5,
				"local_host":	"169.254.0.1",
				"local_port":	59092,
				"remote_host":	"169.254.0.2",
				"remote_port":	5201
			}],
		"version":	"iperf 3.6",
		"system_info":	"Linux 169.254.0.1 4.14.94 #1 SMP Wed Jan 23 21:19:15 UTC 2019 x86_64",
		"timestamp":	{
			"time":	"Sun, 25 Aug 2019 12:52:22 GMT",
			"timesecs":	1566737542
		},
		"connecting_to":	{
			"host":	"169.254.0.2",
			"port":	5201
		},
		"cookie":	"uc3tr3r3sehtl3hozhsa2sq4wi5ppzmqwbqq",
		"tcp_mss_default":	1448,
		"sock_bufsize":	0,
		"sndbuf_actual":	16384,
		"rcvbuf_actual":	87380,
		"test_start":	{
			"protocol":	"TCP",
			"num_streams":	1,
			"blksize":	131072,
			"omit":	0,
			"duration":	30,
			"bytes":	0,
			"blocks":	0,
			"reverse":	0,
			"tos":	0
		}
	},
	"intervals":	[{
			"streams":	[{
					"socket":	5,
					"start":	0,
					"end":	1.0000309944152832,
					"seconds":	1.0000309944152832,
					"bytes":	3811121384,
					"bits_per_second":	30488026113.457474,
					"retransmits":	0,
					"snd_cwnd":	3268136,
					"rtt":	344,
					"rttvar":	35,
					"pmtu":	1500,
					"omitted":	false
				}],
			"sum":	{
				"start":	0,
				"end":	1.0000309944152832,
				"seconds":	1.0000309944152832,
				"bytes":	3811121384,
				"bits_per_second":	30488026113.457474,
				"retransmits":	0,
				"omitted":	false
			}
		}, {
			"streams":	[{
					"socket":	5,
					"start":	1.0000309944152832,
					"end":	2.0000488758087158,
					"seconds":	1.0000178813934326,
					"bytes":	3841720320,
					"bits_per_second":	30733213007.326767,
					"retransmits":	0,
					"snd_cwnd":	3268136,
					"rtt":	343,
					"rttvar":	37,
					"pmtu":	1500,
					"omitted":	false
				}],
			"sum":	{
				"start":	1.0000309944152832,
				"end":	2.0000488758087158,
				"seconds":	1.0000178813934326,
				"bytes":	3841720320,
				"bits_per_second":	30733213007.326767,
				"retransmits":	0,
				"omitted":	false
			}
		}, {
			"streams":	[{
					"socket":	5,
					"start":	2.0000488758087158,
					"end":	3.0000860691070557,
					"seconds":	1.0000371932983398,
					"bytes":	3988520960,
					"bits_per_second":	31906980954.138248,
					"retransmits":	0,
					"snd_cwnd":	3268136,
					"rtt":	426,
					"rttvar":	28,
					"pmtu":	1500,
					"omitted":	false
				}],
			"sum":	{
				"start":	2.0000488758087158,
				"end":	3.0000860691070557,
				"seconds":	1.0000371932983398,
				"bytes":	3988520960,
				"bits_per_second":	31906980954.138248,
				"retransmits":	0,
				"omitted":	false
			}
		}, {
			"streams":	[{
					"socket":	5,
					"start":	3.0000860691070557,
					"end":	4.0000710487365723,
					"seconds":	0.9999849796295166,
					"bytes":	4156293120,
					"bits_per_second":	33250844400.001774,
					"retransmits":	0,
					"snd_cwnd":	3268136,
					"rtt":	280,
					"rttvar":	77,
					"pmtu":	1500,
					"omitted":	false
				}],
			"sum":	{
				"start":	3.0000860691070557,
				"end":	4.0000710487365723,
				"seconds":	0.9999849796295166,
				"bytes":	4156293120,
				"bits_per_second":	33250844400.001774,
				"retransmits":	0,
				"omitted":	false
			}
		}, {
			"streams":	[{
					"socket":	5,
					"start":	4.0000710487365723,
					"end":	5.0000710487365723,
					"seconds":	1,
					"bytes":	4105175040,
					"bits_per_second":	32841400320,
					"retransmits":	0,
					"snd_cwnd":	3268136,
					"rtt":	391,
					"rttvar":	31,
					"pmtu":	1500,
					"omitted":	false
				}],
			"sum":	{
				"start":	4.0000710487365723,
				"end":	5.0000710487365723,
				"seconds":	1,
				"bytes":	4105175040,
				"bits_per_second":	32841400320,
				"retransmits":	0,
				"omitted":	false
			}
		}, {
			"streams":	[{
					"socket":	5,
					"start":	5.0000710487365723,
					"end":	6.000075101852417,
					"seconds":	1.0000040531158447,
					"bytes":	4105175040,
					"bits_per_second":	32841267210.539509,
					"retransmits":	0,
					"snd_cwnd":	3268136,
					"rtt":	338,
					"rttvar":	37,
					"pmtu":	1500,
					"omitted":	false
				}],
			"sum":	{
				"start":	5.0000710487365723,
				"end":	6.000075101852417,
				"seconds":	1.0000040531158447,
				"bytes":	4105175040,
				"bits_per_second":	32841267210.539509,
				"retransmits":	0,
				"omitted":	false
			}
		}, {
			"streams":	[{
					"socket":	5,
					"start":	6.000075101852417,
					"end":	7.0000379085540771,
					"seconds":	0.99996280670166016,
					"bytes":	3997696000,
					"bits_per_second":	31982757544.243073,
					"retransmits":	0,
					"snd_cwnd":	3268136,
					"rtt":	283,
					"rttvar":	63,
					"pmtu":	1500,
					"omitted":	false
				}],
			"sum":	{
				"start":	6.000075101852417,
				"end":	7.0000379085540771,
				"seconds":	0.99996280670166016,
				"bytes":	3997696000,
				"bits_per_second":	31982757544.243073,
				"retransmits":	0,
				"omitted":	false
			}
		}, {
			"streams":	[{
					"socket":	5,
					"start":	7.0000379085540771,
					"end":	8.0000159740448,
					"seconds":	0.99997806549072266,
					"bytes":	4116971520,
					"bits_per_second":	32936494605.846497,
					"retransmits":	0,
					"snd_cwnd":	3268136,
					"rtt":	286,
					"rttvar":	76,
					"pmtu":	1500,
					"omitted":	false
				}],
			"sum":	{
				"start":	7.0000379085540771,
				"end":	8.0000159740448,
				"seconds":	0.99997806549072266,
				"bytes":	4116971520,
				"bits_per_second":	32936494605.846497,
				"retransmits":	0,
				"omitted":	false
			}
		}, {
			"streams":	[{
					"socket":	5,
					"start":	8.0000159740448,
					"end":	9.0000760555267334,
					"seconds":	1.0000600814819336,
					"bytes":	4147118080,
					"bits_per_second":	33174951439.754425,
					"retransmits":	0,
					"snd_cwnd":	3268136,
					"rtt":	277,
					"rttvar":	77,
					"pmtu":	1500,
					"omitted":	false
				}],
			"sum":	{
				"start":	8.0000159740448,
				"end":	9.0000760555267334,
				"seconds":	1.0000600814819336,
				"bytes":	4147118080,
				"bits_per_second":	33174951439.754425,
				"retransmits":	0,
				"omitted":	false
			}
		}, {
			"streams":	[{
					"socket":	5,
					"start":	9.0000760555267334,
					"end":	10.000071048736572,
					"seconds":	0.99999499320983887,
					"bytes":	3995074560,
					"bits_per_second":	31960756500.801189,
					"retransmits":	0,
					"snd_cwnd":	3268136,
					"rtt":	316,
					"rttvar":	40,
					"pmtu":	1500,
					"omitted":	false
				}],
			"sum":	{
				"start":	9.0000760555267334,
				"end":	10.000071048736572,
				"seconds":	0.99999499320983887,
				"bytes":	3995074560,
				"bits_per_second":	31960756500.801189,
				"retransmits":	0,
				"omitted":	false
			}
		}, {
			"streams":	[{
					"socket":	5,
					"start":	10.000071048736572,
					"end":	11.000041007995605,
					"seconds":	0.9999699592590332,
					"bytes":	4016046080,
					"bits_per_second":	32129333828.994991,
					"retransmits":	0,
					"snd_cwnd":	3268136,
					"rtt":	422,
					"rttvar":	57,
					"pmtu":	1500,
					"omitted":	false
				}],
			"sum":	{
				"start":	10.000071048736572,
				"end":	11.000041007995605,
				"seconds":	0.9999699592590332,
				"bytes":	4016046080,
				"bits_per_second":	32129333828.994991,
				"retransmits":	0,
				"omitted":	false
			}
		}, {
			"streams":	[{
					"socket":	5,
					"start":	11.000041007995605,
					"end":	12.000170946121216,
					"seconds":	1.0001299381256104,
					"bytes":	4022599680,
					"bits_per_second":	32176616470.767303,
					"retransmits":	0,
					"snd_cwnd":	3268136,
					"rtt":	333,
					"rttvar":	50,
					"pmtu":	1500,
					"omitted":	false
				}],
			"sum":	{
				"start":	11.000041007995605,
				"end":	12.000170946121216,
				"seconds":	1.0001299381256104,
				"bytes":	4022599680,
				"bits_per_second":	32176616470.767303,
				"retransmits":	0,
				"omitted":	false
			}
		}, {
			"streams":	[{
					"socket":	5,
					"start":	12.000170946121216,
					"end":	13.000019073486328,
					"seconds":	0.9998481273651123,
					"bytes":	3943956480,
					"bits_per_second":	31556444400.358768,
					"retransmits":	0,
					"snd_cwnd":	3268136,
					"rtt":	344,
					"rttvar":	37,
					"pmtu":	1500,
					"omitted":	false
				}],
			"sum":	{
				"start":	12.000170946121216,