{
	"start":	{
		"connected":	[{
				"socket":	5,
				"local_host":	"169.254.0.1",
				"local_port":	59208,
				"remote_host":	"169.254.0.2",
				"remote_port":	5201
			}],
		"version":	"iperf 3.6",
		"system_info":	"Linux 169.254.0.1 4.14.94 #1 SMP Wed Jan 23 21:19:15 UTC 2019 x86_64",
		"timestamp":	{
			"time":	"Mon, 22 Apr 2019 14:33:28 GMT",
			"timesecs":	1555943608
		},
		"connecting_to":	{
			"host":	"169.254.0.2",
			"port":	5201
		},
		"cookie":	"xfwozfoswnqwwmoptk5tx7jrx4j5etfz73vj",
		"tcp_mss_default":	1448,
		"sock_bufsize":	0,
		"sndbuf_actual":	16384,
		"rcvbuf_actual":	87380,
		"test_start":	{
			"protocol":	"TCP",
			"num_streams":	1,
			"blksize":	131072,
			"omit":	0,
			"duration":	30,
			"bytes":	0,
			"blocks":	0,
			"reverse":	0,
			"tos":	0
		}
	},
	"intervals":	[{
			"streams":	[{
					"socket":	5,
					"start":	0,
					"end":	1.0000178813934326,
					"seconds":	1.0000178813934326,
					"bytes":	5033340152,
					"bits_per_second":	40266001203.79052,
					"retransmits":	0,
					"snd_cwnd":	3210216,
					"rtt":	252,
					"rttvar":	64,
					"pmtu":	1500,
					"omitted":	false
				}],
			"sum":	{
				"start":	0,
				"end":	1.0000178813934326,
				"seconds":	1.0000178813934326,
				"bytes":	5033340152,
				"bits_per_second":	40266001203.79052,
				"retransmits":	0,
				"omitted":	false
			}
		}, {
			"streams":	[{
					"socket":	5,
					"start":	1.0000178813934326,
					"end":	2.0001168251037598,
					"seconds":	1.0000989437103271,
					"bytes":	4966318080,
					"bits_per_second":	39726613941.4179,
					"retransmits":	0,
					"snd_cwnd":	3210216,
					"rtt":	283,
					"rttvar":	59,
					"pmtu":	1500,
					"omitted":	false
				}],
			"sum":	{
				"start":	1.0000178813934326,
				"end":	2.0001168251037598,
				"seconds":	1.0000989437103271,
				"bytes":	4966318080,
				"bits_per_second":	39726613941.4179,
				"retransmits":	0,
				"omitted":	false
			}
		}, {
			"streams":	[{
					"socket":	5,
					"start":	2.0001168251037598,
					"end":	3.000216007232666,
					"seconds":	1.0000991821289062,
					"bytes":	4887674880,
					"bits_per_second":	39097521264.606018,
					"retransmits":	0,
					"snd_cwnd":	3210216,
					"rtt":	223,
					"rttvar":	66,
					"pmtu":	1500,
					"omitted":	false
				}],
			"sum":	{
				"start":	2.0001168251037598,
				"end":	3.000216007232666,
				"seconds":	1.0000991821289062,
				"bytes":	4887674880,
				"bits_per_second":	39097521264.606018,
				"retransmits":	0,
				"omitted":	false
			}
		}, {
			"streams":	[{
					"socket":	5,
					"start":	3.000216007232666,
					"end":	4.00017786026001,
					"seconds":	0.99996185302734375,
					"bytes":	4912578560,
					"bits_per_second":	39302127737.192123,
					"retransmits":	0,
					"snd_cwnd":	3210216,
					"rtt":	396,
					"rttvar":	33,
					"pmtu":	1500,
					"omitted":	false
				}],
			"sum":	{
				"start":	3.000216007232666,
				"end":	4.00017786026001,
				"seconds":	0.99996185302734375,
				"bytes":	4912578560,
				"bits_per_second":	39302127737.192123,
				"retransmits":	0,
				"omitted":	false
			}
		}, {
			"streams":	[{
					"socket":	5,
					"start":	4.00017786026001,
					"end":	5.0001528263092041,
					"seconds":	0.99997496604919434,
					"bytes":	4881121280,
					"bits_per_second":	39049947814.472549,
					"retransmits":	0,
					"snd_cwnd":	3210216,
					"rtt":	450,
					"rttvar":	23,
					"pmtu":	1500,
					"omitted":	false
				}],
			"sum":	{
				"start":	4.00017786026001,
				"end":	5.0001528263092041,
				"seconds":	0.99997496604919434,
				"bytes":	4881121280,
				"bits_per_second":	39049947814.472549,
				"retransmits":	0,
				"omitted":	false
			}
		}, {
			"streams":	[{
					"socket":	5,
					"start":	5.0001528263092041,
					"end":	6.0000669956207275,
					"seconds":	0.99991416931152344,
					"bytes":	4860149760,
					"bits_per_second":	38884535566.458763,
					"retransmits":	0,
					"snd_cwnd":	3210216,
					"rtt":	452,
					"rttvar":	23,
					"pmtu":	1500,
					"omitted":	false
				}],
			"sum":	{
				"start":	5.0001528263092041,
				"end":	6.0000669956207275,
				"seconds":	0.99991416931152344,
				"bytes":	4860149760,
				"bits_per_second":	38884535566.458763,
				"retransmits":	0,
				"omitted":	false
			}
		}, {
			"streams":	[{
					"socket":	5,
					"start":	6.0000669956207275,
					"end":	7.000187873840332,
					"seconds":	1.0001208782196045,
					"bytes":	4875878400,
					"bits_per_second":	39002312669.88401,
					"retransmits":	0,
					"snd_cwnd":	3210216,
					"rtt":	202,
					"rttvar":	69,
					"pmtu":	1500,
					"omitted":	false
				}],
			"sum":	{
				"start":	6.0000669956207275,
				"end":	7.000187873840332,
				"seconds":	1.0001208782196045,
				"bytes":	4875878400,
				"bits_per_second":	39002312669.88401,
				"retransmits":	0,
				"omitted":	false
			}
		}, {
			"streams":	[{
					"socket":	5,
					"start":	7.000187873840332,
					"end":	8.0000648498535156,
					"seconds":	0.99987697601318359,
					"bytes":	4871946240,
					"bits_per_second":	38980365439.963982,
					"retransmits":	0,
					"snd_cwnd":	3210216,
					"rtt":	256,
					"rttvar":	66,
					"pmtu":	1500,
					"omitted":	false
				}],
			"sum":	{
				"start":	7.000187873840332,
				"end":	8.0000648498535156,
				"seconds":	0.99987697601318359,
				"bytes":	4871946240,
				"bits_per_second":	38980365439.963982,
				"retransmits":	0,
				"omitted":	false
			}
		}, {
			"streams":	[{
					"socket":	5,
					"start":	8.0000648498535156,
					"end":	9.0001280307769775,
					"seconds":	1.0000631809234619,
					"bytes":	4866703360,
					"bits_per_second":	38931167172.906563,
					"retransmits":	0,
					"snd_cwnd":	3210216,
					"rtt":	290,
					"rttvar":	62,
					"pmtu":	1500,
					"omitted":	false
				}],
			"sum":	{
				"start":	8.0000648498535156,
				"end":	9.0001280307769775,
				"seconds":	1.0000631809234619,
				"bytes":	4866703360,
				"bits_per_second":	38931167172.906563,
				"retransmits":	0,
				"omitted":	false
			}
		}, {
			"streams":	[{
					"socket":	5,
					"start":	9.0001280307769775,
					"end":	10.000175952911377,
					"seconds":	1.0000479221343994,
					"bytes":	4928307200,
					"bits_per_second":	39424568290.539742,
					"retransmits":	0,
					"snd_cwnd":	3210216,
					"rtt":	462,
					"rttvar":	22,
					"pmtu":	1500,
					"omitted":	false
				}],
			"sum":	{
				"start":	9.0001280307769775,
				"end":	10.000175952911377,
				"seconds":	1.0000479221343994,
				"bytes":	4928307200,
				"bits_per_second":	39424568290.539742,
				"retransmits":	0,
				"omitted":	false
			}
		}, {
			"streams":	[{
					"socket":	5,
					"start":	10.000175952911377,
					"end":	11.000067949295044,
					"seconds":	0.999891996383667,
					"bytes":	4795924480,
					"bits_per_second":	38371540105.095619,
					"retransmits":	0,
					"snd_cwnd":	3210216,
					"rtt":	229,
					"rttvar":	75,
					"pmtu":	1500,
					"omitted":	false
				}],
			"sum":	{
				"start":	10.000175952911377,
				"end":	11.000067949295044,
				"seconds":	0.999891996383667,
				"bytes":	4795924480,
				"bits_per_second":	38371540105.095619,
				"retransmits":	0,
				"omitted":	false
			}
		}, {
			"streams":	[{
					"socket":	5,
					"start":	11.000067949295044,
					"end":	12.000057935714722,
					"seconds":	0.99998998641967773,
					"bytes":	4840488960,
					"bits_per_second":	38724299448.882957,
					"retransmits":	0,
					"snd_cwnd":	3210216,
					"rtt":	466,
					"rttvar":	21,
					"pmtu":	1500,
					"omitted":	false
				}],
			"sum":	{
				"start":	11.000067949295044,
				"end":	12.000057935714722,
				"seconds":	0.99998998641967773,
				"bytes":	4840488960,
				"bits_per_second":	38724299448.882957,
				"retransmits":	0,
				"omitted":	false
			}
		}, {
			"streams":	[{
					"socket":	5,
					"start":	12.000057935714722,
					"end":	13.000062942504883,
					"seconds":	1.0000050067901611,
					"bytes":	4862771200,
					"bits_per_second":	38901974825.975189,
					"retransmits":	0,
					"snd_cwnd":	3210216,
					"rtt":	247,
					"rttvar":	63,
					"pmtu":	1500,
					"omitted":	false
				}],