{
	"start":	{
		"connected":	[{
				"socket":	4,
				"local_host":	"169.254.0.2",
				"local_port":	33500,
				"remote_host":	"169.254.0.1",
				"remote_port":	5201
			}],
		"version":	"iperf 3.1.3",
		"system_info":	"Linux rlin02 4.15.0-47-generic #50-Ubuntu SMP Wed Mar 13 10:44:52 UTC 2019 x86_64",
		"timestamp":	{
			"time":	"Mon, 22 Apr 2019 14:29:34 GMT",
			"timesecs":	1555943374
		},
		"connecting_to":	{
			"host":	"169.254.0.1",
			"port":	5201
		},
		"cookie":	"rlin02.1555943374.932575.11269a1b028",
		"tcp_mss_default":	1448,
		"test_start":	{
			"protocol":	"TCP",
			"num_streams":	1,
			"blksize":	131072,
			"omit":	0,
			"duration":	30,
			"bytes":	0,
			"blocks":	0,
			"reverse":	0
		}
	},
	"intervals":	[{
			"streams":	[{
					"socket":	4,
					"start":	0,
					"end":	1.000146,
					"seconds":	1.000146,
					"bytes":	5243244976,
					"bits_per_second":	4.193983e+10,
					"retransmits":	0,
					"snd_cwnd":	2043128,
					"rtt":	351,
					"omitted":	false
				}],
			"sum":	{
				"start":	0,
				"end":	1.000146,
				"seconds":	1.000146,
				"bytes":	5243244976,
				"bits_per_second":	4.193983e+10,
				"retransmits":	0,
				"omitted":	false
			}
		}, {
			"streams":	[{
					"socket":	4,
					"start":	1.000146,
					"end":	2.000026,
					"seconds":	0.999880,
					"bytes":	5248122880,
					"bits_per_second":	4.199003e+10,
					"retransmits":	0,
					"snd_cwnd":	2043128,
					"rtt":	356,
					"omitted":	false
				}],
			"sum":	{
				"start":	1.000146,
				"end":	2.000026,
				"seconds":	0.999880,
				"bytes":	5248122880,
				"bits_per_second":	4.199003e+10,
				"retransmits":	0,
				"omitted":	false
			}
		}, {
			"streams":	[{
					"socket":	4,
					"start":	2.000026,
					"end":	3.000105,
					"seconds":	1.000079,
					"bytes":	5227151360,
					"bits_per_second":	4.181390e+10,
					"retransmits":	0,
					"snd_cwnd":	2043128,
					"rtt":	358,
					"omitted":	false
				}],
			"sum":	{
				"start":	2.000026,
				"end":	3.000105,
				"seconds":	1.000079,
				"bytes":	5227151360,
				"bits_per_second":	4.181390e+10,
				"retransmits":	0,
				"omitted":	false
			}
		}, {
			"streams":	[{
					"socket":	4,
					"start":	3.000105,
					"end":	4.000157,
					"seconds":	1.000052,
					"bytes":	5245501440,
					"bits_per_second":	4.196183e+10,
					"retransmits":	0,
					"snd_cwnd":	2043128,
					"rtt":	355,
					"omitted":	false
				}],
			"sum":	{
				"start":	3.000105,
				"end":	4.000157,
				"seconds":	1.000052,
				"bytes":	5245501440,
				"bits_per_second":	4.196183e+10,
				"retransmits":	0,
				"omitted":	false
			}
		}, {
			"streams":	[{
					"socket":	4,
					"start":	4.000157,
					"end":	5.000144,
					"seconds":	0.999987,
					"bytes":	5252055040,
					"bits_per_second":	4.201699e+10,
					"retransmits":	0,
					"snd_cwnd":	2043128,
					"rtt":	367,
					"omitted":	false
				}],
			"sum":	{
				"start":	4.000157,
				"end":	5.000144,
				"seconds":	0.999987,
				"bytes":	5252055040,
				"bits_per_second":	4.201699e+10,
				"retransmits":	0,
				"omitted":	false
			}
		}, {
			"streams":	[{
					"socket":	4,
					"start":	5.000144,
					"end":	6.000071,
					"seconds":	0.999927,
					"bytes":	5244190720,
					"bits_per_second":	4.195659e+10,
					"retransmits":	0,
					"snd_cwnd":	2043128,
					"rtt":	361,
					"omitted":	false
				}],
			"sum":	{
				"start":	5.000144,
				"end":	6.000071,
				"seconds":	0.999927,
				"bytes":	5244190720,
				"bits_per_second":	4.195659e+10,
				"retransmits":	0,
				"omitted":	false
			}
		}, {
			"streams":	[{
					"socket":	4,
					"start":	6.000071,
					"end":	7.000145,
					"seconds":	1.000074,
					"bytes":	5237637120,
					"bits_per_second":	4.189800e+10,
					"retransmits":	0,
					"snd_cwnd":	2043128,
					"rtt":	376,
					"omitted":	false
				}],
			"sum":	{
				"start":	6.000071,
				"end":	7.000145,
				"seconds":	1.000074,
				"bytes":	5237637120,
				"bits_per_second":	4.189800e+10,
				"retransmits":	0,
				"omitted":	false
			}
		}, {
			"streams":	[{
					"socket":	4,
					"start":	7.000145,
					"end":	8.000186,
					"seconds":	1.000041,
					"bytes":	5235015680,
					"bits_per_second":	4.187841e+10,
					"retransmits":	0,
					"snd_cwnd":	2043128,
					"rtt":	354,
					"omitted":	false
				}],
			"sum":	{
				"start":	7.000145,
				"end":	8.000186,
				"seconds":	1.000041,
				"bytes":	5235015680,
				"bits_per_second":	4.187841e+10,
				"retransmits":	0,
				"omitted":	false
			}
		}, {
			"streams":	[{
					"socket":	4,
					"start":	8.000186,
					"end":	9.000139,
					"seconds":	0.999953,
					"bytes":	5253365760,
					"bits_per_second":	4.202890e+10,
					"retransmits":	0,
					"snd_cwnd":	2043128,
					"rtt":	368,
					"omitted":	false
				}],
			"sum":	{
				"start":	8.000186,
				"end":	9.000139,
				"seconds":	0.999953,
				"bytes":	5253365760,
				"bits_per_second":	4.202890e+10,
				"retransmits":	0,
				"omitted":	false
			}
		}, {
			"streams":	[{
					"socket":	4,
					"start":	9.000139,
					"end":	10.000160,
					"seconds":	1.000021,
					"bytes":	5244190720,
					"bits_per_second":	4.195265e+10,
					"retransmits":	0,
					"snd_cwnd":	2043128,
					"rtt":	356,
					"omitted":	false
				}],
			"sum":	{
				"start":	9.000139,
				"end":	10.000160,
				"seconds":	1.000021,
				"bytes":	5244190720,
				"bits_per_second":	4.195265e+10,
				"retransmits":	0,
				"omitted":	false
			}
		}, {
			"streams":	[{
					"socket":	4,
					"start":	10.000160,
					"end":	11.000156,
					"seconds":	0.999996,
					"bytes":	5238947840,
					"bits_per_second":	4.191174e+10,
					"retransmits":	0,
					"snd_cwnd":	2043128,
					"rtt":	369,
					"omitted":	false
				}],
			"sum":	{
				"start":	10.000160,
				"end":	11.000156,
				"seconds":	0.999996,
				"bytes":	5238947840,
				"bits_per_second":	4.191174e+10,
				"retransmits":	0,
				"omitted":	false
			}
		}, {
			"streams":	[{
					"socket":	4,
					"start":	11.000156,
					"end":	12.000184,
					"seconds":	1.000028,
					"bytes":	5237637120,
					"bits_per_second":	4.189993e+10,
					"retransmits":	0,
					"snd_cwnd":	2043128,
					"rtt":	356,
					"omitted":	false
				}],
			"sum":	{
				"start":	11.000156,
				"end":	12.000184,
				"seconds":	1.000028,
				"bytes":	5237637120,
				"bits_per_second":	4.189993e+10,
				"retransmits":	0,
				"omitted":	false
			}
		}, {
			"streams":	[{
					"socket":	4,
					"start":	12.000184,
					"end":	13.000060,
					"seconds":	0.999876,
					"bytes":	5233704960,
					"bits_per_second":	4.187483e+10,
					"retransmits":	0,
					"snd_cwnd":	2043128,
					"rtt":	363,
					"omitted":	false
				}],
			"sum":	{
				"start":	12.000184,
				"end":	13.000060,
				"seconds":	0.999876,
				"bytes":	5233704960,
				"bits_per_second":	4.187483e+10,
				"retransmits":	0,
				"omitted":	false
			}
		}, {
			"streams":	[{
					"socket":	4,
					"start":	13.000060,
					"end":	14.000083,
					"seconds":	1.000023,
					"bytes":	5236326400,
					"bits_per_second":	4.188965e+10,
					"retransmits":	0,
					"snd_cwnd":	2043128,
					"rtt":	359,
					"omitted":	false
				}],
			"sum":	{
				"start":	13.000060,
				"end":	14.000083,
				"seconds":	1.000023,
				"bytes":	5236326400,
				"bits_per_second":	4.188965e+10,
				"retransmits":	0,
				"omitted":	false
			}
		}, {
			"streams":	[{
					"socket":	4,
					"start":	14.000083,
					"end":	15.000083,
					"seconds":	1,
					"bytes":	5231083520,
					"bits_per_second":	41848668160,
					"retransmits":	0,
					"snd_cwnd":	2043128,
					"rtt":	351,
					"omitted":	false
				}],
			"sum":	{
				"start":	14.000083,
				"end":	15.000083,
				"seconds":	1,
				"bytes":	5231083520,
				"bits_per_second":	41848668160,
				"retransmits":	0,
				"omitted":	false
			}
		}, {
			"streams":	[{
					"socket":	4,
					"start":	15.000083,
					"end":	16.000134,
					"seconds":	1.000051,
					"bytes":	5249433600,
					"bits_per_second":	4.199333e+10,
					"retransmits":	0,
					"snd_cwnd":	2043128,
					"rtt":	355,
					"omitted":	false
				}],
			"sum":	{
				"start":	15.000083,