{
	"start":	{
		"connected":	[{
				"socket":	5,
				"local_host":	"169.254.0.1",
				"local_port":	58580,
				"remote_host":	"169.254.0.2",
				"remote_port":	5201
			}],
		"version":	"iperf 3.6",
		"system_info":	"Linux 169.254.0.1 4.14.94 #1 SMP Wed Jan 23 21:19:15 UTC 2019 x86_64",
		"timestamp":	{
			"time":	"Sun, 25 Aug 2019 12:55:25 GMT",
			"timesecs":	1566737725
		},
		"connecting_to":	{
			"host":	"169.254.0.2",
			"port":	5201
		},
		"cookie":	"niuedx2ce34knwiyx7ovcs4clsr6axvqsa66",
		"tcp_mss_default":	1448,
		"sock_bufsize":	0,
		"sndbuf_actual":	16384,
		"rcvbuf_actual":	87380,
		"test_start":	{
			"protocol":	"TCP",
			"num_streams":	1,
			"blksize":	131072,
			"omit":	0,
			"duration":	30,
			"bytes":	0,
			"blocks":	0,
			"reverse":	0,
			"tos":	0
		}
	},
	"intervals":	[{
			"streams":	[{
					"socket":	5,
					"start":	0,
					"end":	1.0000879764556885,
					"seconds":	1.0000879764556885,
					"bytes":	4662806568,
					"bits_per_second":	37299171095.12693,
					"retransmits":	0,
					"snd_cwnd":	3252208,
					"rtt":	307,
					"rttvar":	32,
					"pmtu":	1500,
					"omitted":	false
				}],
			"sum":	{
				"start":	0,
				"end":	1.0000879764556885,
				"seconds":	1.0000879764556885,
				"bytes":	4662806568,
				"bits_per_second":	37299171095.12693,
				"retransmits":	0,
				"omitted":	false
			}
		}, {
			"streams":	[{
					"socket":	5,
					"start":	1.0000879764556885,
					"end":	2.0001029968261719,
					"seconds":	1.0000150203704834,
					"bytes":	4722524160,
					"bits_per_second":	37779625816.023521,
					"retransmits":	0,
					"snd_cwnd":	3252208,
					"rtt":	268,
					"rttvar":	31,
					"pmtu":	1500,
					"omitted":	false
				}],
			"sum":	{
				"start":	1.0000879764556885,
				"end":	2.0001029968261719,
				"seconds":	1.0000150203704834,
				"bytes":	4722524160,
				"bits_per_second":	37779625816.023521,
				"retransmits":	0,
				"omitted":	false
			}
		}, {
			"streams":	[{
					"socket":	5,
					"start":	2.0001029968261719,
					"end":	3.0000689029693604,
					"seconds":	0.99996590614318848,
					"bytes":	4691066880,
					"bits_per_second":	37529814576.124321,
					"retransmits":	0,
					"snd_cwnd":	3252208,
					"rtt":	304,
					"rttvar":	32,
					"pmtu":	1500,
					"omitted":	false
				}],
			"sum":	{
				"start":	2.0001029968261719,
				"end":	3.0000689029693604,
				"seconds":	0.99996590614318848,
				"bytes":	4691066880,
				"bits_per_second":	37529814576.124321,
				"retransmits":	0,
				"omitted":	false
			}
		}, {
			"streams":	[{
					"socket":	5,
					"start":	3.0000689029693604,
					"end":	4.00006890296936,
					"seconds":	1,
					"bytes":	4742184960,
					"bits_per_second":	37937479680,
					"retransmits":	0,
					"snd_cwnd":	3252208,
					"rtt":	295,
					"rttvar":	32,
					"pmtu":	1500,
					"omitted":	false
				}],
			"sum":	{
				"start":	3.0000689029693604,
				"end":	4.00006890296936,
				"seconds":	1,
				"bytes":	4742184960,
				"bits_per_second":	37937479680,
				"retransmits":	0,
				"omitted":	false
			}
		}, {
			"streams":	[{
					"socket":	5,
					"start":	4.00006890296936,
					"end":	5.0002000331878662,
					"seconds":	1.0001311302185059,
					"bytes":	4704174080,
					"bits_per_second":	37628458412.02639,
					"retransmits":	0,
					"snd_cwnd":	3252208,
					"rtt":	285,
					"rttvar":	31,
					"pmtu":	1500,
					"omitted":	false
				}],
			"sum":	{
				"start":	4.00006890296936,
				"end":	5.0002000331878662,
				"seconds":	1.0001311302185059,
				"bytes":	4704174080,
				"bits_per_second":	37628458412.02639,
				"retransmits":	0,
				"omitted":	false
			}
		}, {
			"streams":	[{
					"socket":	5,
					"start":	5.0002000331878662,
					"end":	6.0000839233398438,
					"seconds":	0.99988389015197754,
					"bytes":	4708106240,
					"bits_per_second":	37669223687.837517,
					"retransmits":	0,
					"snd_cwnd":	3252208,
					"rtt":	304,
					"rttvar":	32,
					"pmtu":	1500,
					"omitted":	false
				}],
			"sum":	{
				"start":	5.0002000331878662,
				"end":	6.0000839233398438,
				"seconds":	0.99988389015197754,
				"bytes":	4708106240,
				"bits_per_second":	37669223687.837517,
				"retransmits":	0,
				"omitted":	false
			}
		}, {
			"streams":	[{
					"socket":	5,
					"start":	6.0000839233398438,
					"end":	7.0002000331878662,
					"seconds":	1.0001161098480225,
					"bytes":	4727767040,
					"bits_per_second":	37817745307.339813,
					"retransmits":	0,
					"snd_cwnd":	3252208,
					"rtt":	277,
					"rttvar":	31,
					"pmtu":	1500,
					"omitted":	false
				}],
			"sum":	{
				"start":	6.0000839233398438,
				"end":	7.0002000331878662,
				"seconds":	1.0001161098480225,
				"bytes":	4727767040,
				"bits_per_second":	37817745307.339813,
				"retransmits":	0,
				"omitted":	false
			}
		}, {
			"streams":	[{
					"socket":	5,
					"start":	7.0002000331878662,
					"end":	8.0002720355987549,
					"seconds":	1.0000720024108887,
					"bytes":	4714659840,
					"bits_per_second":	37714563180.525391,
					"retransmits":	0,
					"snd_cwnd":	3252208,
					"rtt":	292,
					"rttvar":	31,
					"pmtu":	1500,
					"omitted":	false
				}],
			"sum":	{
				"start":	7.0002000331878662,
				"end":	8.0002720355987549,
				"seconds":	1.0000720024108887,
				"bytes":	4714659840,
				"bits_per_second":	37714563180.525391,
				"retransmits":	0,
				"omitted":	false
			}
		}, {
			"streams":	[{
					"socket":	5,
					"start":	8.0002720355987549,
					"end":	9.0000720024108887,
					"seconds":	0.99979996681213379,
					"bytes":	4646502400,
					"bits_per_second":	37179456325.17186,
					"retransmits":	0,
					"snd_cwnd":	3252208,
					"rtt":	299,
					"rttvar":	32,
					"pmtu":	1500,
					"omitted":	false
				}],
			"sum":	{
				"start":	8.0002720355987549,
				"end":	9.0000720024108887,
				"seconds":	0.99979996681213379,
				"bytes":	4646502400,
				"bits_per_second":	37179456325.17186,
				"retransmits":	0,
				"omitted":	false
			}
		}, {
			"streams":	[{
					"socket":	5,
					"start":	9.0000720024108887,
					"end":	10.000210046768188,
					"seconds":	1.0001380443572998,
					"bytes":	4688445440,
					"bits_per_second":	37502386527.154648,
					"retransmits":	0,
					"snd_cwnd":	3252208,
					"rtt":	292,
					"rttvar":	31,
					"pmtu":	1500,
					"omitted":	false
				}],
			"sum":	{
				"start":	9.0000720024108887,
				"end":	10.000210046768188,
				"seconds":	1.0001380443572998,
				"bytes":	4688445440,
				"bits_per_second":	37502386527.154648,
				"retransmits":	0,
				"omitted":	false
			}
		}, {
			"streams":	[{
					"socket":	5,
					"start":	10.000210046768188,
					"end":	11.000042915344238,
					"seconds":	0.9998328685760498,
					"bytes":	4753981440,
					"bits_per_second":	38038208900.017975,
					"retransmits":	0,
					"snd_cwnd":	3252208,
					"rtt":	386,
					"rttvar":	27,
					"pmtu":	1500,
					"omitted":	false
				}],
			"sum":	{
				"start":	10.000210046768188,
				"end":	11.000042915344238,
				"seconds":	0.9998328685760498,
				"bytes":	4753981440,
				"bits_per_second":	38038208900.017975,
				"retransmits":	0,
				"omitted":	false
			}
		}, {
			"streams":	[{
					"socket":	5,
					"start":	11.000042915344238,
					"end":	12.000103950500488,
					"seconds":	1.00006103515625,
					"bytes":	4670095360,
					"bits_per_second":	37358482699.171196,
					"retransmits":	0,
					"snd_cwnd":	3252208,
					"rtt":	302,
					"rttvar":	32,
					"pmtu":	1500,
					"omitted":	false
				}],
			"sum":	{
				"start":	11.000042915344238,
				"end":	12.000103950500488,
				"seconds":	1.00006103515625,
				"bytes":	4670095360,
				"bits_per_second":	37358482699.171196,
				"retransmits":	0,
				"omitted":	false
			}
		}, {
			"streams":	[{
					"socket":	5,
					"start":	12.000103950500488,
					"end":	13.00002908706665,
					"seconds":	0.99992513656616211,
					"bytes":	4698931200,
					"bits_per_second":	37594264035.698318,
					"retransmits":	0,
					"snd_cwnd":	3252208,
					"rtt":	303,
					"rttvar":	32,
					"pmtu":	1500,
					"omitted":	false
				}],
			"sum":	{
				"start":	12.000103950500488,