{
	"start":	{
		"connected":	[{
				"socket":	5,
				"local_host":	"169.254.0.1",
				"local_port":	58254,
				"remote_host":	"169.254.0.2",
				"remote_port":	5201
			}],
		"version":	"iperf 3.6",
		"system_info":	"Linux 169.254.0.1 4.14.94 #1 SMP Wed Jan 23 21:19:15 UTC 2019 x86_64",
		"timestamp":	{
			"time":	"Sat, 08 Feb 2020 17:21:38 GMT",
			"timesecs":	1581182498
		},
		"connecting_to":	{
			"host":	"169.254.0.2",
			"port":	5201
		},
		"cookie":	"og6ewbiqo52qni425dysijvzy67do7ntosuz",
		"tcp_mss_default":	1448,
		"sock_bufsize":	0,
		"sndbuf_actual":	16384,
		"rcvbuf_actual":	87380,
		"test_start":	{
			"protocol":	"TCP",
			"num_streams":	1,
			"blksize":	131072,
			"omit":	0,
			"duration":	30,
			"bytes":	0,
			"blocks":	0,
			"reverse":	0,
			"tos":	0
		}
	},
	"intervals":	[{
			"streams":	[{
					"socket":	5,
					"start":	0,
					"end":	1.0001401901245117,
					"seconds":	1.0001401901245117,
					"bytes":	4611844584,
					"bits_per_second":	36889585116.469337,
					"retransmits":	0,
					"snd_cwnd":	3153744,
					"rtt":	308,
					"rttvar":	32,
					"pmtu":	1500,
					"omitted":	false
				}],
			"sum":	{
				"start":	0,
				"end":	1.0001401901245117,
				"seconds":	1.0001401901245117,
				"bytes":	4611844584,
				"bits_per_second":	36889585116.469337,
				"retransmits":	0,
				"omitted":	false
			}
		}, {
			"streams":	[{
					"socket":	5,
					"start":	1.0001401901245117,
					"end":	2.000068187713623,
					"seconds":	0.99992799758911133,
					"bytes":	4688445440,
					"bits_per_second":	37510264349.466232,
					"retransmits":	0,
					"snd_cwnd":	3153744,
					"rtt":	235,
					"rttvar":	62,
					"pmtu":	1500,
					"omitted":	false
				}],
			"sum":	{
				"start":	1.0001401901245117,
				"end":	2.000068187713623,
				"seconds":	0.99992799758911133,
				"bytes":	4688445440,
				"bits_per_second":	37510264349.466232,
				"retransmits":	0,
				"omitted":	false
			}
		}, {
			"streams":	[{
					"socket":	5,
					"start":	2.000068187713623,
					"end":	3.0000700950622559,
					"seconds":	1.0000019073486328,
					"bytes":	4928307200,
					"bits_per_second":	39426382400.143433,
					"retransmits":	0,
					"snd_cwnd":	3153744,
					"rtt":	429,
					"rttvar":	26,
					"pmtu":	1500,
					"omitted":	false
				}],
			"sum":	{
				"start":	2.000068187713623,
				"end":	3.0000700950622559,
				"seconds":	1.0000019073486328,
				"bytes":	4928307200,
				"bits_per_second":	39426382400.143433,
				"retransmits":	0,
				"omitted":	false
			}
		}, {
			"streams":	[{
					"socket":	5,
					"start":	3.0000700950622559,
					"end":	4.0002341270446777,
					"seconds":	1.0001640319824219,
					"bytes":	4974182400,
					"bits_per_second":	39786932870.526764,
					"retransmits":	0,
					"snd_cwnd":	3153744,
					"rtt":	248,
					"rttvar":	66,
					"pmtu":	1500,
					"omitted":	false
				}],
			"sum":	{
				"start":	3.0000700950622559,
				"end":	4.0002341270446777,
				"seconds":	1.0001640319824219,
				"bytes":	4974182400,
				"bits_per_second":	39786932870.526764,
				"retransmits":	0,
				"omitted":	false
			}
		}, {
			"streams":	[{
					"socket":	5,
					"start":	4.0002341270446777,
					"end":	5.0000820159912109,
					"seconds":	0.9998478889465332,
					"bytes":	4980736000,
					"bits_per_second":	39851949922.085358,
					"retransmits":	0,
					"snd_cwnd":	3153744,
					"rtt":	281,
					"rttvar":	41,
					"pmtu":	1500,
					"omitted":	false
				}],
			"sum":	{
				"start":	4.0002341270446777,
				"end":	5.0000820159912109,
				"seconds":	0.9998478889465332,
				"bytes":	4980736000,
				"bits_per_second":	39851949922.085358,
				"retransmits":	0,
				"omitted":	false
			}
		}, {
			"streams":	[{
					"socket":	5,
					"start":	5.0000820159912109,
					"end":	6.0000700950622559,
					"seconds":	0.99998807907104492,
					"bytes":	4949278720,
					"bits_per_second":	39594701765.626747,
					"retransmits":	0,
					"snd_cwnd":	3153744,
					"rtt":	319,
					"rttvar":	104,
					"pmtu":	1500,
					"omitted":	false
				}],
			"sum":	{
				"start":	5.0000820159912109,
				"end":	6.0000700950622559,
				"seconds":	0.99998807907104492,
				"bytes":	4949278720,
				"bits_per_second":	39594701765.626747,
				"retransmits":	0,
				"omitted":	false
			}
		}, {
			"streams":	[{
					"socket":	5,
					"start":	6.0000700950622559,
					"end":	7.0001389980316162,
					"seconds":	1.0000689029693604,
					"bytes":	4899471360,
					"bits_per_second":	39193070361.073776,
					"retransmits":	0,
					"snd_cwnd":	3153744,
					"rtt":	272,
					"rttvar":	64,
					"pmtu":	1500,
					"omitted":	false
				}],
			"sum":	{
				"start":	6.0000700950622559,
				"end":	7.0001389980316162,
				"seconds":	1.0000689029693604,
				"bytes":	4899471360,
				"bits_per_second":	39193070361.073776,
				"retransmits":	0,
				"omitted":	false
			}
		}, {
			"streams":	[{
					"socket":	5,
					"start":	7.0001389980316162,
					"end":	8.0000050067901611,
					"seconds":	0.99986600875854492,
					"bytes":	4913889280,
					"bits_per_second":	39316382290.872673,
					"retransmits":	0,
					"snd_cwnd":	3153744,
					"rtt":	278,
					"rttvar":	41,
					"pmtu":	1500,
					"omitted":	false
				}],
			"sum":	{
				"start":	7.0001389980316162,
				"end":	8.0000050067901611,
				"seconds":	0.99986600875854492,
				"bytes":	4913889280,
				"bits_per_second":	39316382290.872673,
				"retransmits":	0,
				"omitted":	false
			}
		}, {
			"streams":	[{
					"socket":	5,
					"start":	8.0000050067901611,
					"end":	9.0001661777496338,
					"seconds":	1.0001611709594727,
					"bytes":	4900782080,
					"bits_per_second":	39199938748.260674,
					"retransmits":	0,
					"snd_cwnd":	3153744,
					"rtt":	243,
					"rttvar":	61,
					"pmtu":	1500,
					"omitted":	false
				}],
			"sum":	{
				"start":	8.0000050067901611,
				"end":	9.0001661777496338,
				"seconds":	1.0001611709594727,
				"bytes":	4900782080,
				"bits_per_second":	39199938748.260674,
				"retransmits":	0,
				"omitted":	false
			}
		}, {
			"streams":	[{
					"socket":	5,
					"start":	9.0001661777496338,
					"end":	10.000113010406494,
					"seconds":	0.99994683265686035,
					"bytes":	4852285440,
					"bits_per_second":	38820347494.736053,
					"retransmits":	0,
					"snd_cwnd":	3153744,
					"rtt":	305,
					"rttvar":	33,
					"pmtu":	1500,
					"omitted":	false
				}],
			"sum":	{
				"start":	9.0001661777496338,
				"end":	10.000113010406494,
				"seconds":	0.99994683265686035,
				"bytes":	4852285440,
				"bits_per_second":	38820347494.736053,
				"retransmits":	0,
				"omitted":	false
			}
		}, {
			"streams":	[{
					"socket":	5,
					"start":	10.000113010406494,
					"end":	11.000019073486328,
					"seconds":	0.999906063079834,
					"bytes":	4603248640,
					"bits_per_second":	36829448764.988396,
					"retransmits":	0,
					"snd_cwnd":	3153744,
					"rtt":	296,
					"rttvar":	32,
					"pmtu":	1500,
					"omitted":	false
				}],
			"sum":	{
				"start":	10.000113010406494,
				"end":	11.000019073486328,
				"seconds":	0.999906063079834,
				"bytes":	4603248640,
				"bits_per_second":	36829448764.988396,
				"retransmits":	0,
				"omitted":	false
			}
		}, {
			"streams":	[{
					"socket":	5,
					"start":	11.000019073486328,
					"end":	12.000068187713623,
					"seconds":	1.0000491142272949,
					"bytes":	4628152320,
					"bits_per_second":	37023400184.308121,
					"retransmits":	0,
					"snd_cwnd":	3153744,
					"rtt":	303,
					"rttvar":	32,
					"pmtu":	1500,
					"omitted":	false
				}],
			"sum":	{
				"start":	11.000019073486328,
				"end":	12.000068187713623,
				"seconds":	1.0000491142272949,
				"bytes":	4628152320,
				"bits_per_second":	37023400184.308121,
				"retransmits":	0,
				"omitted":	false
			}
		}, {
			"streams":	[{
					"socket":	5,
					"start":	12.000068187713623,
					"end":	13.000123023986816,
					"seconds":	1.0000548362731934,
					"bytes":	4638638080,
					"bits_per_second":	37107069826.581581,
					"retransmits":	0,
					"snd_cwnd":	3153744,
					"rtt":	291,
					"rttvar":	32,
					"pmtu":	1500,