{
	"start":	{
		"connected":	[{
				"socket":	4,
				"local_host":	"169.254.0.2",
				"local_port":	56544,
				"remote_host":	"169.254.0.1",
				"remote_port":	5201
			}],
		"version":	"iperf 3.1.3",
		"system_info":	"Linux rlin02 4.15.0-47-generic #50-Ubuntu SMP Wed Mar 13 10:44:52 UTC 2019 x86_64",
		"timestamp":	{
			"time":	"Sun, 25 Aug 2019 12:54:18 GMT",
			"timesecs":	1566737658
		},
		"connecting_to":	{
			"host":	"169.254.0.1",
			"port":	5201
		},
		"cookie":	"rlin02.1566737658.738873.4b077c3b627",
		"tcp_mss_default":	1448,
		"test_start":	{
			"protocol":	"TCP",
			"num_streams":	1,
			"blksize":	131072,
			"omit":	0,
			"duration":	30,
			"bytes":	0,
			"blocks":	0,
			"reverse":	0
		}
	},
	"intervals":	[{
			"streams":	[{
					"socket":	4,
					"start":	0,
					"end":	1.000012,
					"seconds":	1.000012,
					"bytes":	4505646640,
					"bits_per_second":	3.604473e+10,
					"retransmits":	0,
					"snd_cwnd":	2004032,
					"rtt":	412,
					"omitted":	false
				}],
			"sum":	{
				"start":	0,
				"end":	1.000012,
				"seconds":	1.000012,
				"bytes":	4505646640,
				"bits_per_second":	3.604473e+10,
				"retransmits":	0,
				"omitted":	false
			}
		}, {
			"streams":	[{
					"socket":	4,
					"start":	1.000012,
					"end":	2.000197,
					"seconds":	1.000185,
					"bytes":	4511498240,
					"bits_per_second":	3.608531e+10,
					"retransmits":	0,
					"snd_cwnd":	2004032,
					"rtt":	391,
					"omitted":	false
				}],
			"sum":	{
				"start":	1.000012,
				"end":	2.000197,
				"seconds":	1.000185,
				"bytes":	4511498240,
				"bits_per_second":	3.608531e+10,
				"retransmits":	0,
				"omitted":	false
			}
		}, {
			"streams":	[{
					"socket":	4,
					"start":	2.000197,
					"end":	3.000061,
					"seconds":	0.999864,
					"bytes":	4508876800,
					"bits_per_second":	3.607593e+10,
					"retransmits":	0,
					"snd_cwnd":	2004032,
					"rtt":	419,
					"omitted":	false
				}],
			"sum":	{
				"start":	2.000197,
				"end":	3.000061,
				"seconds":	0.999864,
				"bytes":	4508876800,
				"bits_per_second":	3.607593e+10,
				"retransmits":	0,
				"omitted":	false
			}
		}, {
			"streams":	[{
					"socket":	4,
					"start":	3.000061,
					"end":	4.000224,
					"seconds":	1.000163,
					"bytes":	4498391040,
					"bits_per_second":	3.598126e+10,
					"retransmits":	0,
					"snd_cwnd":	2004032,
					"rtt":	407,
					"omitted":	false
				}],
			"sum":	{
				"start":	3.000061,
				"end":	4.000224,
				"seconds":	1.000163,
				"bytes":	4498391040,
				"bits_per_second":	3.598126e+10,
				"retransmits":	0,
				"omitted":	false
			}
		}, {
			"streams":	[{
					"socket":	4,
					"start":	4.000224,
					"end":	5.000121,
					"seconds":	0.999897,
					"bytes":	4504364832,
					"bits_per_second":	3.603863e+10,
					"retransmits":	0,
					"snd_cwnd":	2004032,
					"rtt":	405,
					"omitted":	false
				}],
			"sum":	{
				"start":	4.000224,
				"end":	5.000121,
				"seconds":	0.999897,
				"bytes":	4504364832,
				"bits_per_second":	3.603863e+10,
				"retransmits":	0,
				"omitted":	false
			}
		}, {
			"streams":	[{
					"socket":	4,
					"start":	5.000121,
					"end":	6.000047,
					"seconds":	0.999926,
					"bytes":	4503633920,
					"bits_per_second":	3.603173e+10,
					"retransmits":	0,
					"snd_cwnd":	2004032,
					"rtt":	443,
					"omitted":	false
				}],
			"sum":	{
				"start":	5.000121,
				"end":	6.000047,
				"seconds":	0.999926,
				"bytes":	4503633920,
				"bits_per_second":	3.603173e+10,
				"retransmits":	0,
				"omitted":	false
			}
		}, {
			"streams":	[{
					"socket":	4,
					"start":	6.000047,
					"end":	7.000061,
					"seconds":	1.000014,
					"bytes":	4508876800,
					"bits_per_second":	3.607052e+10,
					"retransmits":	0,
					"snd_cwnd":	2004032,
					"rtt":	382,
					"omitted":	false
				}],
			"sum":	{
				"start":	6.000047,
				"end":	7.000061,
				"seconds":	1.000014,
				"bytes":	4508876800,
				"bits_per_second":	3.607052e+10,
				"retransmits":	0,
				"omitted":	false
			}
		}, {
			"streams":	[{
					"socket":	4,
					"start":	7.000061,
					"end":	8.000173,
					"seconds":	1.000112,
					"bytes":	4507566080,
					"bits_per_second":	3.605649e+10,
					"retransmits":	0,
					"snd_cwnd":	2004032,
					"rtt":	428,
					"omitted":	false
				}],
			"sum":	{
				"start":	7.000061,
				"end":	8.000173,
				"seconds":	1.000112,
				"bytes":	4507566080,
				"bits_per_second":	3.605649e+10,
				"retransmits":	0,
				"omitted":	false
			}
		}, {
			"streams":	[{
					"socket":	4,
					"start":	8.000173,
					"end":	9.000121,
					"seconds":	0.999948,
					"bytes":	4506255360,
					"bits_per_second":	3.605192e+10,
					"retransmits":	0,
					"snd_cwnd":	2004032,
					"rtt":	394,
					"omitted":	false
				}],
			"sum":	{
				"start":	8.000173,
				"end":	9.000121,
				"seconds":	0.999948,
				"bytes":	4506255360,
				"bits_per_second":	3.605192e+10,
				"retransmits":	0,
				"omitted":	false
			}
		}, {
			"streams":	[{
					"socket":	4,
					"start":	9.000121,
					"end":	10.000208,
					"seconds":	1.000087,
					"bytes":	4514119680,
					"bits_per_second":	3.610982e+10,
					"retransmits":	0,
					"snd_cwnd":	2004032,
					"rtt":	391,
					"omitted":	false
				}],
			"sum":	{
				"start":	9.000121,
				"end":	10.000208,
				"seconds":	1.000087,
				"bytes":	4514119680,
				"bits_per_second":	3.610982e+10,
				"retransmits":	0,
				"omitted":	false
			}
		}, {
			"streams":	[{
					"socket":	4,
					"start":	10.000208,
					"end":	11.000223,
					"seconds":	1.000015,
					"bytes":	4504944640,
					"bits_per_second":	3.603902e+10,
					"retransmits":	0,
					"snd_cwnd":	2004032,
					"rtt":	416,
					"omitted":	false
				}],
			"sum":	{
				"start":	10.000208,
				"end":	11.000223,
				"seconds":	1.000015,
				"bytes":	4504944640,
				"bits_per_second":	3.603902e+10,
				"retransmits":	0,
				"omitted":	false
			}
		}, {
			"streams":	[{
					"socket":	4,
					"start":	11.000223,
					"end":	12.000132,
					"seconds":	0.999909,
					"bytes":	4501930328,
					"bits_per_second":	3.601872e+10,
					"retransmits":	0,
					"snd_cwnd":	2004032,
					"rtt":	376,
					"omitted":	false
				}],
			"sum":	{
				"start":	11.000223,
				"end":	12.000132,
				"seconds":	0.999909,
				"bytes":	4501930328,
				"bits_per_second":	3.601872e+10,
				"retransmits":	0,
				"omitted":	false
			}
		}, {
			"streams":	[{
					"socket":	4,
					"start":	12.000132,
					"end":	13.000049,
					"seconds":	0.999917,
					"bytes":	4507566080,
					"bits_per_second":	3.606352e+10,
					"retransmits":	0,
					"snd_cwnd":	2004032,
					"rtt":	417,
					"omitted":	false
				}],
			"sum":	{
				"start":	12.000132,
				"end":	13.000049,
				"seconds":	0.999917,
				"bytes":	4507566080,
				"bits_per_second":	3.606352e+10,
				"retransmits":	0,
				"omitted":	false
			}
		}, {
			"streams":	[{
					"socket":	4,
					"start":	13.000049,
					"end":	14.000118,
					"seconds":	1.000069,
					"bytes":	4509562696,
					"bits_per_second":	3.607402e+10,
					"retransmits":	0,
					"snd_cwnd":	2004032,
					"rtt":	399,
					"omitted":	false
				}],
			"sum":	{
				"start":	13.000049,
				"end":	14.000118,
				"seconds":	1.000069,
				"bytes":	4509562696,
				"bits_per_second":	3.607402e+10,
				"retransmits":	0,
				"omitted":	false
			}
		}, {
			"streams":	[{
					"socket":	4,
					"start":	14.000118,
					"end":	15.000116,
					"seconds":	0.999998,
					"bytes":	4508876800,
					"bits_per_second":	3.607108e+10,
					"retransmits":	0,
					"snd_cwnd":	2004032,
					"rtt":	423,
					"omitted":	false
				}],
			"sum":	{
				"start":	14.000118,
				"end":	15.000116,
				"seconds":	0.999998,
				"bytes":	4508876800,
				"bits_per_second":	3.607108e+10,
				"retransmits":	0,
				"omitted":	false
			}
		}, {
			"streams":	[{
					"socket":	4,
					"start":	15.000116,
					"end":	16.000142,
					"seconds":	1.000026,
					"bytes":	4512529168,
					"bits_per_second":	3.609930e+10,
					"retransmits":	0,
					"snd_cwnd":	2004032,
					"rtt":	390,
					"omitted":	false
				}],