{
	"start":	{
		"connected":	[{
				"socket":	5,
				"local_host":	"169.254.0.1",
				"local_port":	39888,
				"remote_host":	"169.254.0.2",
				"remote_port":	5201
			}],
		"version":	"iperf 3.6",
		"system_info":	"Linux 169.254.0.1 4.14.94 #1 SMP Wed Jan 23 21:19:15 UTC 2019 x86_64",
		"timestamp":	{
			"time":	"Sat, 08 Feb 2020 15:04:26 GMT",
			"timesecs":	1581174266
		},
		"connecting_to":	{
			"host":	"169.254.0.2",
			"port":	5201
		},
		"cookie":	"tgzvsoqthft46dm6uh5ocxcekgb66nocf7dk",
		"tcp_mss_default":	1448,
		"sock_bufsize":	0,
		"sndbuf_actual":	16384,
		"rcvbuf_actual":	87380,
		"test_start":	{
			"protocol":	"TCP",
			"num_streams":	1,
			"blksize":	131072,
			"omit":	0,
			"duration":	30,
			"bytes":	0,
			"blocks":	0,
			"reverse":	0,
			"tos":	0
		}
	},
	"intervals":	[{
			"streams":	[{
					"socket":	5,
					"start":	0,
					"end":	1.0002110004425049,
					"seconds":	1.0002110004425049,
					"bytes":	3425716824,
					"bits_per_second":	27399953189.75235,
					"retransmits":	0,
					"snd_cwnd":	3207320,
					"rtt":	332,
					"rttvar":	65,
					"pmtu":	1500,
					"omitted":	false
				}],
			"sum":	{
				"start":	0,
				"end":	1.0002110004425049,
				"seconds":	1.0002110004425049,
				"bytes":	3425716824,
				"bits_per_second":	27399953189.75235,
				"retransmits":	0,
				"omitted":	false
			}
		}, {
			"streams":	[{
					"socket":	5,
					"start":	1.0002110004425049,
					"end":	2.0000839233398438,
					"seconds":	0.99987292289733887,
					"bytes":	3426222080,
					"bits_per_second":	27413260237.6855,
					"retransmits":	0,
					"snd_cwnd":	3207320,
					"rtt":	345,
					"rttvar":	67,
					"pmtu":	1500,
					"omitted":	false
				}],
			"sum":	{
				"start":	1.0002110004425049,
				"end":	2.0000839233398438,
				"seconds":	0.99987292289733887,
				"bytes":	3426222080,
				"bits_per_second":	27413260237.6855,
				"retransmits":	0,
				"omitted":	false
			}
		}, {
			"streams":	[{
					"socket":	5,
					"start":	2.0000839233398438,
					"end":	3.0000519752502441,
					"seconds":	0.99996805191040039,
					"bytes":	3582197760,
					"bits_per_second":	28658497664.251167,
					"retransmits":	0,
					"snd_cwnd":	3207320,
					"rtt":	702,
					"rttvar":	62,
					"pmtu":	1500,
					"omitted":	false
				}],
			"sum":	{
				"start":	2.0000839233398438,
				"end":	3.0000519752502441,
				"seconds":	0.99996805191040039,
				"bytes":	3582197760,
				"bits_per_second":	28658497664.251167,
				"retransmits":	0,
				"omitted":	false
			}
		}, {
			"streams":	[{
					"socket":	5,
					"start":	3.0000519752502441,
					"end":	4.0001819133758545,
					"seconds":	1.0001299381256104,
					"bytes":	3638558720,
					"bits_per_second":	29104687951.401119,
					"retransmits":	0,
					"snd_cwnd":	3207320,
					"rtt":	596,
					"rttvar":	60,
					"pmtu":	1500,
					"omitted":	false
				}],
			"sum":	{
				"start":	3.0000519752502441,
				"end":	4.0001819133758545,
				"seconds":	1.0001299381256104,
				"bytes":	3638558720,
				"bits_per_second":	29104687951.401119,
				"retransmits":	0,
				"omitted":	false
			}
		}, {
			"streams":	[{
					"socket":	5,
					"start":	4.0001819133758545,
					"end":	5.0000369548797607,
					"seconds":	0.99985504150390625,
					"bytes":	3625451520,
					"bits_per_second":	29007817089.540264,
					"retransmits":	0,
					"snd_cwnd":	3207320,
					"rtt":	608,
					"rttvar":	59,
					"pmtu":	1500,
					"omitted":	false
				}],
			"sum":	{
				"start":	4.0001819133758545,
				"end":	5.0000369548797607,
				"seconds":	0.99985504150390625,
				"bytes":	3625451520,
				"bits_per_second":	29007817089.540264,
				"retransmits":	0,
				"omitted":	false
			}
		}, {
			"streams":	[{
					"socket":	5,
					"start":	5.0000369548797607,
					"end":	6.000309944152832,
					"seconds":	1.0002729892730713,
					"bytes":	3611033600,
					"bits_per_second":	28880384764.75705,
					"retransmits":	0,
					"snd_cwnd":	3207320,
					"rtt":	648,
					"rttvar":	69,
					"pmtu":	1500,
					"omitted":	false
				}],
			"sum":	{
				"start":	5.0000369548797607,
				"end":	6.000309944152832,
				"seconds":	1.0002729892730713,
				"bytes":	3611033600,
				"bits_per_second":	28880384764.75705,
				"retransmits":	0,
				"omitted":	false
			}
		}, {
			"streams":	[{
					"socket":	5,
					"start":	6.000309944152832,
					"end":	7.0001249313354492,
					"seconds":	0.99981498718261719,
					"bytes":	3628072960,
					"bits_per_second":	29029954593.687874,
					"retransmits":	0,
					"snd_cwnd":	3207320,
					"rtt":	714,
					"rttvar":	57,
					"pmtu":	1500,
					"omitted":	false
				}],
			"sum":	{
				"start":	6.000309944152832,
				"end":	7.0001249313354492,
				"seconds":	0.99981498718261719,
				"bytes":	3628072960,
				"bits_per_second":	29029954593.687874,
				"retransmits":	0,
				"omitted":	false
			}
		}, {
			"streams":	[{
					"socket":	5,
					"start":	7.0001249313354492,
					"end":	8.0003190040588379,
					"seconds":	1.0001940727233887,
					"bytes":	3641180160,
					"bits_per_second":	29123789146.924858,
					"retransmits":	0,
					"snd_cwnd":	3207320,
					"rtt":	624,
					"rttvar":	45,
					"pmtu":	1500,
					"omitted":	false
				}],
			"sum":	{
				"start":	7.0001249313354492,
				"end":	8.0003190040588379,
				"seconds":	1.0001940727233887,
				"bytes":	3641180160,
				"bits_per_second":	29123789146.924858,
				"retransmits":	0,
				"omitted":	false
			}
		}, {
			"streams":	[{
					"socket":	5,
					"start":	8.0003190040588379,
					"end":	9.0001840591430664,
					"seconds":	0.99986505508422852,
					"bytes":	3601858560,
					"bits_per_second":	28818757424.793327,
					"retransmits":	0,
					"snd_cwnd":	3207320,
					"rtt":	599,
					"rttvar":	49,
					"pmtu":	1500,
					"omitted":	false
				}],
			"sum":	{
				"start":	8.0003190040588379,
				"end":	9.0001840591430664,
				"seconds":	0.99986505508422852,
				"bytes":	3601858560,
				"bits_per_second":	28818757424.793327,
				"retransmits":	0,
				"omitted":	false
			}
		}, {
			"streams":	[{
					"socket":	5,
					"start":	9.0001840591430664,
					"end":	10.000117063522339,
					"seconds":	0.99993300437927246,
					"bytes":	3578265600,
					"bits_per_second":	28628042753.494484,
					"retransmits":	0,
					"snd_cwnd":	3207320,
					"rtt":	609,
					"rttvar":	57,
					"pmtu":	1500,
					"omitted":	false
				}],
			"sum":	{
				"start":	9.0001840591430664,
				"end":	10.000117063522339,
				"seconds":	0.99993300437927246,
				"bytes":	3578265600,
				"bits_per_second":	28628042753.494484,
				"retransmits":	0,
				"omitted":	false
			}
		}, {
			"streams":	[{
					"socket":	5,
					"start":	10.000117063522339,
					"end":	11.000066041946411,
					"seconds":	0.99994897842407227,
					"bytes":	3595304960,
					"bits_per_second":	28763907259.878239,
					"retransmits":	0,
					"snd_cwnd":	3207320,
					"rtt":	751,
					"rttvar":	91,
					"pmtu":	1500,
					"omitted":	false
				}],
			"sum":	{
				"start":	10.000117063522339,
				"end":	11.000066041946411,
				"seconds":	0.99994897842407227,
				"bytes":	3595304960,
				"bits_per_second":	28763907259.878239,
				"retransmits":	0,
				"omitted":	false
			}
		}, {
			"streams":	[{
					"socket":	5,
					"start":	11.000066041946411,
					"end":	12.000172853469849,
					"seconds":	1.0001068115234375,
					"bytes":	3612344320,
					"bits_per_second":	28895668169.662052,
					"retransmits":	0,
					"snd_cwnd":	3207320,
					"rtt":	557,
					"rttvar":	73,
					"pmtu":	1500,
					"omitted":	false
				}],
			"sum":	{
				"start":	11.000066041946411,
				"end":	12.000172853469849,
				"seconds":	1.0001068115234375,
				"bytes":	3612344320,
				"bits_per_second":	28895668169.662052,
				"retransmits":	0,
				"omitted":	false
			}
		}, {
			"streams":	[{
					"socket":	5,
					"start":	12.000172853469849,
					"end":	13.000071048736572,
					"seconds":	0.99989819526672363,
					"bytes":	3612344320,
					"bits_per_second":	28901696889.543076,
					"retransmits":	0,
					"snd_cwnd":	3207320,
					"rtt":	673,
					"rttvar":	73,
					"pmtu":	1500,