{
	"start":	{
		"connected":	[{
				"socket":	5,
				"local_host":	"169.254.0.1",
				"local_port":	35620,
				"remote_host":	"169.254.0.2",
				"remote_port":	5201
			}],
		"version":	"iperf 3.6",
		"system_info":	"Linux 169.254.0.1 4.14.94 #1 SMP Wed Jan 23 21:19:15 UTC 2019 x86_64",
		"timestamp":	{
			"time":	"Mon, 22 Apr 2019 14:30:41 GMT",
			"timesecs":	1555943441
		},
		"connecting_to":	{
			"host":	"169.254.0.2",
			"port":	5201
		},
		"cookie":	"tofaxlqysefej7f4e4un5k5h6nn5mns473n6",
		"tcp_mss_default":	1448,
		"sock_bufsize":	0,
		"sndbuf_actual":	16384,
		"rcvbuf_actual":	87380,
		"test_start":	{
			"protocol":	"TCP",
			"num_streams":	1,
			"blksize":	131072,
			"omit":	0,
			"duration":	30,
			"bytes":	0,
			"blocks":	0,
			"reverse":	0,
			"tos":	0
		}
	},
	"intervals":	[{
			"streams":	[{
					"socket":	5,
					"start":	0,
					"end":	1.0002660751342773,
					"seconds":	1.0002660751342773,
					"bytes":	3545821544,
					"bits_per_second":	28359026720.157459,
					"retransmits":	0,
					"snd_cwnd":	3310128,
					"rtt":	314,
					"rttvar":	40,
					"pmtu":	1500,
					"omitted":	false
				}],
			"sum":	{
				"start":	0,
				"end":	1.0002660751342773,
				"seconds":	1.0002660751342773,
				"bytes":	3545821544,
				"bits_per_second":	28359026720.157459,
				"retransmits":	0,
				"omitted":	false
			}
		}, {
			"streams":	[{
					"socket":	5,
					"start":	1.0002660751342773,
					"end":	2.0000720024108887,
					"seconds":	0.99980592727661133,
					"bytes":	3549429760,
					"bits_per_second":	28400949929.69968,
					"retransmits":	0,
					"snd_cwnd":	3310128,
					"rtt":	303,
					"rttvar":	56,
					"pmtu":	1500,
					"omitted":	false
				}],
			"sum":	{
				"start":	1.0002660751342773,
				"end":	2.0000720024108887,
				"seconds":	0.99980592727661133,
				"bytes":	3549429760,
				"bits_per_second":	28400949929.69968,
				"retransmits":	0,
				"omitted":	false
			}
		}, {
			"streams":	[{
					"socket":	5,
					"start":	2.0000720024108887,
					"end":	3.0000431537628174,
					"seconds":	0.99997115135192871,
					"bytes":	3811573760,
					"bits_per_second":	30493469775.378021,
					"retransmits":	0,
					"snd_cwnd":	3310128,
					"rtt":	428,
					"rttvar":	56,
					"pmtu":	1500,
					"omitted":	false
				}],
			"sum":	{
				"start":	2.0000720024108887,
				"end":	3.0000431537628174,
				"seconds":	0.99997115135192871,
				"bytes":	3811573760,
				"bits_per_second":	30493469775.378021,
				"retransmits":	0,
				"omitted":	false
			}
		}, {
			"streams":	[{
					"socket":	5,
					"start":	3.0000431537628174,
					"end":	4.0002110004425049,
					"seconds":	1.0001678466796875,
					"bytes":	3841720320,
					"bits_per_second":	30728604865.701862,
					"retransmits":	0,
					"snd_cwnd":	3310128,
					"rtt":	382,
					"rttvar":	42,
					"pmtu":	1500,
					"omitted":	false
				}],
			"sum":	{
				"start":	3.0000431537628174,
				"end":	4.0002110004425049,
				"seconds":	1.0001678466796875,
				"bytes":	3841720320,
				"bits_per_second":	30728604865.701862,
				"retransmits":	0,
				"omitted":	false
			}
		}, {
			"streams":	[{
					"socket":	5,
					"start":	4.0002110004425049,
					"end":	5.0001270771026611,
					"seconds":	0.99991607666015625,
					"bytes":	3825991680,
					"bits_per_second":	30610502375.593655,
					"retransmits":	0,
					"snd_cwnd":	3310128,
					"rtt":	436,
					"rttvar":	52,
					"pmtu":	1500,
					"omitted":	false
				}],
			"sum":	{
				"start":	4.0002110004425049,
				"end":	5.0001270771026611,
				"seconds":	0.99991607666015625,
				"bytes":	3825991680,
				"bits_per_second":	30610502375.593655,
				"retransmits":	0,
				"omitted":	false
			}
		}, {
			"streams":	[{
					"socket":	5,
					"start":	5.0001270771026611,
					"end":	6.000216007232666,
					"seconds":	1.0000889301300049,
					"bytes":	3760455680,
					"bits_per_second":	30080970335.3974,
					"retransmits":	0,
					"snd_cwnd":	3310128,
					"rtt":	201,
					"rttvar":	64,
					"pmtu":	1500,
					"omitted":	false
				}],
			"sum":	{
				"start":	5.0001270771026611,
				"end":	6.000216007232666,
				"seconds":	1.0000889301300049,
				"bytes":	3760455680,
				"bits_per_second":	30080970335.3974,
				"retransmits":	0,
				"omitted":	false
			}
		}, {
			"streams":	[{
					"socket":	5,
					"start":	6.000216007232666,
					"end":	7.00009298324585,
					"seconds":	0.99987697601318359,
					"bytes":	3774873600,
					"bits_per_second":	30202704457.114952,
					"retransmits":	0,
					"snd_cwnd":	3310128,
					"rtt":	441,
					"rttvar":	60,
					"pmtu":	1500,
					"omitted":	false
				}],
			"sum":	{
				"start":	6.000216007232666,
				"end":	7.00009298324585,
				"seconds":	0.99987697601318359,
				"bytes":	3774873600,
				"bits_per_second":	30202704457.114952,
				"retransmits":	0,
				"omitted":	false
			}
		}, {
			"streams":	[{
					"socket":	5,
					"start":	7.00009298324585,
					"end":	8.0002431869506836,
					"seconds":	1.000150203704834,
					"bytes":	3780116480,
					"bits_per_second":	30236390222.167824,
					"retransmits":	0,
					"snd_cwnd":	3310128,
					"rtt":	560,
					"rttvar":	62,
					"pmtu":	1500,
					"omitted":	false
				}],
			"sum":	{
				"start":	7.00009298324585,
				"end":	8.0002431869506836,
				"seconds":	1.000150203704834,
				"bytes":	3780116480,
				"bits_per_second":	30236390222.167824,
				"retransmits":	0,
				"omitted":	false
			}
		}, {
			"streams":	[{
					"socket":	5,
					"start":	8.0002431869506836,
					"end":	9.000042200088501,
					"seconds":	0.99979901313781738,
					"bytes":	3794534400,
					"bits_per_second":	30362377639.010067,
					"retransmits":	0,
					"snd_cwnd":	3310128,
					"rtt":	422,
					"rttvar":	67,
					"pmtu":	1500,
					"omitted":	false
				}],
			"sum":	{
				"start":	8.0002431869506836,
				"end":	9.000042200088501,
				"seconds":	0.99979901313781738,
				"bytes":	3794534400,
				"bits_per_second":	30362377639.010067,
				"retransmits":	0,
				"omitted":	false
			}
		}, {
			"streams":	[{
					"socket":	5,
					"start":	9.000042200088501,
					"end":	10.000238180160522,
					"seconds":	1.0001959800720215,
					"bytes":	3767009280,
					"bits_per_second":	30130169327.245228,
					"retransmits":	0,
					"snd_cwnd":	3310128,
					"rtt":	438,
					"rttvar":	72,
					"pmtu":	1500,
					"omitted":	false
				}],
			"sum":	{
				"start":	9.000042200088501,
				"end":	10.000238180160522,
				"seconds":	1.0001959800720215,
				"bytes":	3767009280,
				"bits_per_second":	30130169327.245228,
				"retransmits":	0,
				"omitted":	false
			}
		}, {
			"streams":	[{
					"socket":	5,
					"start":	10.000238180160522,
					"end":	11.000329971313477,
					"seconds":	1.0000917911529541,
					"bytes":	3761766400,
					"bits_per_second":	30091369078.538315,
					"retransmits":	0,
					"snd_cwnd":	3310128,
					"rtt":	442,
					"rttvar":	37,
					"pmtu":	1500,
					"omitted":	false
				}],
			"sum":	{
				"start":	10.000238180160522,
				"end":	11.000329971313477,
				"seconds":	1.0000917911529541,
				"bytes":	3761766400,
				"bits_per_second":	30091369078.538315,
				"retransmits":	0,
				"omitted":	false
			}
		}, {
			"streams":	[{
					"socket":	5,
					"start":	11.000329971313477,
					"end":	12.000063180923462,
					"seconds":	0.99973320960998535,
					"bytes":	3723755520,
					"bits_per_second":	29797993978.435162,
					"retransmits":	0,
					"snd_cwnd":	3310128,
					"rtt":	381,
					"rttvar":	76,
					"pmtu":	1500,
					"omitted":	false
				}],
			"sum":	{
				"start":	11.000329971313477,
				"end":	12.000063180923462,
				"seconds":	0.99973320960998535,
				"bytes":	3723755520,
				"bits_per_second":	29797993978.435162,
				"retransmits":	0,
				"omitted":	false
			}
		}, {
			"streams":	[{
					"socket":	5,
					"start":	12.000063180923462,
					"end":	13.000270128250122,
					"seconds":	1.0002069473266602,
					"bytes":	3735552000,
					"bits_per_second":	29878232779.600933,
					"retransmits":	0,
					"snd_cwnd":	3310128,
					"rtt":	491,
					"rttvar":	36,
					"pmtu":	1500,
					"omitted":	false
				}],