{
	"start":	{
		"connected":	[{
				"socket":	5,
				"local_host":	"169.254.0.1",
				"local_port":	40230,
				"remote_host":	"169.254.0.2",
				"remote_port":	5201
			}],
		"version":	"iperf 3.6",
		"system_info":	"Linux 169.254.0.1 4.14.94 #1 SMP Wed Jan 23 21:19:15 UTC 2019 x86_64",
		"timestamp":	{
			"time":	"Sat, 08 Feb 2020 15:07:13 GMT",
			"timesecs":	1581174433
		},
		"connecting_to":	{
			"host":	"169.254.0.2",
			"port":	5201
		},
		"cookie":	"7y6ijalhp2ar2zrntlodnx3blrjqvxlrjvi4",
		"tcp_mss_default":	1448,
		"sock_bufsize":	0,
		"sndbuf_actual":	16384,
		"rcvbuf_actual":	87380,
		"test_start":	{
			"protocol":	"TCP",
			"num_streams":	1,
			"blksize":	131072,
			"omit":	0,
			"duration":	30,
			"bytes":	0,
			"blocks":	0,
			"reverse":	0,
			"tos":	0
		}
	},
	"intervals":	[{
			"streams":	[{
					"socket":	5,
					"start":	0,
					"end":	1.0000689029693604,
					"seconds":	1.0000689029693604,
					"bytes":	3808984968,
					"bits_per_second":	30469780285.66256,
					"retransmits":	0,
					"snd_cwnd":	3311576,
					"rtt":	276,
					"rttvar":	92,
					"pmtu":	1500,
					"omitted":	false
				}],
			"sum":	{
				"start":	0,
				"end":	1.0000689029693604,
				"seconds":	1.0000689029693604,
				"bytes":	3808984968,
				"bits_per_second":	30469780285.66256,
				"retransmits":	0,
				"omitted":	false
			}
		}, {
			"streams":	[{
					"socket":	5,
					"start":	1.0000689029693604,
					"end":	2.0003108978271484,
					"seconds":	1.0002419948577881,
					"bytes":	3797155840,
					"bits_per_second":	30369897361.007084,
					"retransmits":	0,
					"snd_cwnd":	3311576,
					"rtt":	292,
					"rttvar":	90,
					"pmtu":	1500,
					"omitted":	false
				}],
			"sum":	{
				"start":	1.0000689029693604,
				"end":	2.0003108978271484,
				"seconds":	1.0002419948577881,
				"bytes":	3797155840,
				"bits_per_second":	30369897361.007084,
				"retransmits":	0,
				"omitted":	false
			}
		}, {
			"streams":	[{
					"socket":	5,
					"start":	2.0003108978271484,
					"end":	3.0002050399780273,
					"seconds":	0.99989414215087891,
					"bytes":	3805020160,
					"bits_per_second":	30443383951.145035,
					"retransmits":	0,
					"snd_cwnd":	3311576,
					"rtt":	605,
					"rttvar":	47,
					"pmtu":	1500,
					"omitted":	false
				}],
			"sum":	{
				"start":	2.0003108978271484,
				"end":	3.0002050399780273,
				"seconds":	0.99989414215087891,
				"bytes":	3805020160,
				"bits_per_second":	30443383951.145035,
				"retransmits":	0,
				"omitted":	false
			}
		}, {
			"streams":	[{
					"socket":	5,
					"start":	3.0002050399780273,
					"end":	4.0000700950622559,
					"seconds":	0.99986505508422852,
					"bytes":	3820748800,
					"bits_per_second":	30570115681.685791,
					"retransmits":	0,
					"snd_cwnd":	3311576,
					"rtt":	593,
					"rttvar":	51,
					"pmtu":	1500,
					"omitted":	false
				}],
			"sum":	{
				"start":	3.0002050399780273,
				"end":	4.0000700950622559,
				"seconds":	0.99986505508422852,
				"bytes":	3820748800,
				"bits_per_second":	30570115681.685791,
				"retransmits":	0,
				"omitted":	false
			}
		}, {
			"streams":	[{
					"socket":	5,
					"start":	4.0000700950622559,
					"end":	5.000114917755127,
					"seconds":	1.0000448226928711,
					"bytes":	3833856000,
					"bits_per_second":	30669473311.617233,
					"retransmits":	0,
					"snd_cwnd":	3311576,
					"rtt":	679,
					"rttvar":	58,
					"pmtu":	1500,
					"omitted":	false
				}],
			"sum":	{
				"start":	4.0000700950622559,
				"end":	5.000114917755127,
				"seconds":	1.0000448226928711,
				"bytes":	3833856000,
				"bits_per_second":	30669473311.617233,
				"retransmits":	0,
				"omitted":	false
			}
		}, {
			"streams":	[{
					"socket":	5,
					"start":	5.000114917755127,
					"end":	6.0000700950622559,
					"seconds":	0.99995517730712891,
					"bytes":	3807641600,
					"bits_per_second":	30462498211.201408,
					"retransmits":	0,
					"snd_cwnd":	3311576,
					"rtt":	608,
					"rttvar":	40,
					"pmtu":	1500,
					"omitted":	false
				}],
			"sum":	{
				"start":	5.000114917755127,
				"end":	6.0000700950622559,
				"seconds":	0.99995517730712891,
				"bytes":	3807641600,
				"bits_per_second":	30462498211.201408,
				"retransmits":	0,
				"omitted":	false
			}
		}, {
			"streams":	[{
					"socket":	5,
					"start":	6.0000700950622559,
					"end":	7.000269889831543,
					"seconds":	1.0001997947692871,
					"bytes":	3761766400,
					"bits_per_second":	30088119751.056053,
					"retransmits":	0,
					"snd_cwnd":	3311576,
					"rtt":	323,
					"rttvar":	83,
					"pmtu":	1500,
					"omitted":	false
				}],
			"sum":	{
				"start":	6.0000700950622559,
				"end":	7.000269889831543,
				"seconds":	1.0001997947692871,
				"bytes":	3761766400,
				"bits_per_second":	30088119751.056053,
				"retransmits":	0,
				"omitted":	false
			}
		}, {
			"streams":	[{
					"socket":	5,
					"start":	7.000269889831543,
					"end":	8.0000309944152832,
					"seconds":	0.99976110458374023,
					"bytes":	3770941440,
					"bits_per_second":	30174740127.103195,
					"retransmits":	0,
					"snd_cwnd":	3311576,
					"rtt":	589,
					"rttvar":	41,
					"pmtu":	1500,
					"omitted":	false
				}],
			"sum":	{
				"start":	7.000269889831543,
				"end":	8.0000309944152832,
				"seconds":	0.99976110458374023,
				"bytes":	3770941440,
				"bits_per_second":	30174740127.103195,
				"retransmits":	0,
				"omitted":	false
			}
		}, {
			"streams":	[{
					"socket":	5,
					"start":	8.0000309944152832,
					"end":	9.0000801086425781,
					"seconds":	1.0000491142272949,
					"bytes":	3795845120,
					"bits_per_second":	30365269593.247326,
					"retransmits":	0,
					"snd_cwnd":	3311576,
					"rtt":	519,
					"rttvar":	79,
					"pmtu":	1500,
					"omitted":	false
				}],
			"sum":	{
				"start":	8.0000309944152832,
				"end":	9.0000801086425781,
				"seconds":	1.0000491142272949,
				"bytes":	3795845120,
				"bits_per_second":	30365269593.247326,
				"retransmits":	0,
				"omitted":	false
			}
		}, {
			"streams":	[{
					"socket":	5,
					"start":	9.0000801086425781,
					"end":	10.000250101089478,
					"seconds":	1.0001699924468994,
					"bytes":	3818127360,
					"bits_per_second":	30539827340.022583,
					"retransmits":	0,
					"snd_cwnd":	3311576,
					"rtt":	590,
					"rttvar":	47,
					"pmtu":	1500,
					"omitted":	false
				}],
			"sum":	{
				"start":	9.0000801086425781,
				"end":	10.000250101089478,
				"seconds":	1.0001699924468994,
				"bytes":	3818127360,
				"bits_per_second":	30539827340.022583,
				"retransmits":	0,
				"omitted":	false
			}
		}, {
			"streams":	[{
					"socket":	5,
					"start":	10.000250101089478,
					"end":	11.000024080276489,
					"seconds":	0.99977397918701172,
					"bytes":	3811573760,
					"bits_per_second":	30499483598.07856,
					"retransmits":	0,
					"snd_cwnd":	3311576,
					"rtt":	604,
					"rttvar":	47,
					"pmtu":	1500,
					"omitted":	false
				}],
			"sum":	{
				"start":	10.000250101089478,
				"end":	11.000024080276489,
				"seconds":	0.99977397918701172,
				"bytes":	3811573760,
				"bits_per_second":	30499483598.07856,
				"retransmits":	0,
				"omitted":	false
			}
		}, {
			"streams":	[{
					"socket":	5,
					"start":	11.000024080276489,
					"end":	12.000072956085205,
					"seconds":	1.0000488758087158,
					"bytes":	3803709440,
					"bits_per_second":	30428188317.688217,
					"retransmits":	0,
					"snd_cwnd":	3311576,
					"rtt":	264,
					"rttvar":	90,
					"pmtu":	1500,
					"omitted":	false
				}],
			"sum":	{
				"start":	11.000024080276489,
				"end":	12.000072956085205,
				"seconds":	1.0000488758087158,
				"bytes":	3803709440,
				"bits_per_second":	30428188317.688217,
				"retransmits":	0,
				"omitted":	false
			}
		}, {
			"streams":	[{
					"socket":	5,
					"start":	12.000072956085205,
					"end":	13.000004053115845,
					"seconds":	0.99993109703063965,
					"bytes":	3790602240,
					"bits_per_second":	30326907533.98061,
					"retransmits":	0,
					"snd_cwnd":	3311576,
					"rtt":	582,
					"rttvar":	45,
					"pmtu":	1500,