{
	"start":	{
		"connected":	[{
				"socket":	4,
				"local_host":	"169.254.0.2",
				"local_port":	43894,
				"remote_host":	"169.254.0.2",
				"remote_port":	5201
			}],
		"version":	"iperf 3.1.3",
		"system_info":	"Linux rlin01 4.15.0-74-generic #84-Ubuntu SMP Thu Dec 19 08:06:28 UTC 2019 x86_64",
		"timestamp":	{
			"time":	"Thu, 23 Jan 2020 09:17:02 GMT",
			"timesecs":	1579771022
		},
		"connecting_to":	{
			"host":	"169.254.0.2",
			"port":	5201
		},
		"cookie":	"rlin01.1579771022.789497.4dfc07b21da",
		"tcp_mss_default":	32768,
		"test_start":	{
			"protocol":	"TCP",
			"num_streams":	1,
			"blksize":	131072,
			"omit":	0,
			"duration":	30,
			"bytes":	0,
			"blocks":	0,
			"reverse":	0
		}
	},
	"intervals":	[{
			"streams":	[{
					"socket":	4,
					"start":	0,
					"end":	1.000238,
					"seconds":	1.000238,
					"bytes":	3098542080,
					"bits_per_second":	2.478244e+10,
					"retransmits":	0,
					"snd_cwnd":	1702558,
					"rtt":	65,
					"omitted":	false
				}],
			"sum":	{
				"start":	0,
				"end":	1.000238,
				"seconds":	1.000238,
				"bytes":	3098542080,
				"bits_per_second":	2.478244e+10,
				"retransmits":	0,
				"omitted":	false
			}
		}, {
			"streams":	[{
					"socket":	4,
					"start":	1.000238,
					"end":	2.000196,
					"seconds":	0.999958,
					"bytes":	3356753920,
					"bits_per_second":	2.685516e+10,
					"retransmits":	0,
					"snd_cwnd":	1702558,
					"rtt":	75,
					"omitted":	false
				}],
			"sum":	{
				"start":	1.000238,
				"end":	2.000196,
				"seconds":	0.999958,
				"bytes":	3356753920,
				"bits_per_second":	2.685516e+10,
				"retransmits":	0,
				"omitted":	false
			}
		}, {
			"streams":	[{
					"socket":	4,
					"start":	2.000196,
					"end":	3.000052,
					"seconds":	0.999856,
					"bytes":	3326607360,
					"bits_per_second":	2.661669e+10,
					"retransmits":	0,
					"snd_cwnd":	1702558,
					"rtt":	64,
					"omitted":	false
				}],
			"sum":	{
				"start":	2.000196,
				"end":	3.000052,
				"seconds":	0.999856,
				"bytes":	3326607360,
				"bits_per_second":	2.661669e+10,
				"retransmits":	0,
				"omitted":	false
			}
		}, {
			"streams":	[{
					"socket":	4,
					"start":	3.000052,
					"end":	4.000043,
					"seconds":	0.999991,
					"bytes":	3413114880,
					"bits_per_second":	2.730517e+10,
					"retransmits":	0,
					"snd_cwnd":	1702558,
					"rtt":	67,
					"omitted":	false
				}],
			"sum":	{
				"start":	3.000052,
				"end":	4.000043,
				"seconds":	0.999991,
				"bytes":	3413114880,
				"bits_per_second":	2.730517e+10,
				"retransmits":	0,
				"omitted":	false
			}
		}, {
			"streams":	[{
					"socket":	4,
					"start":	4.000043,
					"end":	5.000300,
					"seconds":	1.000257,
					"bytes":	3359375360,
					"bits_per_second":	2.686810e+10,
					"retransmits":	0,
					"snd_cwnd":	1702558,
					"rtt":	79,
					"omitted":	false
				}],
			"sum":	{
				"start":	4.000043,
				"end":	5.000300,
				"seconds":	1.000257,
				"bytes":	3359375360,
				"bits_per_second":	2.686810e+10,
				"retransmits":	0,
				"omitted":	false
			}
		}, {
			"streams":	[{
					"socket":	4,
					"start":	5.000300,
					"end":	6.000342,
					"seconds":	1.000042,
					"bytes":	3268935680,
					"bits_per_second":	2.615039e+10,
					"retransmits":	0,
					"snd_cwnd":	1702558,
					"rtt":	36,
					"omitted":	false
				}],
			"sum":	{
				"start":	5.000300,
				"end":	6.000342,
				"seconds":	1.000042,
				"bytes":	3268935680,
				"bits_per_second":	2.615039e+10,
				"retransmits":	0,
				"omitted":	false
			}
		}, {
			"streams":	[{
					"socket":	4,
					"start":	6.000342,
					"end":	7.000220,
					"seconds":	0.999878,
					"bytes":	3202088960,
					"bits_per_second":	2.561983e+10,
					"retransmits":	0,
					"snd_cwnd":	1702558,
					"rtt":	37,
					"omitted":	false
				}],
			"sum":	{
				"start":	6.000342,
				"end":	7.000220,
				"seconds":	0.999878,
				"bytes":	3202088960,
				"bits_per_second":	2.561983e+10,
				"retransmits":	0,
				"omitted":	false
			}
		}, {
			"streams":	[{
					"socket":	4,
					"start":	7.000220,
					"end":	8.000169,
					"seconds":	0.999949,
					"bytes":	3230924800,
					"bits_per_second":	2.584872e+10,
					"retransmits":	0,
					"snd_cwnd":	1702558,
					"rtt":	47,
					"omitted":	false
				}],
			"sum":	{
				"start":	7.000220,
				"end":	8.000169,
				"seconds":	0.999949,
				"bytes":	3230924800,
				"bits_per_second":	2.584872e+10,
				"retransmits":	0,
				"omitted":	false
			}
		}, {
			"streams":	[{
					"socket":	4,
					"start":	8.000169,
					"end":	9.000253,
					"seconds":	1.000084,
					"bytes":	3267624960,
					"bits_per_second":	2.613881e+10,
					"retransmits":	0,
					"snd_cwnd":	1702558,
					"rtt":	44,
					"omitted":	false
				}],
			"sum":	{
				"start":	8.000169,
				"end":	9.000253,
				"seconds":	1.000084,
				"bytes":	3267624960,
				"bits_per_second":	2.613881e+10,
				"retransmits":	0,
				"omitted":	false
			}
		}, {
			"streams":	[{
					"socket":	4,
					"start":	9.000253,
					"end":	10.000006,
					"seconds":	0.999753,
					"bytes":	3255828480,
					"bits_per_second":	2.605306e+10,
					"retransmits":	0,
					"snd_cwnd":	1702558,
					"rtt":	56,
					"omitted":	false
				}],
			"sum":	{
				"start":	9.000253,
				"end":	10.000006,
				"seconds":	0.999753,
				"bytes":	3255828480,
				"bits_per_second":	2.605306e+10,
				"retransmits":	0,
				"omitted":	false
			}
		}, {
			"streams":	[{
					"socket":	4,
					"start":	10.000006,
					"end":	11.000265,
					"seconds":	1.000259,
					"bytes":	3272867840,
					"bits_per_second":	2.617617e+10,
					"retransmits":	0,
					"snd_cwnd":	1702558,
					"rtt":	66,
					"omitted":	false
				}],
			"sum":	{
				"start":	10.000006,
				"end":	11.000265,
				"seconds":	1.000259,
				"bytes":	3272867840,
				"bits_per_second":	2.617617e+10,
				"retransmits":	0,
				"omitted":	false
			}
		}, {
			"streams":	[{
					"socket":	4,
					"start":	11.000265,
					"end":	12.000209,
					"seconds":	0.999944,
					"bytes":	3451125760,
					"bits_per_second":	2.761055e+10,
					"retransmits":	0,
					"snd_cwnd":	1702558,
					"rtt":	81,
					"omitted":	false
				}],
			"sum":	{
				"start":	11.000265,
				"end":	12.000209,
				"seconds":	0.999944,
				"bytes":	3451125760,
				"bits_per_second":	2.761055e+10,
				"retransmits":	0,
				"omitted":	false
			}
		}, {
			"streams":	[{
					"socket":	4,
					"start":	12.000209,
					"end":	13.000134,
					"seconds":	0.999925,
					"bytes":	3558604800,
					"bits_per_second":	2.847097e+10,
					"retransmits":	0,
					"snd_cwnd":	1702558,
					"rtt":	66,
					"omitted":	false
				}],
			"sum":	{
				"start":	12.000209,
				"end":	13.000134,
				"seconds":	0.999925,
				"bytes":	3558604800,
				"bits_per_second":	2.847097e+10,
				"retransmits":	0,
				"omitted":	false
			}
		}, {
			"streams":	[{
					"socket":	4,
					"start":	13.000134,
					"end":	14.000126,
					"seconds":	0.999992,
					"bytes":	3756523520,
					"bits_per_second":	3.005243e+10,
					"retransmits":	0,
					"snd_cwnd":	1702558,
					"rtt":	82,
					"omitted":	false
				}],
			"sum":	{
				"start":	13.000134,
				"end":	14.000126,
				"seconds":	0.999992,
				"bytes":	3756523520,
				"bits_per_second":	3.005243e+10,
				"retransmits":	0,
				"omitted":	false
			}
		}, {
			"streams":	[{
					"socket":	4,
					"start":	14.000126,
					"end":	15.000261,
					"seconds":	1.000135,
					"bytes":	3583508480,
					"bits_per_second":	2.866419e+10,
					"retransmits":	0,
					"snd_cwnd":	1702558,
					"rtt":	37,
					"omitted":	false
				}],
			"sum":	{
				"start":	14.000126,
				"end":	15.000261,
				"seconds":	1.000135,
				"bytes":	3583508480,
				"bits_per_second":	2.866419e+10,
				"retransmits":	0,
				"omitted":	false
			}
		}, {
			"streams":	[{
					"socket":	4,
					"start":	15.000261,
					"end":	16.000256,
					"seconds":	0.999995,
					"bytes":	3575644160,
					"bits_per_second":	2.860530e+10,
					"retransmits":	0,
					"snd_cwnd":	1702558,
					"rtt":	81,
					"omitted":	false
				}],