{
  "fio version" : "fio-3.13",
  "timestamp" : 1567464732,
  "timestamp_ms" : 1567464732778,
  "time" : "Mon Sep  2 22:52:12 2019",
  "jobs" : [
    {
      "jobname" : "rand-write-4k-qd1",
      "groupid" : 0,
      "error" : 0,
      "eta" : 0,
      "elapsed" : 31,
      "job options" : {
        "runtime" : "30",
        "bs" : "4k",
        "rw" : "randwrite",
        "direct" : "1",
        "randrepeat" : "0",
        "ioengine" : "libaio",
        "iodepth" : "1",
        "fsync" : "32",
        "filename" : "/dev/vdb"
      },
      "read" : {
        "io_bytes" : 0,
        "io_kbytes" : 0,
        "bw_bytes" : 0,
        "bw" : 0,
        "iops" : 0.000000,
        "runtime" : 0,
        "total_ios" : 0,
        "short_ios" : 0,
        "drop_ios" : 0,
        "slat_ns" : {
          "min" : 0,
          "max" : 0,
          "mean" : 0.000000,
          "stddev" : 0.000000
        },
        "clat_ns" : {
          "min" : 0,
          "max" : 0,
          "mean" : 0.000000,
          "stddev" : 0.000000,
          "percentile" : {
            "1.000000" : 0,
            "5.000000" : 0,
            "10.000000" : 0,
            "20.000000" : 0,
            "30.000000" : 0,
            "40.000000" : 0,
            "50.000000" : 0,
            "60.000000" : 0,
            "70.000000" : 0,
            "80.000000" : 0,
            "90.000000" : 0,
            "95.000000" : 0,
            "99.000000" : 0,
            "99.500000" : 0,
            "99.900000" : 0,
            "99.950000" : 0,
            "99.990000" : 0
          }
        },
        "lat_ns" : {
          "min" : 0,
          "max" : 0,
          "mean" : 0.000000,
          "stddev" : 0.000000
        },
        "bw_min" : 0,
        "bw_max" : 0,
        "bw_agg" : 0.000000,
        "bw_mean" : 0.000000,
        "bw_dev" : 0.000000,
        "bw_samples" : 0,
        "iops_min" : 0,
        "iops_max" : 0,
        "iops_mean" : 0.000000,
        "iops_stddev" : 0.000000,
        "iops_samples" : 0
      },
      "write" : {
        "io_bytes" : 4625108992,
        "io_kbytes" : 4516708,
        "bw_bytes" : 154170299,
        "bw" : 150556,
        "iops" : 37639.233333,
        "runtime" : 30000,
        "total_ios" : 1129177,
        "short_ios" : 0,
        "drop_ios" : 0,
        "slat_ns" : {
          "min" : 3840,
          "max" : 4889860,
          "mean" : 5780.586100,
          "stddev" : 5058.068730
        },
        "clat_ns" : {
          "min" : 426,
          "max" : 8264285,
          "mean" : 19372.338715,
          "stddev" : 13099.186694,
          "percentile" : {
            "1.000000" : 12096,
            "5.000000" : 13376,
            "10.000000" : 14016,
            "20.000000" : 15424,
            "30.000000" : 17024,
            "40.000000" : 18048,
            "50.000000" : 19072,
            "60.000000" : 19840,
            "70.000000" : 20608,
            "80.000000" : 22144,
            "90.000000" : 25728,
            "95.000000" : 27520,
            "99.000000" : 31104,
            "99.500000" : 33536,
            "99.900000" : 42752,
            "99.950000" : 48384,
            "99.990000" : 91648
          }
        },
        "lat_ns" : {
          "min" : 14287,
          "max" : 8268964,
          "mean" : 25242.813174,
          "stddev" : 14510.865234
        },
        "bw_min" : 116784,
        "bw_max" : 172872,
        "bw_agg" : 100.000000,
        "bw_mean" : 150587.627119,
        "bw_dev" : 16854.099812,
        "bw_samples" : 59,
        "iops_min" : 29196,
        "iops_max" : 43218,
        "iops_mean" : 37646.932203,
        "iops_stddev" : 4213.535885,
        "iops_samples" : 59
      },
      "trim" : {
        "io_bytes" : 0,
        "io_kbytes" : 0,
        "bw_bytes" : 0,
        "bw" : 0,
        "iops" : 0.000000,
        "runtime" : 0,
        "total_ios" : 0,
        "short_ios" : 0,
        "drop_ios" : 0,
        "slat_ns" : {
          "min" : 0,
          "max" : 0,
          "mean" : 0.000000,
          "stddev" : 0.000000
        },
        "clat_ns" : {
          "min" : 0,
          "max" : 0,
          "mean" : 0.000000,
          "stddev" : 0.000000,
          "percentile" : {
            "1.000000" : 0,
            "5.000000" : 0,
            "10.000000" : 0,
            "20.000000" : 0,
            "30.000000" : 0,
            "40.000000" : 0,
            "50.000000" : 0,
            "60.000000" : 0,
            "70.000000" : 0,
            "80.000000" : 0,
            "90.000000" : 0,
            "95.000000" : 0,
            "99.000000" : 0,
            "99.500000" : 0,
            "99.900000" : 0,
            "99.950000" : 0,
            "99.990000" : 0
          }
        },
        "lat_ns" : {
          "min" : 0,
          "max" : 0,
          "mean" : 0.000000,
          "stddev" : 0.000000
        },
        "bw_min" : 0,
        "bw_max" : 0,
        "bw_agg" : 0.000000,
        "bw_mean" : 0.000000,
        "bw_dev" : 0.000000,
        "bw_samples" : 0,
        "iops_min" : 0,
        "iops_max" : 0,
        "iops_mean" : 0.000000,
        "iops_stddev" : 0.000000,
        "iops_samples" : 0
      },
      "sync" : {
        "lat_ns" : {
          "min" : 17,
          "max" : 11428,
          "mean" : 48.870203,
          "stddev" : 89.218039,
          "percentile" : {
            "1.000000" : 29,
            "5.000000" : 31,
            "10.000000" : 33,
            "20.000000" : 34,
            "30.000000" : 36,
            "40.000000" : 38,
            "50.000000" : 39,
            "60.000000" : 43,
            "70.000000" : 45,
            "80.000000" : 52,
            "90.000000" : 71,
            "95.000000" : 96,
            "99.000000" : 175,
            "99.500000" : 235,
            "99.900000" : 330,
            "99.950000" : 414,
            "99.990000" : 588
          }
        },
        "total_ios" : 35286
      },
      "job_runtime" : 30000,
      "usr_cpu" : 6.600000,
      "sys_cpu" : 38.976667,
      "ctx" : 1164721,
      "majf" : 22,
      "minf" : 38,
      "iodepth_level" : {
        "1" : 103.124931,
        "2" : 0.000000,
        "4" : 0.000000,
        "8" : 0.000000,
        "16" : 0.000000,
        "32" : 0.000000,
        ">=64" : 0.000000
      },
      "iodepth_submit" : {
        "0" : 0.000000,
        "4" : 100.000000,
        "8" : 0.000000,
        "16" : 0.000000,
        "32" : 0.000000,
        "64" : 0.000000,
        ">=64" : 0.000000
      },
      "iodepth_complete" : {
        "0" : 0.000000,
        "4" : 100.000000,
        "8" : 0.000000,
        "16" : 0.000000,
        "32" : 0.000000,
        "64" : 0.000000,
        ">=64" : 0.000000
      },
      "latency_ns" : {
        "2" : 0.000000,
        "4" : 0.000000,
        "10" : 0.000000,
        "20" : 0.000000,
        "50" : 0.000000,
        "100" : 0.000000,
        "250" : 0.000000,
        "500" : 0.010000,
        "750" : 0.010000,
        "1000" : 0.010000
      },
      "latency_us" : {
        "2" : 0.019218,
        "4" : 0.010000,
        "10" : 0.045254,
        "20" : 62.962494,
        "50" : 36.916976,
        "100" : 0.034716,
        "250" : 0.010000,
        "500" : 0.010000,
        "750" : 0.010000,
        "1000" : 0.010000
      },
      "latency_ms" : {
        "2" : 0.010000,
        "4" : 0.010000,
        "10" : 0.010000,
        "20" : 0.000000,
        "50" : 0.000000,
        "100" : 0.000000,
        "250" : 0.000000,
        "500" : 0.000000,
        "750" : 0.000000,
        "1000" : 0.000000,
        "2000" : 0.000000,
        ">=2000" : 0.000000
      },
      "latency_depth" : 1,
      "latency_target" : 0,
      "latency_percentile" : 100.000000,
      "latency_window" : 0
    }
  ],
  "disk_util" : [
    {
      "name" : "vdb",
      "read_ios" : 0,
      "write_ios" : 1159196,
      "read_merges" : 0,
      "write_merges" : 0,
      "read_ticks" : 0,
      "write_ticks" : 20388,
      "in_queue" : 0,
      "util" : 0.000000
    }
  ]
}
