{
  "fio version" : "fio-3.13",
  "timestamp" : 1580064486,
  "timestamp_ms" : 1580064486102,
  "time" : "Sun Jan 26 18:48:06 2020",
  "jobs" : [
    {
      "jobname" : "rand-write-128k-qd1",
      "groupid" : 0,
      "error" : 0,
      "eta" : 0,
      "elapsed" : 31,
      "job options" : {
        "runtime" : "30",
        "bs" : "128k",
        "rw" : "randwrite",
        "direct" : "1",
        "randrepeat" : "0",
        "ioengine" : "libaio",
        "iodepth" : "1",
        "fsync" : "32",
        "filename" : "/dev/vdb"
      },
      "read" : {
        "io_bytes" : 0,
        "io_kbytes" : 0,
        "bw_bytes" : 0,
        "bw" : 0,
        "iops" : 0.000000,
        "runtime" : 0,
        "total_ios" : 0,
        "short_ios" : 0,
        "drop_ios" : 0,
        "slat_ns" : {
          "min" : 0,
          "max" : 0,
          "mean" : 0.000000,
          "stddev" : 0.000000
        },
        "clat_ns" : {
          "min" : 0,
          "max" : 0,
          "mean" : 0.000000,
          "stddev" : 0.000000,
          "percentile" : {
            "1.000000" : 0,
            "5.000000" : 0,
            "10.000000" : 0,
            "20.000000" : 0,
            "30.000000" : 0,
            "40.000000" : 0,
            "50.000000" : 0,
            "60.000000" : 0,
            "70.000000" : 0,
            "80.000000" : 0,
            "90.000000" : 0,
            "95.000000" : 0,
            "99.000000" : 0,
            "99.500000" : 0,
            "99.900000" : 0,
            "99.950000" : 0,
            "99.990000" : 0
          }
        },
        "lat_ns" : {
          "min" : 0,
          "max" : 0,
          "mean" : 0.000000,
          "stddev" : 0.000000
        },
        "bw_min" : 0,
        "bw_max" : 0,
        "bw_agg" : 0.000000,
        "bw_mean" : 0.000000,
        "bw_dev" : 0.000000,
        "bw_samples" : 0,
        "iops_min" : 0,
        "iops_max" : 0,
        "iops_mean" : 0.000000,
        "iops_stddev" : 0.000000,
        "iops_samples" : 0
      },
      "write" : {
        "io_bytes" : 8986689536,
        "io_kbytes" : 8776064,
        "bw_bytes" : 299546332,
        "bw" : 292525,
        "iops" : 2285.357155,
        "runtime" : 30001,
        "total_ios" : 68563,
        "short_ios" : 0,
        "drop_ios" : 0,
        "slat_ns" : {
          "min" : 30926,
          "max" : 233548,
          "mean" : 113436.616178,
          "stddev" : 24319.297924
        },
        "clat_ns" : {
          "min" : 77293,
          "max" : 1031190,
          "mean" : 318089.521579,
          "stddev" : 60121.489111,
          "percentile" : {
            "1.000000" : 124416,
            "5.000000" : 154624,
            "10.000000" : 228352,
            "20.000000" : 296960,
            "30.000000" : 317440,
            "40.000000" : 329728,
            "50.000000" : 342016,
            "60.000000" : 346112,
            "70.000000" : 350208,
            "80.000000" : 354304,
            "90.000000" : 362496,
            "95.000000" : 366592,
            "99.000000" : 399360,
            "99.500000" : 415744,
            "99.900000" : 440320,
            "99.950000" : 448512,
            "99.990000" : 528384
          }
        },
        "lat_ns" : {
          "min" : 123134,
          "max" : 1160846,
          "mean" : 431790.496157,
          "stddev" : 79271.688162
        },
        "bw_min" : 253184,
        "bw_max" : 635392,
        "bw_agg" : 99.997413,
        "bw_mean" : 292517.433333,
        "bw_dev" : 52909.699141,
        "bw_samples" : 60,
        "iops_min" : 1978,
        "iops_max" : 4964,
        "iops_mean" : 2285.266667,
        "iops_stddev" : 413.368095,
        "iops_samples" : 60
      },
      "trim" : {
        "io_bytes" : 0,
        "io_kbytes" : 0,
        "bw_bytes" : 0,
        "bw" : 0,
        "iops" : 0.000000,
        "runtime" : 0,
        "total_ios" : 0,
        "short_ios" : 0,
        "drop_ios" : 0,
        "slat_ns" : {
          "min" : 0,
          "max" : 0,
          "mean" : 0.000000,
          "stddev" : 0.000000
        },
        "clat_ns" : {
          "min" : 0,
          "max" : 0,
          "mean" : 0.000000,
          "stddev" : 0.000000,
          "percentile" : {
            "1.000000" : 0,
            "5.000000" : 0,
            "10.000000" : 0,
            "20.000000" : 0,
            "30.000000" : 0,
            "40.000000" : 0,
            "50.000000" : 0,
            "60.000000" : 0,
            "70.000000" : 0,
            "80.000000" : 0,
            "90.000000" : 0,
            "95.000000" : 0,
            "99.000000" : 0,
            "99.500000" : 0,
            "99.900000" : 0,
            "99.950000" : 0,
            "99.990000" : 0
          }
        },
        "lat_ns" : {
          "min" : 0,
          "max" : 0,
          "mean" : 0.000000,
          "stddev" : 0.000000
        },
        "bw_min" : 0,
        "bw_max" : 0,
        "bw_agg" : 0.000000,
        "bw_mean" : 0.000000,
        "bw_dev" : 0.000000,
        "bw_samples" : 0,
        "iops_min" : 0,
        "iops_max" : 0,
        "iops_mean" : 0.000000,
        "iops_stddev" : 0.000000,
        "iops_samples" : 0
      },
      "sync" : {
        "lat_ns" : {
          "min" : 30,
          "max" : 23662,
          "mean" : 327.238562,
          "stddev" : 517.620138,
          "percentile" : {
            "1.000000" : 37,
            "5.000000" : 126,
            "10.000000" : 141,
            "20.000000" : 209,
            "30.000000" : 282,
            "40.000000" : 310,
            "50.000000" : 342,
            "60.000000" : 370,
            "70.000000" : 386,
            "80.000000" : 414,
            "90.000000" : 434,
            "95.000000" : 450,
            "99.000000" : 502,
            "99.500000" : 532,
            "99.900000" : 828,
            "99.950000" : 1848,
            "99.990000" : 23680
          }
        },
        "total_ios" : 2142
      },
      "job_runtime" : 30000,
      "usr_cpu" : 6.726667,
      "sys_cpu" : 26.280000,
      "ctx" : 71353,
      "majf" : 0,
      "minf" : 11,
      "iodepth_level" : {
        "1" : 103.124134,
        "2" : 0.000000,
        "4" : 0.000000,
        "8" : 0.000000,
        "16" : 0.000000,
        "32" : 0.000000,
        ">=64" : 0.000000
      },
      "iodepth_submit" : {
        "0" : 0.000000,
        "4" : 100.000000,
        "8" : 0.000000,
        "16" : 0.000000,
        "32" : 0.000000,
        "64" : 0.000000,
        ">=64" : 0.000000
      },
      "iodepth_complete" : {
        "0" : 0.000000,
        "4" : 100.000000,
        "8" : 0.000000,
        "16" : 0.000000,
        "32" : 0.000000,
        "64" : 0.000000,
        ">=64" : 0.000000
      },
      "latency_ns" : {
        "2" : 0.000000,
        "4" : 0.000000,
        "10" : 0.000000,
        "20" : 0.000000,
        "50" : 0.000000,
        "100" : 0.000000,
        "250" : 0.000000,
        "500" : 0.000000,
        "750" : 0.000000,
        "1000" : 0.000000
      },
      "latency_us" : {
        "2" : 0.000000,
        "4" : 0.000000,
        "10" : 0.000000,
        "20" : 0.000000,
        "50" : 0.000000,
        "100" : 0.036463,
        "250" : 11.439114,
        "500" : 88.508379,
        "750" : 0.013127,
        "1000" : 0.010000
      },
      "latency_ms" : {
        "2" : 0.010000,
        "4" : 0.000000,
        "10" : 0.000000,
        "20" : 0.000000,
        "50" : 0.000000,
        "100" : 0.000000,
        "250" : 0.000000,
        "500" : 0.000000,
        "750" : 0.000000,
        "1000" : 0.000000,
        "2000" : 0.000000,
        ">=2000" : 0.000000
      },
      "latency_depth" : 1,
      "latency_target" : 0,
      "latency_percentile" : 100.000000,
      "latency_window" : 0
    }
  ],
  "disk_util" : [
    {
      "name" : "vdb",
      "read_ios" : 0,
      "write_ios" : 2120613,
      "read_merges" : 0,
      "write_merges" : 0,
      "read_ticks" : 0,
      "write_ticks" : 609400,
      "in_queue" : 571980,