{
  "fio version" : "fio-3.13",
  "timestamp" : 1567354705,
  "timestamp_ms" : 1567354705136,
  "time" : "Sun Sep  1 16:18:25 2019",
  "jobs" : [
    {
      "jobname" : "rand-write-128k-qd1",
      "groupid" : 0,
      "error" : 0,
      "eta" : 0,
      "elapsed" : 31,
      "job options" : {
        "runtime" : "30",
        "bs" : "128k",
        "rw" : "randwrite",
        "direct" : "1",
        "randrepeat" : "0",
        "ioengine" : "libaio",
        "iodepth" : "1",
        "fsync" : "32",
        "filename" : "/dev/vdb"
      },
      "read" : {
        "io_bytes" : 0,
        "io_kbytes" : 0,
        "bw_bytes" : 0,
        "bw" : 0,
        "iops" : 0.000000,
        "runtime" : 0,
        "total_ios" : 0,
        "short_ios" : 0,
        "drop_ios" : 0,
        "slat_ns" : {
          "min" : 0,
          "max" : 0,
          "mean" : 0.000000,
          "stddev" : 0.000000
        },
        "clat_ns" : {
          "min" : 0,
          "max" : 0,
          "mean" : 0.000000,
          "stddev" : 0.000000,
          "percentile" : {
            "1.000000" : 0,
            "5.000000" : 0,
            "10.000000" : 0,
            "20.000000" : 0,
            "30.000000" : 0,
            "40.000000" : 0,
            "50.000000" : 0,
            "60.000000" : 0,
            "70.000000" : 0,
            "80.000000" : 0,
            "90.000000" : 0,
            "95.000000" : 0,
            "99.000000" : 0,
            "99.500000" : 0,
            "99.900000" : 0,
            "99.950000" : 0,
            "99.990000" : 0
          }
        },
        "lat_ns" : {
          "min" : 0,
          "max" : 0,
          "mean" : 0.000000,
          "stddev" : 0.000000
        },
        "bw_min" : 0,
        "bw_max" : 0,
        "bw_agg" : 0.000000,
        "bw_mean" : 0.000000,
        "bw_dev" : 0.000000,
        "bw_samples" : 0,
        "iops_min" : 0,
        "iops_max" : 0,
        "iops_mean" : 0.000000,
        "iops_stddev" : 0.000000,
        "iops_samples" : 0
      },
      "write" : {
        "io_bytes" : 26944864256,
        "io_kbytes" : 26313344,
        "bw_bytes" : 898132204,
        "bw" : 877082,
        "iops" : 6852.204927,
        "runtime" : 30001,
        "total_ios" : 205573,
        "short_ios" : 0,
        "drop_ios" : 0,
        "slat_ns" : {
          "min" : 25860,
          "max" : 199349,
          "mean" : 34321.649978,
          "stddev" : 9508.007165
        },
        "clat_ns" : {
          "min" : 46218,
          "max" : 9651972,
          "mean" : 110246.640434,
          "stddev" : 34181.600236,
          "percentile" : {
            "1.000000" : 79360,
            "5.000000" : 90624,
            "10.000000" : 97792,
            "20.000000" : 102912,
            "30.000000" : 104960,
            "40.000000" : 105984,
            "50.000000" : 108032,
            "60.000000" : 110080,
            "70.000000" : 113152,
            "80.000000" : 118272,
            "90.000000" : 125440,
            "95.000000" : 128512,
            "99.000000" : 160768,
            "99.500000" : 214016,
            "99.900000" : 238592,
            "99.950000" : 250880,
            "99.990000" : 321536
          }
        },
        "lat_ns" : {
          "min" : 100517,
          "max" : 9684397,
          "mean" : 144688.100738,
          "stddev" : 35491.424354
        },
        "bw_min" : 764160,
        "bw_max" : 929280,
        "bw_agg" : 99.977835,
        "bw_mean" : 876887.593220,
        "bw_dev" : 36035.893233,
        "bw_samples" : 59,
        "iops_min" : 5970,
        "iops_max" : 7260,
        "iops_mean" : 6850.677966,
        "iops_stddev" : 281.529226,
        "iops_samples" : 59
      },
      "trim" : {
        "io_bytes" : 0,
        "io_kbytes" : 0,
        "bw_bytes" : 0,
        "bw" : 0,
        "iops" : 0.000000,
        "runtime" : 0,
        "total_ios" : 0,
        "short_ios" : 0,
        "drop_ios" : 0,
        "slat_ns" : {
          "min" : 0,
          "max" : 0,
          "mean" : 0.000000,
          "stddev" : 0.000000
        },
        "clat_ns" : {
          "min" : 0,
          "max" : 0,
          "mean" : 0.000000,
          "stddev" : 0.000000,
          "percentile" : {
            "1.000000" : 0,
            "5.000000" : 0,
            "10.000000" : 0,
            "20.000000" : 0,
            "30.000000" : 0,
            "40.000000" : 0,
            "50.000000" : 0,
            "60.000000" : 0,
            "70.000000" : 0,
            "80.000000" : 0,
            "90.000000" : 0,
            "95.000000" : 0,
            "99.000000" : 0,
            "99.500000" : 0,
            "99.900000" : 0,
            "99.950000" : 0,
            "99.990000" : 0
          }
        },
        "lat_ns" : {
          "min" : 0,
          "max" : 0,
          "mean" : 0.000000,
          "stddev" : 0.000000
        },
        "bw_min" : 0,
        "bw_max" : 0,
        "bw_agg" : 0.000000,
        "bw_mean" : 0.000000,
        "bw_dev" : 0.000000,
        "bw_samples" : 0,
        "iops_min" : 0,
        "iops_max" : 0,
        "iops_mean" : 0.000000,
        "iops_stddev" : 0.000000,
        "iops_samples" : 0
      },
      "sync" : {
        "lat_ns" : {
          "min" : 24,
          "max" : 829,
          "mean" : 74.014166,
          "stddev" : 44.471613,
          "percentile" : {
            "1.000000" : 44,
            "5.000000" : 45,
            "10.000000" : 47,
            "20.000000" : 50,
            "30.000000" : 53,
            "40.000000" : 57,
            "50.000000" : 60,
            "60.000000" : 65,
            "70.000000" : 71,
            "80.000000" : 84,
            "90.000000" : 124,
            "95.000000" : 149,
            "99.000000" : 251,
            "99.500000" : 302,
            "99.900000" : 470,
            "99.950000" : 604,
            "99.990000" : 828
          }
        },
        "total_ios" : 6424
      },
      "job_runtime" : 30000,
      "usr_cpu" : 3.706667,
      "sys_cpu" : 24.176667,
      "ctx" : 212221,
      "majf" : 0,
      "minf" : 12,
      "iodepth_level" : {
        "1" : 103.124924,
        "2" : 0.000000,
        "4" : 0.000000,
        "8" : 0.000000,
        "16" : 0.000000,
        "32" : 0.000000,
        ">=64" : 0.000000
      },
      "iodepth_submit" : {
        "0" : 0.000000,
        "4" : 100.000000,
        "8" : 0.000000,
        "16" : 0.000000,
        "32" : 0.000000,
        "64" : 0.000000,
        ">=64" : 0.000000
      },
      "iodepth_complete" : {
        "0" : 0.000000,
        "4" : 100.000000,
        "8" : 0.000000,
        "16" : 0.000000,
        "32" : 0.000000,
        "64" : 0.000000,
        ">=64" : 0.000000
      },
      "latency_ns" : {
        "2" : 0.000000,
        "4" : 0.000000,
        "10" : 0.000000,
        "20" : 0.000000,
        "50" : 0.000000,
        "100" : 0.000000,
        "250" : 0.000000,
        "500" : 0.000000,
        "750" : 0.000000,
        "1000" : 0.000000
      },
      "latency_us" : {
        "2" : 0.000000,
        "4" : 0.000000,
        "10" : 0.000000,
        "20" : 0.000000,
        "50" : 0.010000,
        "100" : 13.018733,
        "250" : 86.929217,
        "500" : 0.047672,
        "750" : 0.010000,
        "1000" : 0.000000
      },
      "latency_ms" : {
        "2" : 0.000000,
        "4" : 0.010000,
        "10" : 0.010000,
        "20" : 0.000000,
        "50" : 0.000000,
        "100" : 0.000000,
        "250" : 0.000000,
        "500" : 0.000000,
        "750" : 0.000000,
        "1000" : 0.000000,
        "2000" : 0.000000,
        ">=2000" : 0.000000
      },
      "latency_depth" : 1,
      "latency_target" : 0,
      "latency_percentile" : 100.000000,
      "latency_window" : 0
    }
  ],
  "disk_util" : [
    {
      "name" : "vdb",
      "read_ios" : 0,
      "write_ios" : 6357061,
      "read_merges" : 0,
      "write_merges" : 0,
      "read_ticks" : 0,
      "write_ticks" : 598472,
      "in_queue" : 555548,