{
  "fio version" : "fio-3.13",
  "timestamp" : 1567353990,
  "timestamp_ms" : 1567353990273,
  "time" : "Sun Sep  1 16:06:30 2019",
  "jobs" : [
    {
      "jobname" : "rand-write-4k-qd1",
      "groupid" : 0,
      "error" : 0,
      "eta" : 0,
      "elapsed" : 31,
      "job options" : {
        "runtime" : "30",
        "bs" : "4k",
        "rw" : "randwrite",
        "direct" : "1",
        "randrepeat" : "0",
        "ioengine" : "libaio",
        "iodepth" : "1",
        "fsync" : "32",
        "filename" : "/dev/vdb"
      },
      "read" : {
        "io_bytes" : 0,
        "io_kbytes" : 0,
        "bw_bytes" : 0,
        "bw" : 0,
        "iops" : 0.000000,
        "runtime" : 0,
        "total_ios" : 0,
        "short_ios" : 0,
        "drop_ios" : 0,
        "slat_ns" : {
          "min" : 0,
          "max" : 0,
          "mean" : 0.000000,
          "stddev" : 0.000000
        },
        "clat_ns" : {
          "min" : 0,
          "max" : 0,
          "mean" : 0.000000,
          "stddev" : 0.000000,
          "percentile" : {
            "1.000000" : 0,
            "5.000000" : 0,
            "10.000000" : 0,
            "20.000000" : 0,
            "30.000000" : 0,
            "40.000000" : 0,
            "50.000000" : 0,
            "60.000000" : 0,
            "70.000000" : 0,
            "80.000000" : 0,
            "90.000000" : 0,
            "95.000000" : 0,
            "99.000000" : 0,
            "99.500000" : 0,
            "99.900000" : 0,
            "99.950000" : 0,
            "99.990000" : 0
          }
        },
        "lat_ns" : {
          "min" : 0,
          "max" : 0,
          "mean" : 0.000000,
          "stddev" : 0.000000
        },
        "bw_min" : 0,
        "bw_max" : 0,
        "bw_agg" : 0.000000,
        "bw_mean" : 0.000000,
        "bw_dev" : 0.000000,
        "bw_samples" : 0,
        "iops_min" : 0,
        "iops_max" : 0,
        "iops_mean" : 0.000000,
        "iops_stddev" : 0.000000,
        "iops_samples" : 0
      },
      "write" : {
        "io_bytes" : 2328858624,
        "io_kbytes" : 2274276,
        "bw_bytes" : 77628620,
        "bw" : 75809,
        "iops" : 18952.300000,
        "runtime" : 30000,
        "total_ios" : 568569,
        "short_ios" : 0,
        "drop_ios" : 0,
        "slat_ns" : {
          "min" : 5803,
          "max" : 274062,
          "mean" : 9995.520512,
          "stddev" : 2739.543347
        },
        "clat_ns" : {
          "min" : 572,
          "max" : 2096115,
          "mean" : 40437.194288,
          "stddev" : 5244.139554,
          "percentile" : {
            "1.000000" : 30848,
            "5.000000" : 33024,
            "10.000000" : 37120,
            "20.000000" : 39168,
            "30.000000" : 39680,
            "40.000000" : 40192,
            "50.000000" : 40704,
            "60.000000" : 41216,
            "70.000000" : 41728,
            "80.000000" : 41728,
            "90.000000" : 42752,
            "95.000000" : 44288,
            "99.000000" : 51968,
            "99.500000" : 59136,
            "99.900000" : 70144,
            "99.950000" : 79360,
            "99.990000" : 154624
          }
        },
        "lat_ns" : {
          "min" : 33281,
          "max" : 2107515,
          "mean" : 50570.525234,
          "stddev" : 6412.655563
        },
        "bw_min" : 71648,
        "bw_max" : 79856,
        "bw_agg" : 99.963490,
        "bw_mean" : 75781.322034,
        "bw_dev" : 2325.173679,
        "bw_samples" : 59,
        "iops_min" : 17914,
        "iops_max" : 19964,
        "iops_mean" : 18945.271186,
        "iops_stddev" : 581.251765,
        "iops_samples" : 59
      },
      "trim" : {
        "io_bytes" : 0,
        "io_kbytes" : 0,
        "bw_bytes" : 0,
        "bw" : 0,
        "iops" : 0.000000,
        "runtime" : 0,
        "total_ios" : 0,
        "short_ios" : 0,
        "drop_ios" : 0,
        "slat_ns" : {
          "min" : 0,
          "max" : 0,
          "mean" : 0.000000,
          "stddev" : 0.000000
        },
        "clat_ns" : {
          "min" : 0,
          "max" : 0,
          "mean" : 0.000000,
          "stddev" : 0.000000,
          "percentile" : {
            "1.000000" : 0,
            "5.000000" : 0,
            "10.000000" : 0,
            "20.000000" : 0,
            "30.000000" : 0,
            "40.000000" : 0,
            "50.000000" : 0,
            "60.000000" : 0,
            "70.000000" : 0,
            "80.000000" : 0,
            "90.000000" : 0,
            "95.000000" : 0,
            "99.000000" : 0,
            "99.500000" : 0,
            "99.900000" : 0,
            "99.950000" : 0,
            "99.990000" : 0
          }
        },
        "lat_ns" : {
          "min" : 0,
          "max" : 0,
          "mean" : 0.000000,
          "stddev" : 0.000000
        },
        "bw_min" : 0,
        "bw_max" : 0,
        "bw_agg" : 0.000000,
        "bw_mean" : 0.000000,
        "bw_dev" : 0.000000,
        "bw_samples" : 0,
        "iops_min" : 0,
        "iops_max" : 0,
        "iops_mean" : 0.000000,
        "iops_stddev" : 0.000000,
        "iops_samples" : 0
      },
      "sync" : {
        "lat_ns" : {
          "min" : 40,
          "max" : 974,
          "mean" : 87.644566,
          "stddev" : 50.237021,
          "percentile" : {
            "1.000000" : 43,
            "5.000000" : 43,
            "10.000000" : 44,
            "20.000000" : 44,
            "30.000000" : 48,
            "40.000000" : 89,
            "50.000000" : 91,
            "60.000000" : 91,
            "70.000000" : 92,
            "80.000000" : 96,
            "90.000000" : 143,
            "95.000000" : 165,
            "99.000000" : 286,
            "99.500000" : 346,
            "99.900000" : 482,
            "99.950000" : 572,
            "99.990000" : 852
          }
        },
        "total_ios" : 17767
      },
      "job_runtime" : 30000,
      "usr_cpu" : 6.033333,
      "sys_cpu" : 32.026667,
      "ctx" : 586709,
      "majf" : 6,
      "minf" : 25,
      "iodepth_level" : {
        "1" : 103.124863,
        "2" : 0.000000,
        "4" : 0.000000,
        "8" : 0.000000,
        "16" : 0.000000,
        "32" : 0.000000,
        ">=64" : 0.000000
      },
      "iodepth_submit" : {
        "0" : 0.000000,
        "4" : 100.000000,
        "8" : 0.000000,
        "16" : 0.000000,
        "32" : 0.000000,
        "64" : 0.000000,
        ">=64" : 0.000000
      },
      "iodepth_complete" : {
        "0" : 0.000000,
        "4" : 100.000000,
        "8" : 0.000000,
        "16" : 0.000000,
        "32" : 0.000000,
        "64" : 0.000000,
        ">=64" : 0.000000
      },
      "latency_ns" : {
        "2" : 0.000000,
        "4" : 0.000000,
        "10" : 0.000000,
        "20" : 0.000000,
        "50" : 0.000000,
        "100" : 0.000000,
        "250" : 0.000000,
        "500" : 0.000000,
        "750" : 0.010000,
        "1000" : 0.010000
      },
      "latency_us" : {
        "2" : 0.010000,
        "4" : 0.010000,
        "10" : 0.010000,
        "20" : 0.010000,
        "50" : 98.552330,
        "100" : 1.403699,
        "250" : 0.026910,
        "500" : 0.010000,
        "750" : 0.010000,
        "1000" : 0.000000
      },
      "latency_ms" : {
        "2" : 0.010000,
        "4" : 0.010000,
        "10" : 0.000000,
        "20" : 0.000000,
        "50" : 0.000000,
        "100" : 0.000000,
        "250" : 0.000000,
        "500" : 0.000000,
        "750" : 0.000000,
        "1000" : 0.000000,
        "2000" : 0.000000,
        ">=2000" : 0.000000
      },
      "latency_depth" : 1,
      "latency_target" : 0,
      "latency_percentile" : 100.000000,
      "latency_window" : 0
    }
  ],
  "disk_util" : [
    {
      "name" : "vdb",
      "read_ios" : 0,
      "write_ios" : 583662,
      "read_merges" : 0,
      "write_merges" : 0,
      "read_ticks" : 0,
      "write_ticks" : 16552,
      "in_queue" : 0,
      "util" : 0.000000
    }
  ]
}
