{
  "fio version" : "fio-3.13",
  "timestamp" : 1567464825,
  "timestamp_ms" : 1567464825908,
  "time" : "Mon Sep  2 22:53:45 2019",
  "jobs" : [
    {
      "jobname" : "rand-write-128k",
      "groupid" : 0,
      "error" : 0,
      "eta" : 0,
      "elapsed" : 31,
      "job options" : {
        "runtime" : "30",
        "bs" : "128k",
        "rw" : "randwrite",
        "direct" : "1",
        "randrepeat" : "0",
        "ioengine" : "libaio",
        "iodepth" : "32",
        "fsync" : "32",
        "filename" : "/dev/vdb"
      },
      "read" : {
        "io_bytes" : 0,
        "io_kbytes" : 0,
        "bw_bytes" : 0,
        "bw" : 0,
        "iops" : 0.000000,
        "runtime" : 0,
        "total_ios" : 0,
        "short_ios" : 0,
        "drop_ios" : 0,
        "slat_ns" : {
          "min" : 0,
          "max" : 0,
          "mean" : 0.000000,
          "stddev" : 0.000000
        },
        "clat_ns" : {
          "min" : 0,
          "max" : 0,
          "mean" : 0.000000,
          "stddev" : 0.000000,
          "percentile" : {
            "1.000000" : 0,
            "5.000000" : 0,
            "10.000000" : 0,
            "20.000000" : 0,
            "30.000000" : 0,
            "40.000000" : 0,
            "50.000000" : 0,
            "60.000000" : 0,
            "70.000000" : 0,
            "80.000000" : 0,
            "90.000000" : 0,
            "95.000000" : 0,
            "99.000000" : 0,
            "99.500000" : 0,
            "99.900000" : 0,
            "99.950000" : 0,
            "99.990000" : 0
          }
        },
        "lat_ns" : {
          "min" : 0,
          "max" : 0,
          "mean" : 0.000000,
          "stddev" : 0.000000
        },
        "bw_min" : 0,
        "bw_max" : 0,
        "bw_agg" : 0.000000,
        "bw_mean" : 0.000000,
        "bw_dev" : 0.000000,
        "bw_samples" : 0,
        "iops_min" : 0,
        "iops_max" : 0,
        "iops_mean" : 0.000000,
        "iops_stddev" : 0.000000,
        "iops_samples" : 0
      },
      "write" : {
        "io_bytes" : 59406811136,
        "io_kbytes" : 58014464,
        "bw_bytes" : 1980095031,
        "bw" : 1933686,
        "iops" : 15106.926205,
        "runtime" : 30002,
        "total_ios" : 453238,
        "short_ios" : 0,
        "drop_ios" : 0,
        "slat_ns" : {
          "min" : 12387,
          "max" : 375371,
          "mean" : 24824.650387,
          "stddev" : 9282.761667
        },
        "clat_ns" : {
          "min" : 543826,
          "max" : 9827294,
          "mean" : 2053264.130591,
          "stddev" : 432659.161563,
          "percentile" : {
            "1.000000" : 659456,
            "5.000000" : 1613824,
            "10.000000" : 1630208,
            "20.000000" : 1679360,
            "30.000000" : 1728512,
            "40.000000" : 1925120,
            "50.000000" : 1974272,
            "60.000000" : 2179072,
            "70.000000" : 2342912,
            "80.000000" : 2506752,
            "90.000000" : 2605056,
            "95.000000" : 2637824,
            "99.000000" : 2899968,
            "99.500000" : 3031040,
            "99.900000" : 3489792,
            "99.950000" : 3588096,
            "99.990000" : 8224768
          }
        },
        "lat_ns" : {
          "min" : 581598,
          "max" : 9841602,
          "mean" : 2078327.908505,
          "stddev" : 433586.938568
        },
        "bw_min" : 1527040,
        "bw_max" : 2393856,
        "bw_agg" : 99.986864,
        "bw_mean" : 1933432.000000,
        "bw_dev" : 270312.743038,
        "bw_samples" : 60,
        "iops_min" : 11930,
        "iops_max" : 18702,
        "iops_mean" : 15104.916667,
        "iops_stddev" : 2111.829926,
        "iops_samples" : 60
      },
      "trim" : {
        "io_bytes" : 0,
        "io_kbytes" : 0,
        "bw_bytes" : 0,
        "bw" : 0,
        "iops" : 0.000000,
        "runtime" : 0,
        "total_ios" : 0,
        "short_ios" : 0,
        "drop_ios" : 0,
        "slat_ns" : {
          "min" : 0,
          "max" : 0,
          "mean" : 0.000000,
          "stddev" : 0.000000
        },
        "clat_ns" : {
          "min" : 0,
          "max" : 0,
          "mean" : 0.000000,
          "stddev" : 0.000000,
          "percentile" : {
            "1.000000" : 0,
            "5.000000" : 0,
            "10.000000" : 0,
            "20.000000" : 0,
            "30.000000" : 0,
            "40.000000" : 0,
            "50.000000" : 0,
            "60.000000" : 0,
            "70.000000" : 0,
            "80.000000" : 0,
            "90.000000" : 0,
            "95.000000" : 0,
            "99.000000" : 0,
            "99.500000" : 0,
            "99.900000" : 0,
            "99.950000" : 0,
            "99.990000" : 0
          }
        },
        "lat_ns" : {
          "min" : 0,
          "max" : 0,
          "mean" : 0.000000,
          "stddev" : 0.000000
        },
        "bw_min" : 0,
        "bw_max" : 0,
        "bw_agg" : 0.000000,
        "bw_mean" : 0.000000,
        "bw_dev" : 0.000000,
        "bw_samples" : 0,
        "iops_min" : 0,
        "iops_max" : 0,
        "iops_mean" : 0.000000,
        "iops_stddev" : 0.000000,
        "iops_samples" : 0
      },
      "sync" : {
        "lat_ns" : {
          "min" : 170,
          "max" : 29053,
          "mean" : 687.396738,
          "stddev" : 446.836233,
          "percentile" : {
            "1.000000" : 370,
            "5.000000" : 556,
            "10.000000" : 580,
            "20.000000" : 612,
            "30.000000" : 620,
            "40.000000" : 636,
            "50.000000" : 660,
            "60.000000" : 708,
            "70.000000" : 756,
            "80.000000" : 764,
            "90.000000" : 788,
            "95.000000" : 820,
            "99.000000" : 900,
            "99.500000" : 956,
            "99.900000" : 1384,
            "99.950000" : 2064,
            "99.990000" : 25984
          }
        },
        "total_ios" : 14163
      },
      "job_runtime" : 30001,
      "usr_cpu" : 19.286024,
      "sys_cpu" : 24.552515,
      "ctx" : 14834,
      "majf" : 0,
      "minf" : 11,
      "iodepth_level" : {
        "1" : 0.100000,
        "2" : 0.100000,
        "4" : 0.100000,
        "8" : 0.100000,
        "16" : 0.100000,
        "32" : 103.118009,
        ">=64" : 0.000000
      },
      "iodepth_submit" : {
        "0" : 0.000000,
        "4" : 100.000000,
        "8" : 0.000000,
        "16" : 0.000000,
        "32" : 0.000000,
        "64" : 0.000000,
        ">=64" : 0.000000
      },
      "iodepth_complete" : {
        "0" : 0.000000,
        "4" : 99.999779,
        "8" : 0.000000,
        "16" : 0.000000,
        "32" : 0.100000,
        "64" : 0.000000,
        ">=64" : 0.000000
      },
      "latency_ns" : {
        "2" : 0.000000,
        "4" : 0.000000,
        "10" : 0.000000,
        "20" : 0.000000,
        "50" : 0.000000,
        "100" : 0.000000,
        "250" : 0.000000,
        "500" : 0.000000,
        "750" : 0.000000,
        "1000" : 0.000000
      },
      "latency_us" : {
        "2" : 0.000000,
        "4" : 0.000000,
        "10" : 0.000000,
        "20" : 0.000000,
        "50" : 0.000000,
        "100" : 0.000000,
        "250" : 0.000000,
        "500" : 0.000000,
        "750" : 1.281005,
        "1000" : 1.243717
      },
      "latency_ms" : {
        "2" : 50.258363,
        "4" : 47.196396,
        "10" : 0.020519,
        "20" : 0.000000,
        "50" : 0.000000,
        "100" : 0.000000,
        "250" : 0.000000,
        "500" : 0.000000,
        "750" : 0.000000,
        "1000" : 0.000000,
        "2000" : 0.000000,
        ">=2000" : 0.000000
      },
      "latency_depth" : 32,
      "latency_target" : 0,
      "latency_percentile" : 100.000000,
      "latency_window" : 0
    }
  ],
  "disk_util" : [
    {
      "name" : "vdb",
      "read_ios" : 0,
      "write_ios" : 720175,
      "read_merges" : 0,
      "write_merges" : 0,
      "read_ticks" : 0,
      "write_ticks" : 614484,