{
  "fio version" : "fio-3.13",
  "timestamp" : 1567354317,
  "timestamp_ms" : 1567354317438,
  "time" : "Sun Sep  1 16:11:57 2019",
  "jobs" : [
    {
      "jobname" : "rand-write-4k-qd1",
      "groupid" : 0,
      "error" : 0,
      "eta" : 0,
      "elapsed" : 31,
      "job options" : {
        "runtime" : "30",
        "bs" : "4k",
        "rw" : "randwrite",
        "direct" : "1",
        "randrepeat" : "0",
        "ioengine" : "libaio",
        "iodepth" : "1",
        "fsync" : "32",
        "filename" : "/dev/vdb"
      },
      "read" : {
        "io_bytes" : 0,
        "io_kbytes" : 0,
        "bw_bytes" : 0,
        "bw" : 0,
        "iops" : 0.000000,
        "runtime" : 0,
        "total_ios" : 0,
        "short_ios" : 0,
        "drop_ios" : 0,
        "slat_ns" : {
          "min" : 0,
          "max" : 0,
          "mean" : 0.000000,
          "stddev" : 0.000000
        },
        "clat_ns" : {
          "min" : 0,
          "max" : 0,
          "mean" : 0.000000,
          "stddev" : 0.000000,
          "percentile" : {
            "1.000000" : 0,
            "5.000000" : 0,
            "10.000000" : 0,
            "20.000000" : 0,
            "30.000000" : 0,
            "40.000000" : 0,
            "50.000000" : 0,
            "60.000000" : 0,
            "70.000000" : 0,
            "80.000000" : 0,
            "90.000000" : 0,
            "95.000000" : 0,
            "99.000000" : 0,
            "99.500000" : 0,
            "99.900000" : 0,
            "99.950000" : 0,
            "99.990000" : 0
          }
        },
        "lat_ns" : {
          "min" : 0,
          "max" : 0,
          "mean" : 0.000000,
          "stddev" : 0.000000
        },
        "bw_min" : 0,
        "bw_max" : 0,
        "bw_agg" : 0.000000,
        "bw_mean" : 0.000000,
        "bw_dev" : 0.000000,
        "bw_samples" : 0,
        "iops_min" : 0,
        "iops_max" : 0,
        "iops_mean" : 0.000000,
        "iops_stddev" : 0.000000,
        "iops_samples" : 0
      },
      "write" : {
        "io_bytes" : 975011840,
        "io_kbytes" : 952160,
        "bw_bytes" : 32499311,
        "bw" : 31737,
        "iops" : 7934.402187,
        "runtime" : 30001,
        "total_ios" : 238040,
        "short_ios" : 0,
        "drop_ios" : 0,
        "slat_ns" : {
          "min" : 3144,
          "max" : 93404,
          "mean" : 4987.612595,
          "stddev" : 2998.865807
        },
        "clat_ns" : {
          "min" : 892,
          "max" : 3345273,
          "mean" : 105300.833133,
          "stddev" : 24746.672067,
          "percentile" : {
            "1.000000" : 43776,
            "5.000000" : 48896,
            "10.000000" : 54016,
            "20.000000" : 105984,
            "30.000000" : 107008,
            "40.000000" : 109056,
            "50.000000" : 111104,
            "60.000000" : 112128,
            "70.000000" : 114176,
            "80.000000" : 117248,
            "90.000000" : 123392,
            "95.000000" : 129536,
            "99.000000" : 140288,
            "99.500000" : 146432,
            "99.900000" : 162816,
            "99.950000" : 179200,
            "99.990000" : 197632
          }
        },
        "lat_ns" : {
          "min" : 36684,
          "max" : 3349916,
          "mean" : 110763.046303,
          "stddev" : 25440.170106
        },
        "bw_min" : 30384,
        "bw_max" : 32480,
        "bw_agg" : 99.984566,
        "bw_mean" : 31732.101695,
        "bw_dev" : 475.105023,
        "bw_samples" : 59,
        "iops_min" : 7596,
        "iops_max" : 8120,
        "iops_mean" : 7933.000000,
        "iops_stddev" : 118.778989,
        "iops_samples" : 59
      },
      "trim" : {
        "io_bytes" : 0,
        "io_kbytes" : 0,
        "bw_bytes" : 0,
        "bw" : 0,
        "iops" : 0.000000,
        "runtime" : 0,
        "total_ios" : 0,
        "short_ios" : 0,
        "drop_ios" : 0,
        "slat_ns" : {
          "min" : 0,
          "max" : 0,
          "mean" : 0.000000,
          "stddev" : 0.000000
        },
        "clat_ns" : {
          "min" : 0,
          "max" : 0,
          "mean" : 0.000000,
          "stddev" : 0.000000,
          "percentile" : {
            "1.000000" : 0,
            "5.000000" : 0,
            "10.000000" : 0,
            "20.000000" : 0,
            "30.000000" : 0,
            "40.000000" : 0,
            "50.000000" : 0,
            "60.000000" : 0,
            "70.000000" : 0,
            "80.000000" : 0,
            "90.000000" : 0,
            "95.000000" : 0,
            "99.000000" : 0,
            "99.500000" : 0,
            "99.900000" : 0,
            "99.950000" : 0,
            "99.990000" : 0
          }
        },
        "lat_ns" : {
          "min" : 0,
          "max" : 0,
          "mean" : 0.000000,
          "stddev" : 0.000000
        },
        "bw_min" : 0,
        "bw_max" : 0,
        "bw_agg" : 0.000000,
        "bw_mean" : 0.000000,
        "bw_dev" : 0.000000,
        "bw_samples" : 0,
        "iops_min" : 0,
        "iops_max" : 0,
        "iops_mean" : 0.000000,
        "iops_stddev" : 0.000000,
        "iops_samples" : 0
      },
      "sync" : {
        "lat_ns" : {
          "min" : 383,
          "max" : 21892,
          "mean" : 609.700188,
          "stddev" : 484.658473,
          "percentile" : {
            "1.000000" : 410,
            "5.000000" : 418,
            "10.000000" : 422,
            "20.000000" : 430,
            "30.000000" : 434,
            "40.000000" : 446,
            "50.000000" : 462,
            "60.000000" : 478,
            "70.000000" : 494,
            "80.000000" : 836,
            "90.000000" : 1144,
            "95.000000" : 1192,
            "99.000000" : 1304,
            "99.500000" : 1336,
            "99.900000" : 6304,
            "99.950000" : 8032,
            "99.990000" : 21888
          }
        },
        "total_ios" : 7438
      },
      "job_runtime" : 30000,
      "usr_cpu" : 2.340000,
      "sys_cpu" : 5.763333,
      "ctx" : 247479,
      "majf" : 1,
      "minf" : 12,
      "iodepth_level" : {
        "1" : 103.124685,
        "2" : 0.000000,
        "4" : 0.000000,
        "8" : 0.000000,
        "16" : 0.000000,
        "32" : 0.000000,
        ">=64" : 0.000000
      },
      "iodepth_submit" : {
        "0" : 0.000000,
        "4" : 100.000000,
        "8" : 0.000000,
        "16" : 0.000000,
        "32" : 0.000000,
        "64" : 0.000000,
        ">=64" : 0.000000
      },
      "iodepth_complete" : {
        "0" : 0.000000,
        "4" : 100.000000,
        "8" : 0.000000,
        "16" : 0.000000,
        "32" : 0.000000,
        "64" : 0.000000,
        ">=64" : 0.000000
      },
      "latency_ns" : {
        "2" : 0.000000,
        "4" : 0.000000,
        "10" : 0.000000,
        "20" : 0.000000,
        "50" : 0.000000,
        "100" : 0.000000,
        "250" : 0.000000,
        "500" : 0.000000,
        "750" : 0.000000,
        "1000" : 0.010000
      },
      "latency_us" : {
        "2" : 0.000000,
        "4" : 0.010000,
        "10" : 0.010000,
        "20" : 0.010000,
        "50" : 6.646362,
        "100" : 7.708368,
        "250" : 85.637288,
        "500" : 0.010000,
        "750" : 0.010000,
        "1000" : 0.010000
      },
      "latency_ms" : {
        "2" : 0.010000,
        "4" : 0.010000,
        "10" : 0.000000,
        "20" : 0.000000,
        "50" : 0.000000,
        "100" : 0.000000,
        "250" : 0.000000,
        "500" : 0.000000,
        "750" : 0.000000,
        "1000" : 0.000000,
        "2000" : 0.000000,
        ">=2000" : 0.000000
      },
      "latency_depth" : 1,
      "latency_target" : 0,
      "latency_percentile" : 100.000000,
      "latency_window" : 0
    }
  ],
  "disk_util" : [
    {
      "name" : "vdb",
      "read_ios" : 0,
      "write_ios" : 244419,
      "read_merges" : 0,
      "write_merges" : 0,
      "read_ticks" : 0,
      "write_ticks" : 28128,
      "in_queue" : 0,
      "util" : 0.000000
    }
  ]
}
