{
  "fio version" : "fio-3.13",
  "timestamp" : 1580064783,
  "timestamp_ms" : 1580064783154,
  "time" : "Sun Jan 26 18:53:03 2020",
  "jobs" : [
    {
      "jobname" : "rand-write-128k",
      "groupid" : 0,
      "error" : 0,
      "eta" : 0,
      "elapsed" : 31,
      "job options" : {
        "runtime" : "30",
        "bs" : "128k",
        "rw" : "randwrite",
        "direct" : "1",
        "randrepeat" : "0",
        "ioengine" : "libaio",
        "iodepth" : "32",
        "fsync" : "32",
        "filename" : "/dev/vdb"
      },
      "read" : {
        "io_bytes" : 0,
        "io_kbytes" : 0,
        "bw_bytes" : 0,
        "bw" : 0,
        "iops" : 0.000000,
        "runtime" : 0,
        "total_ios" : 0,
        "short_ios" : 0,
        "drop_ios" : 0,
        "slat_ns" : {
          "min" : 0,
          "max" : 0,
          "mean" : 0.000000,
          "stddev" : 0.000000
        },
        "clat_ns" : {
          "min" : 0,
          "max" : 0,
          "mean" : 0.000000,
          "stddev" : 0.000000,
          "percentile" : {
            "1.000000" : 0,
            "5.000000" : 0,
            "10.000000" : 0,
            "20.000000" : 0,
            "30.000000" : 0,
            "40.000000" : 0,
            "50.000000" : 0,
            "60.000000" : 0,
            "70.000000" : 0,
            "80.000000" : 0,
            "90.000000" : 0,
            "95.000000" : 0,
            "99.000000" : 0,
            "99.500000" : 0,
            "99.900000" : 0,
            "99.950000" : 0,
            "99.990000" : 0
          }
        },
        "lat_ns" : {
          "min" : 0,
          "max" : 0,
          "mean" : 0.000000,
          "stddev" : 0.000000
        },
        "bw_min" : 0,
        "bw_max" : 0,
        "bw_agg" : 0.000000,
        "bw_mean" : 0.000000,
        "bw_dev" : 0.000000,
        "bw_samples" : 0,
        "iops_min" : 0,
        "iops_max" : 0,
        "iops_mean" : 0.000000,
        "iops_stddev" : 0.000000,
        "iops_samples" : 0
      },
      "write" : {
        "io_bytes" : 17309892608,
        "io_kbytes" : 16904192,
        "bw_bytes" : 576919497,
        "bw" : 563397,
        "iops" : 4401.546460,
        "runtime" : 30004,
        "total_ios" : 132064,
        "short_ios" : 0,
        "drop_ios" : 0,
        "slat_ns" : {
          "min" : 11333,
          "max" : 982351,
          "mean" : 30484.156379,
          "stddev" : 10220.115251
        },
        "clat_ns" : {
          "min" : 933488,
          "max" : 18015078,
          "mean" : 7044857.888781,
          "stddev" : 1095279.693518,
          "percentile" : {
            "1.000000" : 1105920,
            "5.000000" : 6651904,
            "10.000000" : 6914048,
            "20.000000" : 7045120,
            "30.000000" : 7110656,
            "40.000000" : 7176192,
            "50.000000" : 7241728,
            "60.000000" : 7307264,
            "70.000000" : 7307264,
            "80.000000" : 7372800,
            "90.000000" : 7438336,
            "95.000000" : 7503872,
            "99.000000" : 7766016,
            "99.500000" : 8159232,
            "99.900000" : 8454144,
            "99.950000" : 8585216,
            "99.990000" : 17694720
          }
        },
        "lat_ns" : {
          "min" : 957938,
          "max" : 18049072,
          "mean" : 7076471.506633,
          "stddev" : 1092679.691593
        },
        "bw_min" : 549120,
        "bw_max" : 571136,
        "bw_agg" : 99.986735,
        "bw_mean" : 563322.266667,
        "bw_dev" : 3943.842563,
        "bw_samples" : 60,
        "iops_min" : 4290,
        "iops_max" : 4462,
        "iops_mean" : 4400.950000,
        "iops_stddev" : 30.821204,
        "iops_samples" : 60
      },
      "trim" : {
        "io_bytes" : 0,
        "io_kbytes" : 0,
        "bw_bytes" : 0,
        "bw" : 0,
        "iops" : 0.000000,
        "runtime" : 0,
        "total_ios" : 0,
        "short_ios" : 0,
        "drop_ios" : 0,
        "slat_ns" : {
          "min" : 0,
          "max" : 0,
          "mean" : 0.000000,
          "stddev" : 0.000000
        },
        "clat_ns" : {
          "min" : 0,
          "max" : 0,
          "mean" : 0.000000,
          "stddev" : 0.000000,
          "percentile" : {
            "1.000000" : 0,
            "5.000000" : 0,
            "10.000000" : 0,
            "20.000000" : 0,
            "30.000000" : 0,
            "40.000000" : 0,
            "50.000000" : 0,
            "60.000000" : 0,
            "70.000000" : 0,
            "80.000000" : 0,
            "90.000000" : 0,
            "95.000000" : 0,
            "99.000000" : 0,
            "99.500000" : 0,
            "99.900000" : 0,
            "99.950000" : 0,
            "99.990000" : 0
          }
        },
        "lat_ns" : {
          "min" : 0,
          "max" : 0,
          "mean" : 0.000000,
          "stddev" : 0.000000
        },
        "bw_min" : 0,
        "bw_max" : 0,
        "bw_agg" : 0.000000,
        "bw_mean" : 0.000000,
        "bw_dev" : 0.000000,
        "bw_samples" : 0,
        "iops_min" : 0,
        "iops_max" : 0,
        "iops_mean" : 0.000000,
        "iops_stddev" : 0.000000,
        "iops_samples" : 0
      },
      "sync" : {
        "lat_ns" : {
          "min" : 1053,
          "max" : 80380,
          "mean" : 1931.432033,
          "stddev" : 1556.702808,
          "percentile" : {
            "1.000000" : 1320,
            "5.000000" : 1400,
            "10.000000" : 1448,
            "20.000000" : 1560,
            "30.000000" : 1656,
            "40.000000" : 1912,
            "50.000000" : 2040,
            "60.000000" : 2064,
            "70.000000" : 2096,
            "80.000000" : 2128,
            "90.000000" : 2160,
            "95.000000" : 2192,
            "99.000000" : 2224,
            "99.500000" : 2256,
            "99.900000" : 18560,
            "99.950000" : 34560,
            "99.990000" : 80384
          }
        },
        "total_ios" : 4127
      },
      "job_runtime" : 30003,
      "usr_cpu" : 8.242509,
      "sys_cpu" : 8.702463,
      "ctx" : 5024,
      "majf" : 0,
      "minf" : 9,
      "iodepth_level" : {
        "1" : 0.100000,
        "2" : 0.100000,
        "4" : 0.100000,
        "8" : 0.100000,
        "16" : 0.100000,
        "32" : 103.101527,
        ">=64" : 0.000000
      },
      "iodepth_submit" : {
        "0" : 0.000000,
        "4" : 100.000000,
        "8" : 0.000000,
        "16" : 0.000000,
        "32" : 0.000000,
        "64" : 0.000000,
        ">=64" : 0.000000
      },
      "iodepth_complete" : {
        "0" : 0.000000,
        "4" : 99.999243,
        "8" : 0.000000,
        "16" : 0.000000,
        "32" : 0.100000,
        "64" : 0.000000,
        ">=64" : 0.000000
      },
      "latency_ns" : {
        "2" : 0.000000,
        "4" : 0.000000,
        "10" : 0.000000,
        "20" : 0.000000,
        "50" : 0.000000,
        "100" : 0.000000,
        "250" : 0.000000,
        "500" : 0.000000,
        "750" : 0.000000,
        "1000" : 0.000000
      },
      "latency_us" : {
        "2" : 0.000000,
        "4" : 0.000000,
        "10" : 0.000000,
        "20" : 0.000000,
        "50" : 0.000000,
        "100" : 0.000000,
        "250" : 0.000000,
        "500" : 0.000000,
        "750" : 0.000000,
        "1000" : 0.018173
      },
      "latency_ms" : {
        "2" : 3.106070,
        "4" : 0.010000,
        "10" : 96.851527,
        "20" : 0.023473,
        "50" : 0.000000,
        "100" : 0.000000,
        "250" : 0.000000,
        "500" : 0.000000,
        "750" : 0.000000,
        "1000" : 0.000000,
        "2000" : 0.000000,
        ">=2000" : 0.000000
      },
      "latency_depth" : 32,
      "latency_target" : 0,
      "latency_percentile" : 100.000000,
      "latency_window" : 0
    }
  ],
  "disk_util" : [
    {
      "name" : "vdb",
      "read_ios" : 0,
      "write_ios" : 135695,
      "read_merges" : 0,
      "write_merges" : 0,
      "read_ticks" : 0,