{
  "fio version" : "fio-3.13",
  "timestamp" : 1580064659,
  "timestamp_ms" : 1580064659643,
  "time" : "Sun Jan 26 18:50:59 2020",
  "jobs" : [
    {
      "jobname" : "rand-write-4k",
      "groupid" : 0,
      "error" : 0,
      "eta" : 0,
      "elapsed" : 31,
      "job options" : {
        "runtime" : "30",
        "bs" : "4k",
        "rw" : "randwrite",
        "direct" : "1",
        "randrepeat" : "0",
        "ioengine" : "libaio",
        "iodepth" : "32",
        "fsync" : "32",
        "filename" : "/dev/vdb"
      },
      "read" : {
        "io_bytes" : 0,
        "io_kbytes" : 0,
        "bw_bytes" : 0,
        "bw" : 0,
        "iops" : 0.000000,
        "runtime" : 0,
        "total_ios" : 0,
        "short_ios" : 0,
        "drop_ios" : 0,
        "slat_ns" : {
          "min" : 0,
          "max" : 0,
          "mean" : 0.000000,
          "stddev" : 0.000000
        },
        "clat_ns" : {
          "min" : 0,
          "max" : 0,
          "mean" : 0.000000,
          "stddev" : 0.000000,
          "percentile" : {
            "1.000000" : 0,
            "5.000000" : 0,
            "10.000000" : 0,
            "20.000000" : 0,
            "30.000000" : 0,
            "40.000000" : 0,
            "50.000000" : 0,
            "60.000000" : 0,
            "70.000000" : 0,
            "80.000000" : 0,
            "90.000000" : 0,
            "95.000000" : 0,
            "99.000000" : 0,
            "99.500000" : 0,
            "99.900000" : 0,
            "99.950000" : 0,
            "99.990000" : 0
          }
        },
        "lat_ns" : {
          "min" : 0,
          "max" : 0,
          "mean" : 0.000000,
          "stddev" : 0.000000
        },
        "bw_min" : 0,
        "bw_max" : 0,
        "bw_agg" : 0.000000,
        "bw_mean" : 0.000000,
        "bw_dev" : 0.000000,
        "bw_samples" : 0,
        "iops_min" : 0,
        "iops_max" : 0,
        "iops_mean" : 0.000000,
        "iops_stddev" : 0.000000,
        "iops_samples" : 0
      },
      "write" : {
        "io_bytes" : 3981443072,
        "io_kbytes" : 3888128,
        "bw_bytes" : 132710345,
        "bw" : 129599,
        "iops" : 32399.986667,
        "runtime" : 30001,
        "total_ios" : 972032,
        "short_ios" : 0,
        "drop_ios" : 0,
        "slat_ns" : {
          "min" : 1987,
          "max" : 584057,
          "mean" : 7854.061469,
          "stddev" : 4280.541157
        },
        "clat_ns" : {
          "min" : 120715,
          "max" : 10433207,
          "mean" : 958784.598692,
          "stddev" : 150608.244769,
          "percentile" : {
            "1.000000" : 411648,
            "5.000000" : 790528,
            "10.000000" : 839680,
            "20.000000" : 880640,
            "30.000000" : 913408,
            "40.000000" : 937984,
            "50.000000" : 962560,
            "60.000000" : 987136,
            "70.000000" : 1019904,
            "80.000000" : 1056768,
            "90.000000" : 1105920,
            "95.000000" : 1138688,
            "99.000000" : 1236992,
            "99.500000" : 1269760,
            "99.900000" : 1417216,
            "99.950000" : 1695744,
            "99.990000" : 3686400
          }
        },
        "lat_ns" : {
          "min" : 124406,
          "max" : 10438577,
          "mean" : 967745.605486,
          "stddev" : 151102.473904
        },
        "bw_min" : 122624,
        "bw_max" : 144544,
        "bw_agg" : 100.000000,
        "bw_mean" : 129655.491525,
        "bw_dev" : 5309.923791,
        "bw_samples" : 59,
        "iops_min" : 30656,
        "iops_max" : 36136,
        "iops_mean" : 32413.864407,
        "iops_stddev" : 1327.474585,
        "iops_samples" : 59
      },
      "trim" : {
        "io_bytes" : 0,
        "io_kbytes" : 0,
        "bw_bytes" : 0,
        "bw" : 0,
        "iops" : 0.000000,
        "runtime" : 0,
        "total_ios" : 0,
        "short_ios" : 0,
        "drop_ios" : 0,
        "slat_ns" : {
          "min" : 0,
          "max" : 0,
          "mean" : 0.000000,
          "stddev" : 0.000000
        },
        "clat_ns" : {
          "min" : 0,
          "max" : 0,
          "mean" : 0.000000,
          "stddev" : 0.000000,
          "percentile" : {
            "1.000000" : 0,
            "5.000000" : 0,
            "10.000000" : 0,
            "20.000000" : 0,
            "30.000000" : 0,
            "40.000000" : 0,
            "50.000000" : 0,
            "60.000000" : 0,
            "70.000000" : 0,
            "80.000000" : 0,
            "90.000000" : 0,
            "95.000000" : 0,
            "99.000000" : 0,
            "99.500000" : 0,
            "99.900000" : 0,
            "99.950000" : 0,
            "99.990000" : 0
          }
        },
        "lat_ns" : {
          "min" : 0,
          "max" : 0,
          "mean" : 0.000000,
          "stddev" : 0.000000
        },
        "bw_min" : 0,
        "bw_max" : 0,
        "bw_agg" : 0.000000,
        "bw_mean" : 0.000000,
        "bw_dev" : 0.000000,
        "bw_samples" : 0,
        "iops_min" : 0,
        "iops_max" : 0,
        "iops_mean" : 0.000000,
        "iops_stddev" : 0.000000,
        "iops_samples" : 0
      },
      "sync" : {
        "lat_ns" : {
          "min" : 458,
          "max" : 25452,
          "mean" : 1075.771366,
          "stddev" : 600.016251,
          "percentile" : {
            "1.000000" : 820,
            "5.000000" : 876,
            "10.000000" : 908,
            "20.000000" : 932,
            "30.000000" : 964,
            "40.000000" : 996,
            "50.000000" : 1032,
            "60.000000" : 1064,
            "70.000000" : 1128,
            "80.000000" : 1208,
            "90.000000" : 1256,
            "95.000000" : 1272,
            "99.000000" : 1416,
            "99.500000" : 1448,
            "99.900000" : 14144,
            "99.950000" : 17792,
            "99.990000" : 21888
          }
        },
        "total_ios" : 30376
      },
      "job_runtime" : 30000,
      "usr_cpu" : 15.756667,
      "sys_cpu" : 35.040000,
      "ctx" : 35035,
      "majf" : 3,
      "minf" : 17,
      "iodepth_level" : {
        "1" : 0.100000,
        "2" : 0.100000,
        "4" : 0.100000,
        "8" : 0.100000,
        "16" : 0.100000,
        "32" : 103.121811,
        ">=64" : 0.000000
      },
      "iodepth_submit" : {
        "0" : 0.000000,
        "4" : 100.000000,
        "8" : 0.000000,
        "16" : 0.000000,
        "32" : 0.000000,
        "64" : 0.000000,
        ">=64" : 0.000000
      },
      "iodepth_complete" : {
        "0" : 0.000000,
        "4" : 99.999897,
        "8" : 0.000000,
        "16" : 0.000000,
        "32" : 0.100000,
        "64" : 0.000000,
        ">=64" : 0.000000
      },
      "latency_ns" : {
        "2" : 0.000000,
        "4" : 0.000000,
        "10" : 0.000000,
        "20" : 0.000000,
        "50" : 0.000000,
        "100" : 0.000000,
        "250" : 0.000000,
        "500" : 0.000000,
        "750" : 0.000000,
        "1000" : 0.000000
      },
      "latency_us" : {
        "2" : 0.000000,
        "4" : 0.000000,
        "10" : 0.000000,
        "20" : 0.000000,
        "50" : 0.000000,
        "100" : 0.000000,
        "250" : 0.010000,
        "500" : 2.370498,
        "750" : 1.195948,
        "1000" : 60.199767
      },
      "latency_ms" : {
        "2" : 36.203952,
        "4" : 0.015534,
        "10" : 0.010000,
        "20" : 0.010000,
        "50" : 0.000000,
        "100" : 0.000000,
        "250" : 0.000000,
        "500" : 0.000000,
        "750" : 0.000000,
        "1000" : 0.000000,
        "2000" : 0.000000,
        ">=2000" : 0.000000
      },
      "latency_depth" : 32,
      "latency_target" : 0,
      "latency_percentile" : 100.000000,
      "latency_window" : 0
    }
  ],
  "disk_util" : [
    {
      "name" : "vdb",
      "read_ios" : 0,
      "write_ios" : 998098,
      "read_merges" : 0,
      "write_merges" : 0,
      "read_ticks" : 0,
      "write_ticks" : 131092,