{
  "fio version" : "fio-3.13",
  "timestamp" : 1567354409,
  "timestamp_ms" : 1567354409902,
  "time" : "Sun Sep  1 16:13:29 2019",
  "jobs" : [
    {
      "jobname" : "rand-write-128k",
      "groupid" : 0,
      "error" : 0,
      "eta" : 0,
      "elapsed" : 31,
      "job options" : {
        "runtime" : "30",
        "bs" : "128k",
        "rw" : "randwrite",
        "direct" : "1",
        "randrepeat" : "0",
        "ioengine" : "libaio",
        "iodepth" : "32",
        "fsync" : "32",
        "filename" : "/dev/vdb"
      },
      "read" : {
        "io_bytes" : 0,
        "io_kbytes" : 0,
        "bw_bytes" : 0,
        "bw" : 0,
        "iops" : 0.000000,
        "runtime" : 0,
        "total_ios" : 0,
        "short_ios" : 0,
        "drop_ios" : 0,
        "slat_ns" : {
          "min" : 0,
          "max" : 0,
          "mean" : 0.000000,
          "stddev" : 0.000000
        },
        "clat_ns" : {
          "min" : 0,
          "max" : 0,
          "mean" : 0.000000,
          "stddev" : 0.000000,
          "percentile" : {
            "1.000000" : 0,
            "5.000000" : 0,
            "10.000000" : 0,
            "20.000000" : 0,
            "30.000000" : 0,
            "40.000000" : 0,
            "50.000000" : 0,
            "60.000000" : 0,
            "70.000000" : 0,
            "80.000000" : 0,
            "90.000000" : 0,
            "95.000000" : 0,
            "99.000000" : 0,
            "99.500000" : 0,
            "99.900000" : 0,
            "99.950000" : 0,
            "99.990000" : 0
          }
        },
        "lat_ns" : {
          "min" : 0,
          "max" : 0,
          "mean" : 0.000000,
          "stddev" : 0.000000
        },
        "bw_min" : 0,
        "bw_max" : 0,
        "bw_agg" : 0.000000,
        "bw_mean" : 0.000000,
        "bw_dev" : 0.000000,
        "bw_samples" : 0,
        "iops_min" : 0,
        "iops_max" : 0,
        "iops_mean" : 0.000000,
        "iops_stddev" : 0.000000,
        "iops_samples" : 0
      },
      "write" : {
        "io_bytes" : 19771949056,
        "io_kbytes" : 19308544,
        "bw_bytes" : 659043000,
        "bw" : 643596,
        "iops" : 5028.099063,
        "runtime" : 30001,
        "total_ios" : 150848,
        "short_ios" : 0,
        "drop_ios" : 0,
        "slat_ns" : {
          "min" : 9610,
          "max" : 1008685,
          "mean" : 22994.570840,
          "stddev" : 9876.499267
        },
        "clat_ns" : {
          "min" : 534312,
          "max" : 9991518,
          "mean" : 6167280.650973,
          "stddev" : 988186.292384,
          "percentile" : {
            "1.000000" : 872448,
            "5.000000" : 5734400,
            "10.000000" : 5931008,
            "20.000000" : 6127616,
            "30.000000" : 6193152,
            "40.000000" : 6258688,
            "50.000000" : 6324224,
            "60.000000" : 6389760,
            "70.000000" : 6455296,
            "80.000000" : 6520832,
            "90.000000" : 6651904,
            "95.000000" : 6717440,
            "99.000000" : 7372800,
            "99.500000" : 7569408,
            "99.900000" : 7897088,
            "99.950000" : 8093696,
            "99.990000" : 9895936
          }
        },
        "lat_ns" : {
          "min" : 549302,
          "max" : 10017941,
          "mean" : 6191417.799096,
          "stddev" : 986069.459222
        },
        "bw_min" : 636672,
        "bw_max" : 647424,
        "bw_agg" : 100.000000,
        "bw_mean" : 643701.152542,
        "bw_dev" : 3886.016739,
        "bw_samples" : 59,
        "iops_min" : 4974,
        "iops_max" : 5058,
        "iops_mean" : 5028.915254,
        "iops_stddev" : 30.359506,
        "iops_samples" : 59
      },
      "trim" : {
        "io_bytes" : 0,
        "io_kbytes" : 0,
        "bw_bytes" : 0,
        "bw" : 0,
        "iops" : 0.000000,
        "runtime" : 0,
        "total_ios" : 0,
        "short_ios" : 0,
        "drop_ios" : 0,
        "slat_ns" : {
          "min" : 0,
          "max" : 0,
          "mean" : 0.000000,
          "stddev" : 0.000000
        },
        "clat_ns" : {
          "min" : 0,
          "max" : 0,
          "mean" : 0.000000,
          "stddev" : 0.000000,
          "percentile" : {
            "1.000000" : 0,
            "5.000000" : 0,
            "10.000000" : 0,
            "20.000000" : 0,
            "30.000000" : 0,
            "40.000000" : 0,
            "50.000000" : 0,
            "60.000000" : 0,
            "70.000000" : 0,
            "80.000000" : 0,
            "90.000000" : 0,
            "95.000000" : 0,
            "99.000000" : 0,
            "99.500000" : 0,
            "99.900000" : 0,
            "99.950000" : 0,
            "99.990000" : 0
          }
        },
        "lat_ns" : {
          "min" : 0,
          "max" : 0,
          "mean" : 0.000000,
          "stddev" : 0.000000
        },
        "bw_min" : 0,
        "bw_max" : 0,
        "bw_agg" : 0.000000,
        "bw_mean" : 0.000000,
        "bw_dev" : 0.000000,
        "bw_samples" : 0,
        "iops_min" : 0,
        "iops_max" : 0,
        "iops_mean" : 0.000000,
        "iops_stddev" : 0.000000,
        "iops_samples" : 0
      },
      "sync" : {
        "lat_ns" : {
          "min" : 1249,
          "max" : 70760,
          "mean" : 1696.665252,
          "stddev" : 1381.571194,
          "percentile" : {
            "1.000000" : 1368,
            "5.000000" : 1416,
            "10.000000" : 1448,
            "20.000000" : 1480,
            "30.000000" : 1624,
            "40.000000" : 1672,
            "50.000000" : 1688,
            "60.000000" : 1704,
            "70.000000" : 1720,
            "80.000000" : 1736,
            "90.000000" : 1752,
            "95.000000" : 1768,
            "99.000000" : 1800,
            "99.500000" : 1848,
            "99.900000" : 23168,
            "99.950000" : 23936,
            "99.990000" : 71168
          }
        },
        "total_ios" : 4714
      },
      "job_runtime" : 30000,
      "usr_cpu" : 6.486667,
      "sys_cpu" : 8.673333,
      "ctx" : 8742,
      "majf" : 0,
      "minf" : 11,
      "iodepth_level" : {
        "1" : 0.100000,
        "2" : 0.100000,
        "4" : 0.100000,
        "8" : 0.100000,
        "16" : 0.100000,
        "32" : 103.104450,
        ">=64" : 0.000000
      },
      "iodepth_submit" : {
        "0" : 0.000000,
        "4" : 100.000000,
        "8" : 0.000000,
        "16" : 0.000000,
        "32" : 0.000000,
        "64" : 0.000000,
        ">=64" : 0.000000
      },
      "iodepth_complete" : {
        "0" : 0.000000,
        "4" : 99.999337,
        "8" : 0.000000,
        "16" : 0.000000,
        "32" : 0.100000,
        "64" : 0.000000,
        ">=64" : 0.000000
      },
      "latency_ns" : {
        "2" : 0.000000,
        "4" : 0.000000,
        "10" : 0.000000,
        "20" : 0.000000,
        "50" : 0.000000,
        "100" : 0.000000,
        "250" : 0.000000,
        "500" : 0.000000,
        "750" : 0.000000,
        "1000" : 0.000000
      },
      "latency_us" : {
        "2" : 0.000000,
        "4" : 0.000000,
        "10" : 0.000000,
        "20" : 0.000000,
        "50" : 0.000000,
        "100" : 0.000000,
        "250" : 0.000000,
        "500" : 0.000000,
        "750" : 0.010000,
        "1000" : 2.710013
      },
      "latency_ms" : {
        "2" : 0.409021,
        "4" : 0.020550,
        "10" : 96.854450,
        "20" : 0.000000,
        "50" : 0.000000,
        "100" : 0.000000,
        "250" : 0.000000,
        "500" : 0.000000,
        "750" : 0.000000,
        "1000" : 0.000000,
        "2000" : 0.000000,
        ">=2000" : 0.000000
      },
      "latency_depth" : 32,
      "latency_target" : 0,
      "latency_percentile" : 100.000000,
      "latency_window" : 0
    }
  ],
  "disk_util" : [
    {
      "name" : "vdb",
      "read_ios" : 0,
      "write_ios" : 155011,
      "read_merges" : 0,
      "write_merges" : 0,
      "read_ticks" : 0,
      "write_ticks" : 264040,