{
  "fio version" : "fio-3.13",
  "timestamp" : 1567354114,
  "timestamp_ms" : 1567354114060,
  "time" : "Sun Sep  1 16:08:34 2019",
  "jobs" : [
    {
      "jobname" : "rand-write-128k-qd1",
      "groupid" : 0,
      "error" : 0,
      "eta" : 0,
      "elapsed" : 31,
      "job options" : {
        "runtime" : "30",
        "bs" : "128k",
        "rw" : "randwrite",
        "direct" : "1",
        "randrepeat" : "0",
        "ioengine" : "libaio",
        "iodepth" : "1",
        "fsync" : "32",
        "filename" : "/dev/vdb"
      },
      "read" : {
        "io_bytes" : 0,
        "io_kbytes" : 0,
        "bw_bytes" : 0,
        "bw" : 0,
        "iops" : 0.000000,
        "runtime" : 0,
        "total_ios" : 0,
        "short_ios" : 0,
        "drop_ios" : 0,
        "slat_ns" : {
          "min" : 0,
          "max" : 0,
          "mean" : 0.000000,
          "stddev" : 0.000000
        },
        "clat_ns" : {
          "min" : 0,
          "max" : 0,
          "mean" : 0.000000,
          "stddev" : 0.000000,
          "percentile" : {
            "1.000000" : 0,
            "5.000000" : 0,
            "10.000000" : 0,
            "20.000000" : 0,
            "30.000000" : 0,
            "40.000000" : 0,
            "50.000000" : 0,
            "60.000000" : 0,
            "70.000000" : 0,
            "80.000000" : 0,
            "90.000000" : 0,
            "95.000000" : 0,
            "99.000000" : 0,
            "99.500000" : 0,
            "99.900000" : 0,
            "99.950000" : 0,
            "99.990000" : 0
          }
        },
        "lat_ns" : {
          "min" : 0,
          "max" : 0,
          "mean" : 0.000000,
          "stddev" : 0.000000
        },
        "bw_min" : 0,
        "bw_max" : 0,
        "bw_agg" : 0.000000,
        "bw_mean" : 0.000000,
        "bw_dev" : 0.000000,
        "bw_samples" : 0,
        "iops_min" : 0,
        "iops_max" : 0,
        "iops_mean" : 0.000000,
        "iops_stddev" : 0.000000,
        "iops_samples" : 0
      },
      "write" : {
        "io_bytes" : 19272826880,
        "io_kbytes" : 18821120,
        "bw_bytes" : 642406149,
        "bw" : 627349,
        "iops" : 4901.169961,
        "runtime" : 30001,
        "total_ios" : 147040,
        "short_ios" : 0,
        "drop_ios" : 0,
        "slat_ns" : {
          "min" : 24569,
          "max" : 239605,
          "mean" : 52084.298252,
          "stddev" : 24799.579208
        },
        "clat_ns" : {
          "min" : 64889,
          "max" : 622495,
          "mean" : 149282.935229,
          "stddev" : 70343.019914,
          "percentile" : {
            "1.000000" : 88576,
            "5.000000" : 99840,
            "10.000000" : 103936,
            "20.000000" : 109056,
            "30.000000" : 114176,
            "40.000000" : 116224,
            "50.000000" : 118272,
            "60.000000" : 121344,
            "70.000000" : 125440,
            "80.000000" : 162816,
            "90.000000" : 296960,
            "95.000000" : 305152,
            "99.000000" : 317440,
            "99.500000" : 329728,
            "99.900000" : 370688,
            "99.950000" : 382976,
            "99.990000" : 432128
          }
        },
        "lat_ns" : {
          "min" : 103220,
          "max" : 754502,
          "mean" : 201474.578734,
          "stddev" : 92677.784932
        },
        "bw_min" : 302592,
        "bw_max" : 886784,
        "bw_agg" : 99.702118,
        "bw_mean" : 625480.237288,
        "bw_dev" : 210319.303594,
        "bw_samples" : 59,
        "iops_min" : 2364,
        "iops_max" : 6928,
        "iops_mean" : 4886.576271,
        "iops_stddev" : 1643.081338,
        "iops_samples" : 59
      },
      "trim" : {
        "io_bytes" : 0,
        "io_kbytes" : 0,
        "bw_bytes" : 0,
        "bw" : 0,
        "iops" : 0.000000,
        "runtime" : 0,
        "total_ios" : 0,
        "short_ios" : 0,
        "drop_ios" : 0,
        "slat_ns" : {
          "min" : 0,
          "max" : 0,
          "mean" : 0.000000,
          "stddev" : 0.000000
        },
        "clat_ns" : {
          "min" : 0,
          "max" : 0,
          "mean" : 0.000000,
          "stddev" : 0.000000,
          "percentile" : {
            "1.000000" : 0,
            "5.000000" : 0,
            "10.000000" : 0,
            "20.000000" : 0,
            "30.000000" : 0,
            "40.000000" : 0,
            "50.000000" : 0,
            "60.000000" : 0,
            "70.000000" : 0,
            "80.000000" : 0,
            "90.000000" : 0,
            "95.000000" : 0,
            "99.000000" : 0,
            "99.500000" : 0,
            "99.900000" : 0,
            "99.950000" : 0,
            "99.990000" : 0
          }
        },
        "lat_ns" : {
          "min" : 0,
          "max" : 0,
          "mean" : 0.000000,
          "stddev" : 0.000000
        },
        "bw_min" : 0,
        "bw_max" : 0,
        "bw_agg" : 0.000000,
        "bw_mean" : 0.000000,
        "bw_dev" : 0.000000,
        "bw_samples" : 0,
        "iops_min" : 0,
        "iops_max" : 0,
        "iops_mean" : 0.000000,
        "iops_stddev" : 0.000000,
        "iops_samples" : 0
      },
      "sync" : {
        "lat_ns" : {
          "min" : 35,
          "max" : 1486,
          "mean" : 152.492599,
          "stddev" : 140.598726,
          "percentile" : {
            "1.000000" : 43,
            "5.000000" : 46,
            "10.000000" : 49,
            "20.000000" : 51,
            "30.000000" : 53,
            "40.000000" : 58,
            "50.000000" : 76,
            "60.000000" : 149,
            "70.000000" : 169,
            "80.000000" : 193,
            "90.000000" : 434,
            "95.000000" : 462,
            "99.000000" : 502,
            "99.500000" : 516,
            "99.900000" : 644,
            "99.950000" : 716,
            "99.990000" : 1480
          }
        },
        "total_ios" : 4594
      },
      "job_runtime" : 30000,
      "usr_cpu" : 7.676667,
      "sys_cpu" : 24.200000,
      "ctx" : 151882,
      "majf" : 0,
      "minf" : 11,
      "iodepth_level" : {
        "1" : 103.124320,
        "2" : 0.000000,
        "4" : 0.000000,
        "8" : 0.000000,
        "16" : 0.000000,
        "32" : 0.000000,
        ">=64" : 0.000000
      },
      "iodepth_submit" : {
        "0" : 0.000000,
        "4" : 100.000000,
        "8" : 0.000000,
        "16" : 0.000000,
        "32" : 0.000000,
        "64" : 0.000000,
        ">=64" : 0.000000
      },
      "iodepth_complete" : {
        "0" : 0.000000,
        "4" : 100.000000,
        "8" : 0.000000,
        "16" : 0.000000,
        "32" : 0.000000,
        "64" : 0.000000,
        ">=64" : 0.000000
      },
      "latency_ns" : {
        "2" : 0.000000,
        "4" : 0.000000,
        "10" : 0.000000,
        "20" : 0.000000,
        "50" : 0.000000,
        "100" : 0.000000,
        "250" : 0.000000,
        "500" : 0.000000,
        "750" : 0.000000,
        "1000" : 0.000000
      },
      "latency_us" : {
        "2" : 0.000000,
        "4" : 0.000000,
        "10" : 0.000000,
        "20" : 0.000000,
        "50" : 0.000000,
        "100" : 5.209467,
        "250" : 78.194369,
        "500" : 16.592764,
        "750" : 0.010000,
        "1000" : 0.000000
      },
      "latency_ms" : {
        "2" : 0.000000,
        "4" : 0.000000,
        "10" : 0.000000,
        "20" : 0.000000,
        "50" : 0.000000,
        "100" : 0.000000,
        "250" : 0.000000,
        "500" : 0.000000,
        "750" : 0.000000,
        "1000" : 0.000000,
        "2000" : 0.000000,
        ">=2000" : 0.000000
      },
      "latency_depth" : 1,
      "latency_target" : 0,
      "latency_percentile" : 100.000000,
      "latency_window" : 0
    }
  ],
  "disk_util" : [
    {
      "name" : "vdb",
      "read_ios" : 0,
      "write_ios" : 3519785,
      "read_merges" : 0,
      "write_merges" : 0,
      "read_ticks" : 0,
      "write_ticks" : 392900,
      "in_queue" : 358720,