{
  "fio version" : "fio-3.13",
  "timestamp" : 1567353959,
  "timestamp_ms" : 1567353959223,
  "time" : "Sun Sep  1 16:05:59 2019",
  "jobs" : [
    {
      "jobname" : "rand-write-4k",
      "groupid" : 0,
      "error" : 0,
      "eta" : 0,
      "elapsed" : 31,
      "job options" : {
        "runtime" : "30",
        "bs" : "4k",
        "rw" : "randwrite",
        "direct" : "1",
        "randrepeat" : "0",
        "ioengine" : "libaio",
        "iodepth" : "32",
        "fsync" : "32",
        "filename" : "/dev/vdb"
      },
      "read" : {
        "io_bytes" : 0,
        "io_kbytes" : 0,
        "bw_bytes" : 0,
        "bw" : 0,
        "iops" : 0.000000,
        "runtime" : 0,
        "total_ios" : 0,
        "short_ios" : 0,
        "drop_ios" : 0,
        "slat_ns" : {
          "min" : 0,
          "max" : 0,
          "mean" : 0.000000,
          "stddev" : 0.000000
        },
        "clat_ns" : {
          "min" : 0,
          "max" : 0,
          "mean" : 0.000000,
          "stddev" : 0.000000,
          "percentile" : {
            "1.000000" : 0,
            "5.000000" : 0,
            "10.000000" : 0,
            "20.000000" : 0,
            "30.000000" : 0,
            "40.000000" : 0,
            "50.000000" : 0,
            "60.000000" : 0,
            "70.000000" : 0,
            "80.000000" : 0,
            "90.000000" : 0,
            "95.000000" : 0,
            "99.000000" : 0,
            "99.500000" : 0,
            "99.900000" : 0,
            "99.950000" : 0,
            "99.990000" : 0
          }
        },
        "lat_ns" : {
          "min" : 0,
          "max" : 0,
          "mean" : 0.000000,
          "stddev" : 0.000000
        },
        "bw_min" : 0,
        "bw_max" : 0,
        "bw_agg" : 0.000000,
        "bw_mean" : 0.000000,
        "bw_dev" : 0.000000,
        "bw_samples" : 0,
        "iops_min" : 0,
        "iops_max" : 0,
        "iops_mean" : 0.000000,
        "iops_stddev" : 0.000000,
        "iops_samples" : 0
      },
      "write" : {
        "io_bytes" : 12195569664,
        "io_kbytes" : 11909736,
        "bw_bytes" : 406518988,
        "bw" : 396991,
        "iops" : 99247.800000,
        "runtime" : 30000,
        "total_ios" : 2977434,
        "short_ios" : 0,
        "drop_ios" : 0,
        "slat_ns" : {
          "min" : 4638,
          "max" : 380301,
          "mean" : 7894.629006,
          "stddev" : 1683.482315
        },
        "clat_ns" : {
          "min" : 33606,
          "max" : 982623,
          "mean" : 312898.774699,
          "stddev" : 31263.937101,
          "percentile" : {
            "1.000000" : 264192,
            "5.000000" : 276480,
            "10.000000" : 280576,
            "20.000000" : 288768,
            "30.000000" : 292864,
            "40.000000" : 296960,
            "50.000000" : 301056,
            "60.000000" : 309248,
            "70.000000" : 337920,
            "80.000000" : 346112,
            "90.000000" : 350208,
            "95.000000" : 358400,
            "99.000000" : 374784,
            "99.500000" : 387072,
            "99.900000" : 536576,
            "99.950000" : 626688,
            "99.990000" : 749568
          }
        },
        "lat_ns" : {
          "min" : 42262,
          "max" : 1004064,
          "mean" : 320918.630303,
          "stddev" : 31955.995213
        },
        "bw_min" : 348080,
        "bw_max" : 439544,
        "bw_agg" : 99.973891,
        "bw_mean" : 396887.350000,
        "bw_dev" : 32224.813913,
        "bw_samples" : 60,
        "iops_min" : 87020,
        "iops_max" : 109886,
        "iops_mean" : 99221.783333,
        "iops_stddev" : 8056.241686,
        "iops_samples" : 60
      },
      "trim" : {
        "io_bytes" : 0,
        "io_kbytes" : 0,
        "bw_bytes" : 0,
        "bw" : 0,
        "iops" : 0.000000,
        "runtime" : 0,
        "total_ios" : 0,
        "short_ios" : 0,
        "drop_ios" : 0,
        "slat_ns" : {
          "min" : 0,
          "max" : 0,
          "mean" : 0.000000,
          "stddev" : 0.000000
        },
        "clat_ns" : {
          "min" : 0,
          "max" : 0,
          "mean" : 0.000000,
          "stddev" : 0.000000,
          "percentile" : {
            "1.000000" : 0,
            "5.000000" : 0,
            "10.000000" : 0,
            "20.000000" : 0,
            "30.000000" : 0,
            "40.000000" : 0,
            "50.000000" : 0,
            "60.000000" : 0,
            "70.000000" : 0,
            "80.000000" : 0,
            "90.000000" : 0,
            "95.000000" : 0,
            "99.000000" : 0,
            "99.500000" : 0,
            "99.900000" : 0,
            "99.950000" : 0,
            "99.990000" : 0
          }
        },
        "lat_ns" : {
          "min" : 0,
          "max" : 0,
          "mean" : 0.000000,
          "stddev" : 0.000000
        },
        "bw_min" : 0,
        "bw_max" : 0,
        "bw_agg" : 0.000000,
        "bw_mean" : 0.000000,
        "bw_dev" : 0.000000,
        "bw_samples" : 0,
        "iops_min" : 0,
        "iops_max" : 0,
        "iops_mean" : 0.000000,
        "iops_stddev" : 0.000000,
        "iops_samples" : 0
      },
      "sync" : {
        "lat_ns" : {
          "min" : 16,
          "max" : 22448,
          "mean" : 102.624801,
          "stddev" : 110.414427,
          "percentile" : {
            "1.000000" : 22,
            "5.000000" : 26,
            "10.000000" : 33,
            "20.000000" : 71,
            "30.000000" : 88,
            "40.000000" : 91,
            "50.000000" : 97,
            "60.000000" : 133,
            "70.000000" : 137,
            "80.000000" : 141,
            "90.000000" : 145,
            "95.000000" : 149,
            "99.000000" : 157,
            "99.500000" : 165,
            "99.900000" : 342,
            "99.950000" : 442,
            "99.990000" : 1064
          }
        },
        "total_ios" : 93044
      },
      "job_runtime" : 30000,
      "usr_cpu" : 13.290000,
      "sys_cpu" : 80.683333,
      "ctx" : 93230,
      "majf" : 2,
      "minf" : 15,
      "iodepth_level" : {
        "1" : 0.100000,
        "2" : 0.100000,
        "4" : 0.100000,
        "8" : 0.100000,
        "16" : 0.100000,
        "32" : 103.123932,
        ">=64" : 0.000000
      },
      "iodepth_submit" : {
        "0" : 0.000000,
        "4" : 100.000000,
        "8" : 0.000000,
        "16" : 0.000000,
        "32" : 0.000000,
        "64" : 0.000000,
        ">=64" : 0.000000
      },
      "iodepth_complete" : {
        "0" : 0.000000,
        "4" : 99.999966,
        "8" : 0.000000,
        "16" : 0.000000,
        "32" : 0.100000,
        "64" : 0.000000,
        ">=64" : 0.000000
      },
      "latency_ns" : {
        "2" : 0.000000,
        "4" : 0.000000,
        "10" : 0.000000,
        "20" : 0.000000,
        "50" : 0.000000,
        "100" : 0.000000,
        "250" : 0.000000,
        "500" : 0.000000,
        "750" : 0.000000,
        "1000" : 0.000000
      },
      "latency_us" : {
        "2" : 0.000000,
        "4" : 0.000000,
        "10" : 0.000000,
        "20" : 0.000000,
        "50" : 0.010000,
        "100" : 0.010000,
        "250" : 0.154193,
        "500" : 99.668339,
        "750" : 0.168232,
        "1000" : 0.010000
      },
      "latency_ms" : {
        "2" : 0.000000,
        "4" : 0.000000,
        "10" : 0.000000,
        "20" : 0.000000,
        "50" : 0.000000,
        "100" : 0.000000,
        "250" : 0.000000,
        "500" : 0.000000,
        "750" : 0.000000,
        "1000" : 0.000000,
        "2000" : 0.000000,
        ">=2000" : 0.000000
      },
      "latency_depth" : 32,
      "latency_target" : 0,
      "latency_percentile" : 100.000000,
      "latency_window" : 0
    }
  ],
  "disk_util" : [
    {
      "name" : "vdb",
      "read_ios" : 0,
      "write_ios" : 3058143,
      "read_merges" : 0,
      "write_merges" : 0,
      "read_ticks" : 0,
      "write_ticks" : 27080,
      "in_queue" : 24368,