{
  "fio version" : "fio-3.13",
  "timestamp" : 1567354549,
  "timestamp_ms" : 1567354549451,
  "time" : "Sun Sep  1 16:15:49 2019",
  "jobs" : [
    {
      "jobname" : "rand-write-4k",
      "groupid" : 0,
      "error" : 0,
      "eta" : 0,
      "elapsed" : 31,
      "job options" : {
        "runtime" : "30",
        "bs" : "4k",
        "rw" : "randwrite",
        "direct" : "1",
        "randrepeat" : "0",
        "ioengine" : "libaio",
        "iodepth" : "32",
        "fsync" : "32",
        "filename" : "/dev/vdb"
      },
      "read" : {
        "io_bytes" : 0,
        "io_kbytes" : 0,
        "bw_bytes" : 0,
        "bw" : 0,
        "iops" : 0.000000,
        "runtime" : 0,
        "total_ios" : 0,
        "short_ios" : 0,
        "drop_ios" : 0,
        "slat_ns" : {
          "min" : 0,
          "max" : 0,
          "mean" : 0.000000,
          "stddev" : 0.000000
        },
        "clat_ns" : {
          "min" : 0,
          "max" : 0,
          "mean" : 0.000000,
          "stddev" : 0.000000,
          "percentile" : {
            "1.000000" : 0,
            "5.000000" : 0,
            "10.000000" : 0,
            "20.000000" : 0,
            "30.000000" : 0,
            "40.000000" : 0,
            "50.000000" : 0,
            "60.000000" : 0,
            "70.000000" : 0,
            "80.000000" : 0,
            "90.000000" : 0,
            "95.000000" : 0,
            "99.000000" : 0,
            "99.500000" : 0,
            "99.900000" : 0,
            "99.950000" : 0,
            "99.990000" : 0
          }
        },
        "lat_ns" : {
          "min" : 0,
          "max" : 0,
          "mean" : 0.000000,
          "stddev" : 0.000000
        },
        "bw_min" : 0,
        "bw_max" : 0,
        "bw_agg" : 0.000000,
        "bw_mean" : 0.000000,
        "bw_dev" : 0.000000,
        "bw_samples" : 0,
        "iops_min" : 0,
        "iops_max" : 0,
        "iops_mean" : 0.000000,
        "iops_stddev" : 0.000000,
        "iops_samples" : 0
      },
      "write" : {
        "io_bytes" : 14585962496,
        "io_kbytes" : 14244104,
        "bw_bytes" : 486198749,
        "bw" : 474803,
        "iops" : 118700.866667,
        "runtime" : 30000,
        "total_ios" : 3561026,
        "short_ios" : 0,
        "drop_ios" : 0,
        "slat_ns" : {
          "min" : 2642,
          "max" : 4332691,
          "mean" : 6490.843462,
          "stddev" : 3501.852493
        },
        "clat_ns" : {
          "min" : 11491,
          "max" : 10618322,
          "mean" : 261744.280743,
          "stddev" : 58692.304929,
          "percentile" : {
            "1.000000" : 164864,
            "5.000000" : 209920,
            "10.000000" : 226304,
            "20.000000" : 232448,
            "30.000000" : 238592,
            "40.000000" : 268288,
            "50.000000" : 272384,
            "60.000000" : 276480,
            "70.000000" : 276480,
            "80.000000" : 280576,
            "90.000000" : 284672,
            "95.000000" : 292864,
            "99.000000" : 337920,
            "99.500000" : 415744,
            "99.900000" : 602112,
            "99.950000" : 610304,
            "99.990000" : 684032
          }
        },
        "lat_ns" : {
          "min" : 15708,
          "max" : 10627010,
          "mean" : 268324.104279,
          "stddev" : 59328.359286
        },
        "bw_min" : 411872,
        "bw_max" : 661328,
        "bw_agg" : 99.743401,
        "bw_mean" : 473584.661017,
        "bw_dev" : 51116.306340,
        "bw_samples" : 59,
        "iops_min" : 102968,
        "iops_max" : 165332,
        "iops_mean" : 118396.220339,
        "iops_stddev" : 12779.107989,
        "iops_samples" : 59
      },
      "trim" : {
        "io_bytes" : 0,
        "io_kbytes" : 0,
        "bw_bytes" : 0,
        "bw" : 0,
        "iops" : 0.000000,
        "runtime" : 0,
        "total_ios" : 0,
        "short_ios" : 0,
        "drop_ios" : 0,
        "slat_ns" : {
          "min" : 0,
          "max" : 0,
          "mean" : 0.000000,
          "stddev" : 0.000000
        },
        "clat_ns" : {
          "min" : 0,
          "max" : 0,
          "mean" : 0.000000,
          "stddev" : 0.000000,
          "percentile" : {
            "1.000000" : 0,
            "5.000000" : 0,
            "10.000000" : 0,
            "20.000000" : 0,
            "30.000000" : 0,
            "40.000000" : 0,
            "50.000000" : 0,
            "60.000000" : 0,
            "70.000000" : 0,
            "80.000000" : 0,
            "90.000000" : 0,
            "95.000000" : 0,
            "99.000000" : 0,
            "99.500000" : 0,
            "99.900000" : 0,
            "99.950000" : 0,
            "99.990000" : 0
          }
        },
        "lat_ns" : {
          "min" : 0,
          "max" : 0,
          "mean" : 0.000000,
          "stddev" : 0.000000
        },
        "bw_min" : 0,
        "bw_max" : 0,
        "bw_agg" : 0.000000,
        "bw_mean" : 0.000000,
        "bw_dev" : 0.000000,
        "bw_samples" : 0,
        "iops_min" : 0,
        "iops_max" : 0,
        "iops_mean" : 0.000000,
        "iops_stddev" : 0.000000,
        "iops_samples" : 0
      },
      "sync" : {
        "lat_ns" : {
          "min" : 21,
          "max" : 18560,
          "mean" : 93.307696,
          "stddev" : 95.581651,
          "percentile" : {
            "1.000000" : 29,
            "5.000000" : 31,
            "10.000000" : 33,
            "20.000000" : 47,
            "30.000000" : 54,
            "40.000000" : 73,
            "50.000000" : 76,
            "60.000000" : 76,
            "70.000000" : 76,
            "80.000000" : 183,
            "90.000000" : 185,
            "95.000000" : 187,
            "99.000000" : 197,
            "99.500000" : 213,
            "99.900000" : 342,
            "99.950000" : 462,
            "99.990000" : 1192
          }
        },
        "total_ios" : 111282
      },
      "job_runtime" : 30000,
      "usr_cpu" : 15.680000,
      "sys_cpu" : 79.213333,
      "ctx" : 111510,
      "majf" : 2,
      "minf" : 16,
      "iodepth_level" : {
        "1" : 0.100000,
        "2" : 0.100000,
        "4" : 0.100000,
        "8" : 0.100000,
        "16" : 0.100000,
        "32" : 103.124128,
        ">=64" : 0.000000
      },
      "iodepth_submit" : {
        "0" : 0.000000,
        "4" : 100.000000,
        "8" : 0.000000,
        "16" : 0.000000,
        "32" : 0.000000,
        "64" : 0.000000,
        ">=64" : 0.000000
      },
      "iodepth_complete" : {
        "0" : 0.000000,
        "4" : 99.999972,
        "8" : 0.000000,
        "16" : 0.000000,
        "32" : 0.100000,
        "64" : 0.000000,
        ">=64" : 0.000000
      },
      "latency_ns" : {
        "2" : 0.000000,
        "4" : 0.000000,
        "10" : 0.000000,
        "20" : 0.000000,
        "50" : 0.000000,
        "100" : 0.000000,
        "250" : 0.000000,
        "500" : 0.000000,
        "750" : 0.000000,
        "1000" : 0.000000
      },
      "latency_us" : {
        "2" : 0.000000,
        "4" : 0.000000,
        "10" : 0.000000,
        "20" : 0.010000,
        "50" : 0.010000,
        "100" : 0.010000,
        "250" : 33.963386,
        "500" : 65.836363,
        "750" : 0.193203,
        "1000" : 0.010000
      },
      "latency_ms" : {
        "2" : 0.010000,
        "4" : 0.000000,
        "10" : 0.010000,
        "20" : 0.010000,
        "50" : 0.000000,
        "100" : 0.000000,
        "250" : 0.000000,
        "500" : 0.000000,
        "750" : 0.000000,
        "1000" : 0.000000,
        "2000" : 0.000000,
        ">=2000" : 0.000000
      },
      "latency_depth" : 32,
      "latency_target" : 0,
      "latency_percentile" : 100.000000,
      "latency_window" : 0
    }
  ],
  "disk_util" : [
    {
      "name" : "vdb",
      "read_ios" : 0,
      "write_ios" : 3652737,
      "read_merges" : 0,
      "write_merges" : 0,
      "read_ticks" : 0,
      "write_ticks" : 44128,
      "in_queue" : 15324,