{
  "fio version" : "fio-3.13",
  "timestamp" : 1580064362,
  "timestamp_ms" : 1580064362362,
  "time" : "Sun Jan 26 18:46:02 2020",
  "jobs" : [
    {
      "jobname" : "rand-write-4k-qd1",
      "groupid" : 0,
      "error" : 0,
      "eta" : 0,
      "elapsed" : 31,
      "job options" : {
        "runtime" : "30",
        "bs" : "4k",
        "rw" : "randwrite",
        "direct" : "1",
        "randrepeat" : "0",
        "ioengine" : "libaio",
        "iodepth" : "1",
        "fsync" : "32",
        "filename" : "/dev/vdb"
      },
      "read" : {
        "io_bytes" : 0,
        "io_kbytes" : 0,
        "bw_bytes" : 0,
        "bw" : 0,
        "iops" : 0.000000,
        "runtime" : 0,
        "total_ios" : 0,
        "short_ios" : 0,
        "drop_ios" : 0,
        "slat_ns" : {
          "min" : 0,
          "max" : 0,
          "mean" : 0.000000,
          "stddev" : 0.000000
        },
        "clat_ns" : {
          "min" : 0,
          "max" : 0,
          "mean" : 0.000000,
          "stddev" : 0.000000,
          "percentile" : {
            "1.000000" : 0,
            "5.000000" : 0,
            "10.000000" : 0,
            "20.000000" : 0,
            "30.000000" : 0,
            "40.000000" : 0,
            "50.000000" : 0,
            "60.000000" : 0,
            "70.000000" : 0,
            "80.000000" : 0,
            "90.000000" : 0,
            "95.000000" : 0,
            "99.000000" : 0,
            "99.500000" : 0,
            "99.900000" : 0,
            "99.950000" : 0,
            "99.990000" : 0
          }
        },
        "lat_ns" : {
          "min" : 0,
          "max" : 0,
          "mean" : 0.000000,
          "stddev" : 0.000000
        },
        "bw_min" : 0,
        "bw_max" : 0,
        "bw_agg" : 0.000000,
        "bw_mean" : 0.000000,
        "bw_dev" : 0.000000,
        "bw_samples" : 0,
        "iops_min" : 0,
        "iops_max" : 0,
        "iops_mean" : 0.000000,
        "iops_stddev" : 0.000000,
        "iops_samples" : 0
      },
      "write" : {
        "io_bytes" : 2221785088,
        "io_kbytes" : 2169712,
        "bw_bytes" : 74057034,
        "bw" : 72321,
        "iops" : 18080.330656,
        "runtime" : 30001,
        "total_ios" : 542428,
        "short_ios" : 0,
        "drop_ios" : 0,
        "slat_ns" : {
          "min" : 6127,
          "max" : 88728,
          "mean" : 11249.745563,
          "stddev" : 3208.590502
        },
        "clat_ns" : {
          "min" : 617,
          "max" : 975845,
          "mean" : 41586.916809,
          "stddev" : 5234.426811,
          "percentile" : {
            "1.000000" : 31360,
            "5.000000" : 32640,
            "10.000000" : 33024,
            "20.000000" : 39680,
            "30.000000" : 41216,
            "40.000000" : 41728,
            "50.000000" : 42752,
            "60.000000" : 43264,
            "70.000000" : 43264,
            "80.000000" : 44288,
            "90.000000" : 45312,
            "95.000000" : 46336,
            "99.000000" : 52992,
            "99.500000" : 56064,
            "99.900000" : 74240,
            "99.950000" : 86528,
            "99.990000" : 146432
          }
        },
        "lat_ns" : {
          "min" : 31544,
          "max" : 987375,
          "mean" : 52942.645487,
          "stddev" : 7221.467373
        },
        "bw_min" : 69200,
        "bw_max" : 76368,
        "bw_agg" : 99.959784,
        "bw_mean" : 72291.915254,
        "bw_dev" : 1685.086484,
        "bw_samples" : 59,
        "iops_min" : 17300,
        "iops_max" : 19092,
        "iops_mean" : 18072.915254,
        "iops_stddev" : 421.276520,
        "iops_samples" : 59
      },
      "trim" : {
        "io_bytes" : 0,
        "io_kbytes" : 0,
        "bw_bytes" : 0,
        "bw" : 0,
        "iops" : 0.000000,
        "runtime" : 0,
        "total_ios" : 0,
        "short_ios" : 0,
        "drop_ios" : 0,
        "slat_ns" : {
          "min" : 0,
          "max" : 0,
          "mean" : 0.000000,
          "stddev" : 0.000000
        },
        "clat_ns" : {
          "min" : 0,
          "max" : 0,
          "mean" : 0.000000,
          "stddev" : 0.000000,
          "percentile" : {
            "1.000000" : 0,
            "5.000000" : 0,
            "10.000000" : 0,
            "20.000000" : 0,
            "30.000000" : 0,
            "40.000000" : 0,
            "50.000000" : 0,
            "60.000000" : 0,
            "70.000000" : 0,
            "80.000000" : 0,
            "90.000000" : 0,
            "95.000000" : 0,
            "99.000000" : 0,
            "99.500000" : 0,
            "99.900000" : 0,
            "99.950000" : 0,
            "99.990000" : 0
          }
        },
        "lat_ns" : {
          "min" : 0,
          "max" : 0,
          "mean" : 0.000000,
          "stddev" : 0.000000
        },
        "bw_min" : 0,
        "bw_max" : 0,
        "bw_agg" : 0.000000,
        "bw_mean" : 0.000000,
        "bw_dev" : 0.000000,
        "bw_samples" : 0,
        "iops_min" : 0,
        "iops_max" : 0,
        "iops_mean" : 0.000000,
        "iops_stddev" : 0.000000,
        "iops_samples" : 0
      },
      "sync" : {
        "lat_ns" : {
          "min" : 33,
          "max" : 9644,
          "mean" : 97.351032,
          "stddev" : 93.103169,
          "percentile" : {
            "1.000000" : 57,
            "5.000000" : 59,
            "10.000000" : 60,
            "20.000000" : 61,
            "30.000000" : 63,
            "40.000000" : 64,
            "50.000000" : 67,
            "60.000000" : 70,
            "70.000000" : 96,
            "80.000000" : 153,
            "90.000000" : 175,
            "95.000000" : 191,
            "99.000000" : 318,
            "99.500000" : 370,
            "99.900000" : 564,
            "99.950000" : 620,
            "99.990000" : 804
          }
        },
        "total_ios" : 16950
      },
      "job_runtime" : 30000,
      "usr_cpu" : 5.876667,
      "sys_cpu" : 32.343333,
      "ctx" : 559895,
      "majf" : 6,
      "minf" : 17,
      "iodepth_level" : {
        "1" : 103.124839,
        "2" : 0.000000,
        "4" : 0.000000,
        "8" : 0.000000,
        "16" : 0.000000,
        "32" : 0.000000,
        ">=64" : 0.000000
      },
      "iodepth_submit" : {
        "0" : 0.000000,
        "4" : 100.000000,
        "8" : 0.000000,
        "16" : 0.000000,
        "32" : 0.000000,
        "64" : 0.000000,
        ">=64" : 0.000000
      },
      "iodepth_complete" : {
        "0" : 0.000000,
        "4" : 100.000000,
        "8" : 0.000000,
        "16" : 0.000000,
        "32" : 0.000000,
        "64" : 0.000000,
        ">=64" : 0.000000
      },
      "latency_ns" : {
        "2" : 0.000000,
        "4" : 0.000000,
        "10" : 0.000000,
        "20" : 0.000000,
        "50" : 0.000000,
        "100" : 0.000000,
        "250" : 0.000000,
        "500" : 0.000000,
        "750" : 0.010000,
        "1000" : 0.010000
      },
      "latency_us" : {
        "2" : 0.010000,
        "4" : 0.010000,
        "10" : 0.010000,
        "20" : 0.010000,
        "50" : 98.017433,
        "100" : 1.927998,
        "250" : 0.034475,
        "500" : 0.010000,
        "750" : 0.010000,
        "1000" : 0.010000
      },
      "latency_ms" : {
        "2" : 0.000000,
        "4" : 0.000000,
        "10" : 0.000000,
        "20" : 0.000000,
        "50" : 0.000000,
        "100" : 0.000000,
        "250" : 0.000000,
        "500" : 0.000000,
        "750" : 0.000000,
        "1000" : 0.000000,
        "2000" : 0.000000,
        ">=2000" : 0.000000
      },
      "latency_depth" : 1,
      "latency_target" : 0,
      "latency_percentile" : 100.000000,
      "latency_window" : 0
    }
  ],
  "disk_util" : [
    {
      "name" : "vdb",
      "read_ios" : 0,
      "write_ios" : 556827,
      "read_merges" : 0,
      "write_merges" : 0,
      "read_ticks" : 0,
      "write_ticks" : 17064,
      "in_queue" : 0,
      "util" : 0.000000
    }
  ]
}
