{
  "fio version" : "fio-3.13",
  "timestamp" : 1567354580,
  "timestamp_ms" : 1567354580645,
  "time" : "Sun Sep  1 16:16:20 2019",
  "jobs" : [
    {
      "jobname" : "rand-write-4k-qd1",
      "groupid" : 0,
      "error" : 0,
      "eta" : 0,
      "elapsed" : 31,
      "job options" : {
        "runtime" : "30",
        "bs" : "4k",
        "rw" : "randwrite",
        "direct" : "1",
        "randrepeat" : "0",
        "ioengine" : "libaio",
        "iodepth" : "1",
        "fsync" : "32",
        "filename" : "/dev/vdb"
      },
      "read" : {
        "io_bytes" : 0,
        "io_kbytes" : 0,
        "bw_bytes" : 0,
        "bw" : 0,
        "iops" : 0.000000,
        "runtime" : 0,
        "total_ios" : 0,
        "short_ios" : 0,
        "drop_ios" : 0,
        "slat_ns" : {
          "min" : 0,
          "max" : 0,
          "mean" : 0.000000,
          "stddev" : 0.000000
        },
        "clat_ns" : {
          "min" : 0,
          "max" : 0,
          "mean" : 0.000000,
          "stddev" : 0.000000,
          "percentile" : {
            "1.000000" : 0,
            "5.000000" : 0,
            "10.000000" : 0,
            "20.000000" : 0,
            "30.000000" : 0,
            "40.000000" : 0,
            "50.000000" : 0,
            "60.000000" : 0,
            "70.000000" : 0,
            "80.000000" : 0,
            "90.000000" : 0,
            "95.000000" : 0,
            "99.000000" : 0,
            "99.500000" : 0,
            "99.900000" : 0,
            "99.950000" : 0,
            "99.990000" : 0
          }
        },
        "lat_ns" : {
          "min" : 0,
          "max" : 0,
          "mean" : 0.000000,
          "stddev" : 0.000000
        },
        "bw_min" : 0,
        "bw_max" : 0,
        "bw_agg" : 0.000000,
        "bw_mean" : 0.000000,
        "bw_dev" : 0.000000,
        "bw_samples" : 0,
        "iops_min" : 0,
        "iops_max" : 0,
        "iops_mean" : 0.000000,
        "iops_stddev" : 0.000000,
        "iops_samples" : 0
      },
      "write" : {
        "io_bytes" : 4426657792,
        "io_kbytes" : 4322908,
        "bw_bytes" : 147555259,
        "bw" : 144096,
        "iops" : 36024.233333,
        "runtime" : 30000,
        "total_ios" : 1080727,
        "short_ios" : 0,
        "drop_ios" : 0,
        "slat_ns" : {
          "min" : 3949,
          "max" : 2851838,
          "mean" : 6012.660954,
          "stddev" : 3755.261131
        },
        "clat_ns" : {
          "min" : 521,
          "max" : 15305774,
          "mean" : 20178.805042,
          "stddev" : 20575.974124,
          "percentile" : {
            "1.000000" : 12480,
            "5.000000" : 13504,
            "10.000000" : 14144,
            "20.000000" : 15808,
            "30.000000" : 17536,
            "40.000000" : 18816,
            "50.000000" : 19840,
            "60.000000" : 20608,
            "70.000000" : 21632,
            "80.000000" : 23680,
            "90.000000" : 27264,
            "95.000000" : 28800,
            "99.000000" : 32128,
            "99.500000" : 34048,
            "99.900000" : 41728,
            "99.950000" : 46848,
            "99.990000" : 74240
          }
        },
        "lat_ns" : {
          "min" : 15064,
          "max" : 15311705,
          "mean" : 26308.029277,
          "stddev" : 21161.142284
        },
        "bw_min" : 109352,
        "bw_max" : 167840,
        "bw_agg" : 100.000000,
        "bw_mean" : 144484.355932,
        "bw_dev" : 18286.737656,
        "bw_samples" : 59,
        "iops_min" : 27338,
        "iops_max" : 41960,
        "iops_mean" : 36121.118644,
        "iops_stddev" : 4571.715203,
        "iops_samples" : 59
      },
      "trim" : {
        "io_bytes" : 0,
        "io_kbytes" : 0,
        "bw_bytes" : 0,
        "bw" : 0,
        "iops" : 0.000000,
        "runtime" : 0,
        "total_ios" : 0,
        "short_ios" : 0,
        "drop_ios" : 0,
        "slat_ns" : {
          "min" : 0,
          "max" : 0,
          "mean" : 0.000000,
          "stddev" : 0.000000
        },
        "clat_ns" : {
          "min" : 0,
          "max" : 0,
          "mean" : 0.000000,
          "stddev" : 0.000000,
          "percentile" : {
            "1.000000" : 0,
            "5.000000" : 0,
            "10.000000" : 0,
            "20.000000" : 0,
            "30.000000" : 0,
            "40.000000" : 0,
            "50.000000" : 0,
            "60.000000" : 0,
            "70.000000" : 0,
            "80.000000" : 0,
            "90.000000" : 0,
            "95.000000" : 0,
            "99.000000" : 0,
            "99.500000" : 0,
            "99.900000" : 0,
            "99.950000" : 0,
            "99.990000" : 0
          }
        },
        "lat_ns" : {
          "min" : 0,
          "max" : 0,
          "mean" : 0.000000,
          "stddev" : 0.000000
        },
        "bw_min" : 0,
        "bw_max" : 0,
        "bw_agg" : 0.000000,
        "bw_mean" : 0.000000,
        "bw_dev" : 0.000000,
        "bw_samples" : 0,
        "iops_min" : 0,
        "iops_max" : 0,
        "iops_mean" : 0.000000,
        "iops_stddev" : 0.000000,
        "iops_samples" : 0
      },
      "sync" : {
        "lat_ns" : {
          "min" : 20,
          "max" : 10420,
          "mean" : 51.992686,
          "stddev" : 66.546180,
          "percentile" : {
            "1.000000" : 26,
            "5.000000" : 28,
            "10.000000" : 29,
            "20.000000" : 33,
            "30.000000" : 37,
            "40.000000" : 39,
            "50.000000" : 42,
            "60.000000" : 46,
            "70.000000" : 48,
            "80.000000" : 57,
            "90.000000" : 85,
            "95.000000" : 108,
            "99.000000" : 215,
            "99.500000" : 258,
            "99.900000" : 382,
            "99.950000" : 454,
            "99.990000" : 596
          }
        },
        "total_ios" : 33772
      },
      "job_runtime" : 30000,
      "usr_cpu" : 8.203333,
      "sys_cpu" : 38.700000,
      "ctx" : 1114675,
      "majf" : 3,
      "minf" : 16,
      "iodepth_level" : {
        "1" : 103.124933,
        "2" : 0.000000,
        "4" : 0.000000,
        "8" : 0.000000,
        "16" : 0.000000,
        "32" : 0.000000,
        ">=64" : 0.000000
      },
      "iodepth_submit" : {
        "0" : 0.000000,
        "4" : 100.000000,
        "8" : 0.000000,
        "16" : 0.000000,
        "32" : 0.000000,
        "64" : 0.000000,
        ">=64" : 0.000000
      },
      "iodepth_complete" : {
        "0" : 0.000000,
        "4" : 100.000000,
        "8" : 0.000000,
        "16" : 0.000000,
        "32" : 0.000000,
        "64" : 0.000000,
        ">=64" : 0.000000
      },
      "latency_ns" : {
        "2" : 0.000000,
        "4" : 0.000000,
        "10" : 0.000000,
        "20" : 0.000000,
        "50" : 0.000000,
        "100" : 0.000000,
        "250" : 0.000000,
        "500" : 0.000000,
        "750" : 0.010000,
        "1000" : 0.010000
      },
      "latency_us" : {
        "2" : 0.017026,
        "4" : 0.010000,
        "10" : 0.035254,
        "20" : 53.524526,
        "50" : 46.378873,
        "100" : 0.025816,
        "250" : 0.010000,
        "500" : 0.010000,
        "750" : 0.010000,
        "1000" : 0.010000
      },
      "latency_ms" : {
        "2" : 0.010000,
        "4" : 0.000000,
        "10" : 0.010000,
        "20" : 0.010000,
        "50" : 0.000000,
        "100" : 0.000000,
        "250" : 0.000000,
        "500" : 0.000000,
        "750" : 0.000000,
        "1000" : 0.000000,
        "2000" : 0.000000,
        ">=2000" : 0.000000
      },
      "latency_depth" : 1,
      "latency_target" : 0,
      "latency_percentile" : 100.000000,
      "latency_window" : 0
    }
  ],
  "disk_util" : [
    {
      "name" : "vdb",
      "read_ios" : 0,
      "write_ios" : 1110108,
      "read_merges" : 0,
      "write_merges" : 0,
      "read_ticks" : 0,
      "write_ticks" : 19144,
      "in_queue" : 0,
      "util" : 0.000000
    }
  ]
}
