{
  "fio version" : "fio-3.13",
  "timestamp" : 1555970208,
  "timestamp_ms" : 1555970208286,
  "time" : "Mon Apr 22 21:56:48 2019",
  "jobs" : [
    {
      "jobname" : "rand-write-128k-qd1",
      "groupid" : 0,
      "error" : 0,
      "eta" : 0,
      "elapsed" : 19,
      "job options" : {
        "bs" : "128k",
        "rw" : "randwrite",
        "direct" : "1",
        "size" : "6G",
        "randrepeat" : "0",
        "ioengine" : "libaio",
        "iodepth" : "1",
        "fsync" : "32",
        "filename" : "/dev/vdb"
      },
      "read" : {
        "io_bytes" : 0,
        "io_kbytes" : 0,
        "bw_bytes" : 0,
        "bw" : 0,
        "iops" : 0.000000,
        "runtime" : 0,
        "total_ios" : 0,
        "short_ios" : 0,
        "drop_ios" : 0,
        "slat_ns" : {
          "min" : 0,
          "max" : 0,
          "mean" : 0.000000,
          "stddev" : 0.000000
        },
        "clat_ns" : {
          "min" : 0,
          "max" : 0,
          "mean" : 0.000000,
          "stddev" : 0.000000,
          "percentile" : {
            "1.000000" : 0,
            "5.000000" : 0,
            "10.000000" : 0,
            "20.000000" : 0,
            "30.000000" : 0,
            "40.000000" : 0,
            "50.000000" : 0,
            "60.000000" : 0,
            "70.000000" : 0,
            "80.000000" : 0,
            "90.000000" : 0,
            "95.000000" : 0,
            "99.000000" : 0,
            "99.500000" : 0,
            "99.900000" : 0,
            "99.950000" : 0,
            "99.990000" : 0
          }
        },
        "lat_ns" : {
          "min" : 0,
          "max" : 0,
          "mean" : 0.000000,
          "stddev" : 0.000000
        },
        "bw_min" : 0,
        "bw_max" : 0,
        "bw_agg" : 0.000000,
        "bw_mean" : 0.000000,
        "bw_dev" : 0.000000,
        "bw_samples" : 0,
        "iops_min" : 0,
        "iops_max" : 0,
        "iops_mean" : 0.000000,
        "iops_stddev" : 0.000000,
        "iops_samples" : 0
      },
      "write" : {
        "io_bytes" : 6442450944,
        "io_kbytes" : 6291456,
        "bw_bytes" : 357437358,
        "bw" : 349059,
        "iops" : 2727.030626,
        "runtime" : 18024,
        "total_ios" : 49152,
        "short_ios" : 0,
        "drop_ios" : 0,
        "slat_ns" : {
          "min" : 10999,
          "max" : 195144,
          "mean" : 22497.043701,
          "stddev" : 7961.512716
        },
        "clat_ns" : {
          "min" : 45956,
          "max" : 7796035,
          "mean" : 203629.903931,
          "stddev" : 46419.425105,
          "percentile" : {
            "1.000000" : 138240,
            "5.000000" : 152576,
            "10.000000" : 177152,
            "20.000000" : 195584,
            "30.000000" : 199680,
            "40.000000" : 201728,
            "50.000000" : 205824,
            "60.000000" : 209920,
            "70.000000" : 211968,
            "80.000000" : 216064,
            "90.000000" : 222208,
            "95.000000" : 232448,
            "99.000000" : 254976,
            "99.500000" : 268288,
            "99.900000" : 292864,
            "99.950000" : 309248,
            "99.990000" : 387072
          }
        },
        "lat_ns" : {
          "min" : 130261,
          "max" : 7821465,
          "mean" : 227265.803182,
          "stddev" : 46802.954631
        },
        "bw_min" : 344064,
        "bw_max" : 360192,
        "bw_agg" : 100.000000,
        "bw_mean" : 349063.111111,
        "bw_dev" : 4418.603695,
        "bw_samples" : 36,
        "iops_min" : 2688,
        "iops_max" : 2814,
        "iops_mean" : 2727.055556,
        "iops_stddev" : 34.520341,
        "iops_samples" : 36
      },
      "trim" : {
        "io_bytes" : 0,
        "io_kbytes" : 0,
        "bw_bytes" : 0,
        "bw" : 0,
        "iops" : 0.000000,
        "runtime" : 0,
        "total_ios" : 0,
        "short_ios" : 0,
        "drop_ios" : 0,
        "slat_ns" : {
          "min" : 0,
          "max" : 0,
          "mean" : 0.000000,
          "stddev" : 0.000000
        },
        "clat_ns" : {
          "min" : 0,
          "max" : 0,
          "mean" : 0.000000,
          "stddev" : 0.000000,
          "percentile" : {
            "1.000000" : 0,
            "5.000000" : 0,
            "10.000000" : 0,
            "20.000000" : 0,
            "30.000000" : 0,
            "40.000000" : 0,
            "50.000000" : 0,
            "60.000000" : 0,
            "70.000000" : 0,
            "80.000000" : 0,
            "90.000000" : 0,
            "95.000000" : 0,
            "99.000000" : 0,
            "99.500000" : 0,
            "99.900000" : 0,
            "99.950000" : 0,
            "99.990000" : 0
          }
        },
        "lat_ns" : {
          "min" : 0,
          "max" : 0,
          "mean" : 0.000000,
          "stddev" : 0.000000
        },
        "bw_min" : 0,
        "bw_max" : 0,
        "bw_agg" : 0.000000,
        "bw_mean" : 0.000000,
        "bw_dev" : 0.000000,
        "bw_samples" : 0,
        "iops_min" : 0,
        "iops_max" : 0,
        "iops_mean" : 0.000000,
        "iops_stddev" : 0.000000,
        "iops_samples" : 0
      },
      "sync" : {
        "lat_ns" : {
          "min" : 1019,
          "max" : 30482,
          "mean" : 1626.047557,
          "stddev" : 1304.280505,
          "percentile" : {
            "1.000000" : 1256,
            "5.000000" : 1288,
            "10.000000" : 1304,
            "20.000000" : 1336,
            "30.000000" : 1352,
            "40.000000" : 1368,
            "50.000000" : 1448,
            "60.000000" : 1720,
            "70.000000" : 1752,
            "80.000000" : 1768,
            "90.000000" : 1784,
            "95.000000" : 1800,
            "99.000000" : 1848,
            "99.500000" : 10304,
            "99.900000" : 23936,
            "99.950000" : 30592,
            "99.990000" : 30592
          }
        },
        "total_ios" : 1535
      },
      "job_runtime" : 18023,
      "usr_cpu" : 3.689730,
      "sys_cpu" : 5.875825,
      "ctx" : 52978,
      "majf" : 0,
      "minf" : 11,
      "iodepth_level" : {
        "1" : 103.122965,
        "2" : 0.000000,
        "4" : 0.000000,
        "8" : 0.000000,
        "16" : 0.000000,
        "32" : 0.000000,
        ">=64" : 0.000000
      },
      "iodepth_submit" : {
        "0" : 0.000000,
        "4" : 100.000000,
        "8" : 0.000000,
        "16" : 0.000000,
        "32" : 0.000000,
        "64" : 0.000000,
        ">=64" : 0.000000
      },
      "iodepth_complete" : {
        "0" : 0.000000,
        "4" : 100.000000,
        "8" : 0.000000,
        "16" : 0.000000,
        "32" : 0.000000,
        "64" : 0.000000,
        ">=64" : 0.000000
      },
      "latency_ns" : {
        "2" : 0.000000,
        "4" : 0.000000,
        "10" : 0.000000,
        "20" : 0.000000,
        "50" : 0.000000,
        "100" : 0.000000,
        "250" : 0.000000,
        "500" : 0.000000,
        "750" : 0.000000,
        "1000" : 0.000000
      },
      "latency_us" : {
        "2" : 0.000000,
        "4" : 0.000000,
        "10" : 0.000000,
        "20" : 0.000000,
        "50" : 0.010000,
        "100" : 0.024414,
        "250" : 98.693848,
        "500" : 1.271566,
        "750" : 0.000000,
        "1000" : 0.010000
      },
      "latency_ms" : {
        "2" : 0.000000,
        "4" : 0.010000,
        "10" : 0.010000,
        "20" : 0.000000,
        "50" : 0.000000,
        "100" : 0.000000,
        "250" : 0.000000,
        "500" : 0.000000,
        "750" : 0.000000,
        "1000" : 0.000000,
        "2000" : 0.000000,
        ">=2000" : 0.000000
      },
      "latency_depth" : 1,
      "latency_target" : 0,
      "latency_percentile" : 100.000000,
      "latency_window" : 0
    }
  ],
  "disk_util" : [
    {
      "name" : "vdb",
      "read_ios" : 0,
      "write_ios" : 50324,
      "read_merges" : 0,
      "write_merges" : 0,
      "read_ticks" : 0,
      "write_ticks" : 16392,
      "in_queue" : 16,