{
  "fio version" : "fio-3.13",
  "timestamp" : 1567354673,
  "timestamp_ms" : 1567354673998,
  "time" : "Sun Sep  1 16:17:53 2019",
  "jobs" : [
    {
      "jobname" : "rand-write-128k",
      "groupid" : 0,
      "error" : 0,
      "eta" : 0,
      "elapsed" : 31,
      "job options" : {
        "runtime" : "30",
        "bs" : "128k",
        "rw" : "randwrite",
        "direct" : "1",
        "randrepeat" : "0",
        "ioengine" : "libaio",
        "iodepth" : "32",
        "fsync" : "32",
        "filename" : "/dev/vdb"
      },
      "read" : {
        "io_bytes" : 0,
        "io_kbytes" : 0,
        "bw_bytes" : 0,
        "bw" : 0,
        "iops" : 0.000000,
        "runtime" : 0,
        "total_ios" : 0,
        "short_ios" : 0,
        "drop_ios" : 0,
        "slat_ns" : {
          "min" : 0,
          "max" : 0,
          "mean" : 0.000000,
          "stddev" : 0.000000
        },
        "clat_ns" : {
          "min" : 0,
          "max" : 0,
          "mean" : 0.000000,
          "stddev" : 0.000000,
          "percentile" : {
            "1.000000" : 0,
            "5.000000" : 0,
            "10.000000" : 0,
            "20.000000" : 0,
            "30.000000" : 0,
            "40.000000" : 0,
            "50.000000" : 0,
            "60.000000" : 0,
            "70.000000" : 0,
            "80.000000" : 0,
            "90.000000" : 0,
            "95.000000" : 0,
            "99.000000" : 0,
            "99.500000" : 0,
            "99.900000" : 0,
            "99.950000" : 0,
            "99.990000" : 0
          }
        },
        "lat_ns" : {
          "min" : 0,
          "max" : 0,
          "mean" : 0.000000,
          "stddev" : 0.000000
        },
        "bw_min" : 0,
        "bw_max" : 0,
        "bw_agg" : 0.000000,
        "bw_mean" : 0.000000,
        "bw_dev" : 0.000000,
        "bw_samples" : 0,
        "iops_min" : 0,
        "iops_max" : 0,
        "iops_mean" : 0.000000,
        "iops_stddev" : 0.000000,
        "iops_samples" : 0
      },
      "write" : {
        "io_bytes" : 54773415936,
        "io_kbytes" : 53489664,
        "bw_bytes" : 1825658820,
        "bw" : 1782869,
        "iops" : 13928.671422,
        "runtime" : 30002,
        "total_ios" : 417888,
        "short_ios" : 0,
        "drop_ios" : 0,
        "slat_ns" : {
          "min" : 7118,
          "max" : 421421,
          "mean" : 28760.065946,
          "stddev" : 16299.216200
        },
        "clat_ns" : {
          "min" : 435591,
          "max" : 13444028,
          "mean" : 2226729.116500,
          "stddev" : 424369.846062,
          "percentile" : {
            "1.000000" : 970752,
            "5.000000" : 1744896,
            "10.000000" : 1875968,
            "20.000000" : 1941504,
            "30.000000" : 1974272,
            "40.000000" : 2023424,
            "50.000000" : 2146304,
            "60.000000" : 2342912,
            "70.000000" : 2539520,
            "80.000000" : 2605056,
            "90.000000" : 2670592,
            "95.000000" : 2768896,
            "99.000000" : 3096576,
            "99.500000" : 3194880,
            "99.900000" : 3751936,
            "99.950000" : 4145152,
            "99.990000" : 11599872
          }
        },
        "lat_ns" : {
          "min" : 451034,
          "max" : 13494076,
          "mean" : 2255716.304450,
          "stddev" : 423950.439711
        },
        "bw_min" : 1515520,
        "bw_max" : 2230784,
        "bw_agg" : 99.988909,
        "bw_mean" : 1782671.266667,
        "bw_dev" : 179616.744056,
        "bw_samples" : 60,
        "iops_min" : 11840,
        "iops_max" : 17428,
        "iops_mean" : 13927.100000,
        "iops_stddev" : 1403.249723,
        "iops_samples" : 60
      },
      "trim" : {
        "io_bytes" : 0,
        "io_kbytes" : 0,
        "bw_bytes" : 0,
        "bw" : 0,
        "iops" : 0.000000,
        "runtime" : 0,
        "total_ios" : 0,
        "short_ios" : 0,
        "drop_ios" : 0,
        "slat_ns" : {
          "min" : 0,
          "max" : 0,
          "mean" : 0.000000,
          "stddev" : 0.000000
        },
        "clat_ns" : {
          "min" : 0,
          "max" : 0,
          "mean" : 0.000000,
          "stddev" : 0.000000,
          "percentile" : {
            "1.000000" : 0,
            "5.000000" : 0,
            "10.000000" : 0,
            "20.000000" : 0,
            "30.000000" : 0,
            "40.000000" : 0,
            "50.000000" : 0,
            "60.000000" : 0,
            "70.000000" : 0,
            "80.000000" : 0,
            "90.000000" : 0,
            "95.000000" : 0,
            "99.000000" : 0,
            "99.500000" : 0,
            "99.900000" : 0,
            "99.950000" : 0,
            "99.990000" : 0
          }
        },
        "lat_ns" : {
          "min" : 0,
          "max" : 0,
          "mean" : 0.000000,
          "stddev" : 0.000000
        },
        "bw_min" : 0,
        "bw_max" : 0,
        "bw_agg" : 0.000000,
        "bw_mean" : 0.000000,
        "bw_dev" : 0.000000,
        "bw_samples" : 0,
        "iops_min" : 0,
        "iops_max" : 0,
        "iops_mean" : 0.000000,
        "iops_stddev" : 0.000000,
        "iops_samples" : 0
      },
      "sync" : {
        "lat_ns" : {
          "min" : 155,
          "max" : 31183,
          "mean" : 609.684049,
          "stddev" : 420.469291,
          "percentile" : {
            "1.000000" : 350,
            "5.000000" : 516,
            "10.000000" : 524,
            "20.000000" : 532,
            "30.000000" : 540,
            "40.000000" : 556,
            "50.000000" : 588,
            "60.000000" : 620,
            "70.000000" : 644,
            "80.000000" : 676,
            "90.000000" : 724,
            "95.000000" : 748,
            "99.000000" : 820,
            "99.500000" : 876,
            "99.900000" : 1272,
            "99.950000" : 4192,
            "99.990000" : 26496
          }
        },
        "total_ios" : 13059
      },
      "job_runtime" : 30001,
      "usr_cpu" : 21.202627,
      "sys_cpu" : 23.715876,
      "ctx" : 13755,
      "majf" : 0,
      "minf" : 11,
      "iodepth_level" : {
        "1" : 0.100000,
        "2" : 0.100000,
        "4" : 0.100000,
        "8" : 0.100000,
        "16" : 0.100000,
        "32" : 103.117582,
        ">=64" : 0.000000
      },
      "iodepth_submit" : {
        "0" : 0.000000,
        "4" : 100.000000,
        "8" : 0.000000,
        "16" : 0.000000,
        "32" : 0.000000,
        "64" : 0.000000,
        ">=64" : 0.000000
      },
      "iodepth_complete" : {
        "0" : 0.000000,
        "4" : 99.999761,
        "8" : 0.000000,
        "16" : 0.000000,
        "32" : 0.100000,
        "64" : 0.000000,
        ">=64" : 0.000000
      },
      "latency_ns" : {
        "2" : 0.000000,
        "4" : 0.000000,
        "10" : 0.000000,
        "20" : 0.000000,
        "50" : 0.000000,
        "100" : 0.000000,
        "250" : 0.000000,
        "500" : 0.000000,
        "750" : 0.000000,
        "1000" : 0.000000
      },
      "latency_us" : {
        "2" : 0.000000,
        "4" : 0.000000,
        "10" : 0.000000,
        "20" : 0.000000,
        "50" : 0.000000,
        "100" : 0.000000,
        "250" : 0.000000,
        "500" : 0.019622,
        "750" : 0.120128,
        "1000" : 1.839967
      },
      "latency_ms" : {
        "2" : 33.213205,
        "4" : 64.731938,
        "10" : 0.060303,
        "20" : 0.014837,
        "50" : 0.000000,
        "100" : 0.000000,
        "250" : 0.000000,
        "500" : 0.000000,
        "750" : 0.000000,
        "1000" : 0.000000,
        "2000" : 0.000000,
        ">=2000" : 0.000000
      },
      "latency_depth" : 32,
      "latency_target" : 0,
      "latency_percentile" : 100.000000,
      "latency_window" : 0
    }
  ],
  "disk_util" : [
    {
      "name" : "vdb",
      "read_ios" : 0,
      "write_ios" : 1327748,
      "read_merges" : 0,
      "write_merges" : 0,
      "read_ticks" : 0,
      "write_ticks" : 1567932,