{
  "fio version" : "fio-3.13",
  "timestamp" : 1580064455,
  "timestamp_ms" : 1580064455143,
  "time" : "Sun Jan 26 18:47:35 2020",
  "jobs" : [
    {
      "jobname" : "rand-write-128k",
      "groupid" : 0,
      "error" : 0,
      "eta" : 0,
      "elapsed" : 31,
      "job options" : {
        "runtime" : "30",
        "bs" : "128k",
        "rw" : "randwrite",
        "direct" : "1",
        "randrepeat" : "0",
        "ioengine" : "libaio",
        "iodepth" : "32",
        "fsync" : "32",
        "filename" : "/dev/vdb"
      },
      "read" : {
        "io_bytes" : 0,
        "io_kbytes" : 0,
        "bw_bytes" : 0,
        "bw" : 0,
        "iops" : 0.000000,
        "runtime" : 0,
        "total_ios" : 0,
        "short_ios" : 0,
        "drop_ios" : 0,
        "slat_ns" : {
          "min" : 0,
          "max" : 0,
          "mean" : 0.000000,
          "stddev" : 0.000000
        },
        "clat_ns" : {
          "min" : 0,
          "max" : 0,
          "mean" : 0.000000,
          "stddev" : 0.000000,
          "percentile" : {
            "1.000000" : 0,
            "5.000000" : 0,
            "10.000000" : 0,
            "20.000000" : 0,
            "30.000000" : 0,
            "40.000000" : 0,
            "50.000000" : 0,
            "60.000000" : 0,
            "70.000000" : 0,
            "80.000000" : 0,
            "90.000000" : 0,
            "95.000000" : 0,
            "99.000000" : 0,
            "99.500000" : 0,
            "99.900000" : 0,
            "99.950000" : 0,
            "99.990000" : 0
          }
        },
        "lat_ns" : {
          "min" : 0,
          "max" : 0,
          "mean" : 0.000000,
          "stddev" : 0.000000
        },
        "bw_min" : 0,
        "bw_max" : 0,
        "bw_agg" : 0.000000,
        "bw_mean" : 0.000000,
        "bw_dev" : 0.000000,
        "bw_samples" : 0,
        "iops_min" : 0,
        "iops_max" : 0,
        "iops_mean" : 0.000000,
        "iops_stddev" : 0.000000,
        "iops_samples" : 0
      },
      "write" : {
        "io_bytes" : 47969075200,
        "io_kbytes" : 46844800,
        "bw_bytes" : 1598862582,
        "bw" : 1561389,
        "iops" : 12198.353443,
        "runtime" : 30002,
        "total_ios" : 365975,
        "short_ios" : 0,
        "drop_ios" : 0,
        "slat_ns" : {
          "min" : 16264,
          "max" : 209610,
          "mean" : 35103.494080,
          "stddev" : 18873.500827
        },
        "clat_ns" : {
          "min" : 921865,
          "max" : 4258967,
          "mean" : 2576313.746291,
          "stddev" : 301900.794202,
          "percentile" : {
            "1.000000" : 1974272,
            "5.000000" : 2023424,
            "10.000000" : 2146304,
            "20.000000" : 2408448,
            "30.000000" : 2473984,
            "40.000000" : 2506752,
            "50.000000" : 2539520,
            "60.000000" : 2572288,
            "70.000000" : 2637824,
            "80.000000" : 2768896,
            "90.000000" : 3031040,
            "95.000000" : 3096576,
            "99.000000" : 3358720,
            "99.500000" : 3686400,
            "99.900000" : 3883008,
            "99.950000" : 3915776,
            "99.990000" : 4014080
          }
        },
        "lat_ns" : {
          "min" : 951353,
          "max" : 4290158,
          "mean" : 2611596.280235,
          "stddev" : 302864.995286
        },
        "bw_min" : 1308672,
        "bw_max" : 1775872,
        "bw_agg" : 99.991489,
        "bw_mean" : 1561256.116667,
        "bw_dev" : 117756.358332,
        "bw_samples" : 60,
        "iops_min" : 10224,
        "iops_max" : 13874,
        "iops_mean" : 12197.300000,
        "iops_stddev" : 919.978469,
        "iops_samples" : 60
      },
      "trim" : {
        "io_bytes" : 0,
        "io_kbytes" : 0,
        "bw_bytes" : 0,
        "bw" : 0,
        "iops" : 0.000000,
        "runtime" : 0,
        "total_ios" : 0,
        "short_ios" : 0,
        "drop_ios" : 0,
        "slat_ns" : {
          "min" : 0,
          "max" : 0,
          "mean" : 0.000000,
          "stddev" : 0.000000
        },
        "clat_ns" : {
          "min" : 0,
          "max" : 0,
          "mean" : 0.000000,
          "stddev" : 0.000000,
          "percentile" : {
            "1.000000" : 0,
            "5.000000" : 0,
            "10.000000" : 0,
            "20.000000" : 0,
            "30.000000" : 0,
            "40.000000" : 0,
            "50.000000" : 0,
            "60.000000" : 0,
            "70.000000" : 0,
            "80.000000" : 0,
            "90.000000" : 0,
            "95.000000" : 0,
            "99.000000" : 0,
            "99.500000" : 0,
            "99.900000" : 0,
            "99.950000" : 0,
            "99.990000" : 0
          }
        },
        "lat_ns" : {
          "min" : 0,
          "max" : 0,
          "mean" : 0.000000,
          "stddev" : 0.000000
        },
        "bw_min" : 0,
        "bw_max" : 0,
        "bw_agg" : 0.000000,
        "bw_mean" : 0.000000,
        "bw_dev" : 0.000000,
        "bw_samples" : 0,
        "iops_min" : 0,
        "iops_max" : 0,
        "iops_mean" : 0.000000,
        "iops_stddev" : 0.000000,
        "iops_samples" : 0
      },
      "sync" : {
        "lat_ns" : {
          "min" : 182,
          "max" : 20250,
          "mean" : 518.849685,
          "stddev" : 256.694968,
          "percentile" : {
            "1.000000" : 310,
            "5.000000" : 378,
            "10.000000" : 406,
            "20.000000" : 438,
            "30.000000" : 466,
            "40.000000" : 494,
            "50.000000" : 516,
            "60.000000" : 540,
            "70.000000" : 564,
            "80.000000" : 588,
            "90.000000" : 636,
            "95.000000" : 660,
            "99.000000" : 708,
            "99.500000" : 732,
            "99.900000" : 1208,
            "99.950000" : 1304,
            "99.990000" : 16768
          }
        },
        "total_ios" : 11436
      },
      "job_runtime" : 30001,
      "usr_cpu" : 17.899403,
      "sys_cpu" : 31.528949,
      "ctx" : 23596,
      "majf" : 0,
      "minf" : 10,
      "iodepth_level" : {
        "1" : 0.100000,
        "2" : 0.100000,
        "4" : 0.100000,
        "8" : 0.100000,
        "16" : 0.100000,
        "32" : 103.116333,
        ">=64" : 0.000000
      },
      "iodepth_submit" : {
        "0" : 0.000000,
        "4" : 100.000000,
        "8" : 0.000000,
        "16" : 0.000000,
        "32" : 0.000000,
        "64" : 0.000000,
        ">=64" : 0.000000
      },
      "iodepth_complete" : {
        "0" : 0.000000,
        "4" : 99.999727,
        "8" : 0.000000,
        "16" : 0.000000,
        "32" : 0.100000,
        "64" : 0.000000,
        ">=64" : 0.000000
      },
      "latency_ns" : {
        "2" : 0.000000,
        "4" : 0.000000,
        "10" : 0.000000,
        "20" : 0.000000,
        "50" : 0.000000,
        "100" : 0.000000,
        "250" : 0.000000,
        "500" : 0.000000,
        "750" : 0.000000,
        "1000" : 0.000000
      },
      "latency_us" : {
        "2" : 0.000000,
        "4" : 0.000000,
        "10" : 0.000000,
        "20" : 0.000000,
        "50" : 0.000000,
        "100" : 0.000000,
        "250" : 0.000000,
        "500" : 0.000000,
        "750" : 0.000000,
        "1000" : 0.010000
      },
      "latency_ms" : {
        "2" : 2.049867,
        "4" : 97.939750,
        "10" : 0.010110,
        "20" : 0.000000,
        "50" : 0.000000,
        "100" : 0.000000,
        "250" : 0.000000,
        "500" : 0.000000,
        "750" : 0.000000,
        "1000" : 0.000000,
        "2000" : 0.000000,
        ">=2000" : 0.000000
      },
      "latency_depth" : 32,
      "latency_target" : 0,
      "latency_percentile" : 100.000000,
      "latency_window" : 0
    }
  ],
  "disk_util" : [
    {
      "name" : "vdb",
      "read_ios" : 0,
      "write_ios" : 1219992,
      "read_merges" : 0,
      "write_merges" : 0,
      "read_ticks" : 0,
      "write_ticks" : 1648100,