{
  "fio version" : "fio-3.13",
  "timestamp" : 1580064814,
  "timestamp_ms" : 1580064814008,
  "time" : "Sun Jan 26 18:53:34 2020",
  "jobs" : [
    {
      "jobname" : "rand-write-128k-qd1",
      "groupid" : 0,
      "error" : 0,
      "eta" : 0,
      "elapsed" : 31,
      "job options" : {
        "runtime" : "30",
        "bs" : "128k",
        "rw" : "randwrite",
        "direct" : "1",
        "randrepeat" : "0",
        "ioengine" : "libaio",
        "iodepth" : "1",
        "fsync" : "32",
        "filename" : "/dev/vdb"
      },
      "read" : {
        "io_bytes" : 0,
        "io_kbytes" : 0,
        "bw_bytes" : 0,
        "bw" : 0,
        "iops" : 0.000000,
        "runtime" : 0,
        "total_ios" : 0,
        "short_ios" : 0,
        "drop_ios" : 0,
        "slat_ns" : {
          "min" : 0,
          "max" : 0,
          "mean" : 0.000000,
          "stddev" : 0.000000
        },
        "clat_ns" : {
          "min" : 0,
          "max" : 0,
          "mean" : 0.000000,
          "stddev" : 0.000000,
          "percentile" : {
            "1.000000" : 0,
            "5.000000" : 0,
            "10.000000" : 0,
            "20.000000" : 0,
            "30.000000" : 0,
            "40.000000" : 0,
            "50.000000" : 0,
            "60.000000" : 0,
            "70.000000" : 0,
            "80.000000" : 0,
            "90.000000" : 0,
            "95.000000" : 0,
            "99.000000" : 0,
            "99.500000" : 0,
            "99.900000" : 0,
            "99.950000" : 0,
            "99.990000" : 0
          }
        },
        "lat_ns" : {
          "min" : 0,
          "max" : 0,
          "mean" : 0.000000,
          "stddev" : 0.000000
        },
        "bw_min" : 0,
        "bw_max" : 0,
        "bw_agg" : 0.000000,
        "bw_mean" : 0.000000,
        "bw_dev" : 0.000000,
        "bw_samples" : 0,
        "iops_min" : 0,
        "iops_max" : 0,
        "iops_mean" : 0.000000,
        "iops_stddev" : 0.000000,
        "iops_samples" : 0
      },
      "write" : {
        "io_bytes" : 8769372160,
        "io_kbytes" : 8563840,
        "bw_bytes" : 292302661,
        "bw" : 285451,
        "iops" : 2230.092330,
        "runtime" : 30001,
        "total_ios" : 66905,
        "short_ios" : 0,
        "drop_ios" : 0,
        "slat_ns" : {
          "min" : 18448,
          "max" : 192919,
          "mean" : 32359.617891,
          "stddev" : 8686.924521
        },
        "clat_ns" : {
          "min" : 106682,
          "max" : 3823332,
          "mean" : 278718.463433,
          "stddev" : 26241.981055,
          "percentile" : {
            "1.000000" : 191488,
            "5.000000" : 246784,
            "10.000000" : 257024,
            "20.000000" : 264192,
            "30.000000" : 268288,
            "40.000000" : 276480,
            "50.000000" : 280576,
            "60.000000" : 284672,
            "70.000000" : 288768,
            "80.000000" : 292864,
            "90.000000" : 301056,
            "95.000000" : 309248,
            "99.000000" : 329728,
            "99.500000" : 337920,
            "99.900000" : 370688,
            "99.950000" : 382976,
            "99.990000" : 423936
          }
        },
        "lat_ns" : {
          "min" : 170371,
          "max" : 3937635,
          "mean" : 312219.197265,
          "stddev" : 28324.819197
        },
        "bw_min" : 270336,
        "bw_max" : 293120,
        "bw_agg" : 99.958145,
        "bw_mean" : 285331.525424,
        "bw_dev" : 6634.099293,
        "bw_samples" : 59,
        "iops_min" : 2112,
        "iops_max" : 2290,
        "iops_mean" : 2229.152542,
        "iops_stddev" : 51.828901,
        "iops_samples" : 59
      },
      "trim" : {
        "io_bytes" : 0,
        "io_kbytes" : 0,
        "bw_bytes" : 0,
        "bw" : 0,
        "iops" : 0.000000,
        "runtime" : 0,
        "total_ios" : 0,
        "short_ios" : 0,
        "drop_ios" : 0,
        "slat_ns" : {
          "min" : 0,
          "max" : 0,
          "mean" : 0.000000,
          "stddev" : 0.000000
        },
        "clat_ns" : {
          "min" : 0,
          "max" : 0,
          "mean" : 0.000000,
          "stddev" : 0.000000,
          "percentile" : {
            "1.000000" : 0,
            "5.000000" : 0,
            "10.000000" : 0,
            "20.000000" : 0,
            "30.000000" : 0,
            "40.000000" : 0,
            "50.000000" : 0,
            "60.000000" : 0,
            "70.000000" : 0,
            "80.000000" : 0,
            "90.000000" : 0,
            "95.000000" : 0,
            "99.000000" : 0,
            "99.500000" : 0,
            "99.900000" : 0,
            "99.950000" : 0,
            "99.990000" : 0
          }
        },
        "lat_ns" : {
          "min" : 0,
          "max" : 0,
          "mean" : 0.000000,
          "stddev" : 0.000000
        },
        "bw_min" : 0,
        "bw_max" : 0,
        "bw_agg" : 0.000000,
        "bw_mean" : 0.000000,
        "bw_dev" : 0.000000,
        "bw_samples" : 0,
        "iops_min" : 0,
        "iops_max" : 0,
        "iops_mean" : 0.000000,
        "iops_stddev" : 0.000000,
        "iops_samples" : 0
      },
      "sync" : {
        "lat_ns" : {
          "min" : 1145,
          "max" : 26897,
          "mean" : 1585.643062,
          "stddev" : 645.848411,
          "percentile" : {
            "1.000000" : 1176,
            "5.000000" : 1224,
            "10.000000" : 1256,
            "20.000000" : 1304,
            "30.000000" : 1352,
            "40.000000" : 1416,
            "50.000000" : 1448,
            "60.000000" : 1496,
            "70.000000" : 1560,
            "80.000000" : 2064,
            "90.000000" : 2096,
            "95.000000" : 2128,
            "99.000000" : 2224,
            "99.500000" : 2256,
            "99.900000" : 2384,
            "99.950000" : 3280,
            "99.990000" : 27008
          }
        },
        "total_ios" : 2090
      },
      "job_runtime" : 30000,
      "usr_cpu" : 5.333333,
      "sys_cpu" : 5.993333,
      "ctx" : 69736,
      "majf" : 0,
      "minf" : 12,
      "iodepth_level" : {
        "1" : 103.123832,
        "2" : 0.000000,
        "4" : 0.000000,
        "8" : 0.000000,
        "16" : 0.000000,
        "32" : 0.000000,
        ">=64" : 0.000000
      },
      "iodepth_submit" : {
        "0" : 0.000000,
        "4" : 100.000000,
        "8" : 0.000000,
        "16" : 0.000000,
        "32" : 0.000000,
        "64" : 0.000000,
        ">=64" : 0.000000
      },
      "iodepth_complete" : {
        "0" : 0.000000,
        "4" : 100.000000,
        "8" : 0.000000,
        "16" : 0.000000,
        "32" : 0.000000,
        "64" : 0.000000,
        ">=64" : 0.000000
      },
      "latency_ns" : {
        "2" : 0.000000,
        "4" : 0.000000,
        "10" : 0.000000,
        "20" : 0.000000,
        "50" : 0.000000,
        "100" : 0.000000,
        "250" : 0.000000,
        "500" : 0.000000,
        "750" : 0.000000,
        "1000" : 0.000000
      },
      "latency_us" : {
        "2" : 0.000000,
        "4" : 0.000000,
        "10" : 0.000000,
        "20" : 0.000000,
        "50" : 0.000000,
        "100" : 0.000000,
        "250" : 5.458486,
        "500" : 94.537030,
        "750" : 0.010000,
        "1000" : 0.010000
      },
      "latency_ms" : {
        "2" : 0.000000,
        "4" : 0.010000,
        "10" : 0.000000,
        "20" : 0.000000,
        "50" : 0.000000,
        "100" : 0.000000,
        "250" : 0.000000,
        "500" : 0.000000,
        "750" : 0.000000,
        "1000" : 0.000000,
        "2000" : 0.000000,
        ">=2000" : 0.000000
      },
      "latency_depth" : 1,
      "latency_target" : 0,
      "latency_percentile" : 100.000000,
      "latency_window" : 0
    }
  ],
  "disk_util" : [
    {
      "name" : "vdb",
      "read_ios" : 0,
      "write_ios" : 68750,
      "read_merges" : 0,
      "write_merges" : 0,
      "read_ticks" : 0,
      "write_ticks" : 27748,
      "in_queue" : 0,