{
  "fio version" : "fio-3.13",
  "timestamp" : 1580064331,
  "timestamp_ms" : 1580064331372,
  "time" : "Sun Jan 26 18:45:31 2020",
  "jobs" : [
    {
      "jobname" : "rand-write-4k",
      "groupid" : 0,
      "error" : 0,
      "eta" : 0,
      "elapsed" : 31,
      "job options" : {
        "runtime" : "30",
        "bs" : "4k",
        "rw" : "randwrite",
        "direct" : "1",
        "randrepeat" : "0",
        "ioengine" : "libaio",
        "iodepth" : "32",
        "fsync" : "32",
        "filename" : "/dev/vdb"
      },
      "read" : {
        "io_bytes" : 0,
        "io_kbytes" : 0,
        "bw_bytes" : 0,
        "bw" : 0,
        "iops" : 0.000000,
        "runtime" : 0,
        "total_ios" : 0,
        "short_ios" : 0,
        "drop_ios" : 0,
        "slat_ns" : {
          "min" : 0,
          "max" : 0,
          "mean" : 0.000000,
          "stddev" : 0.000000
        },
        "clat_ns" : {
          "min" : 0,
          "max" : 0,
          "mean" : 0.000000,
          "stddev" : 0.000000,
          "percentile" : {
            "1.000000" : 0,
            "5.000000" : 0,
            "10.000000" : 0,
            "20.000000" : 0,
            "30.000000" : 0,
            "40.000000" : 0,
            "50.000000" : 0,
            "60.000000" : 0,
            "70.000000" : 0,
            "80.000000" : 0,
            "90.000000" : 0,
            "95.000000" : 0,
            "99.000000" : 0,
            "99.500000" : 0,
            "99.900000" : 0,
            "99.950000" : 0,
            "99.990000" : 0
          }
        },
        "lat_ns" : {
          "min" : 0,
          "max" : 0,
          "mean" : 0.000000,
          "stddev" : 0.000000
        },
        "bw_min" : 0,
        "bw_max" : 0,
        "bw_agg" : 0.000000,
        "bw_mean" : 0.000000,
        "bw_dev" : 0.000000,
        "bw_samples" : 0,
        "iops_min" : 0,
        "iops_max" : 0,
        "iops_mean" : 0.000000,
        "iops_stddev" : 0.000000,
        "iops_samples" : 0
      },
      "write" : {
        "io_bytes" : 11545632768,
        "io_kbytes" : 11275032,
        "bw_bytes" : 384841597,
        "bw" : 375821,
        "iops" : 93955.468151,
        "runtime" : 30001,
        "total_ios" : 2818758,
        "short_ios" : 0,
        "drop_ios" : 0,
        "slat_ns" : {
          "min" : 4417,
          "max" : 2155657,
          "mean" : 8489.521943,
          "stddev" : 2683.564371
        },
        "clat_ns" : {
          "min" : 29283,
          "max" : 3083102,
          "mean" : 330486.077735,
          "stddev" : 27485.944082,
          "percentile" : {
            "1.000000" : 288768,
            "5.000000" : 309248,
            "10.000000" : 317440,
            "20.000000" : 321536,
            "30.000000" : 321536,
            "40.000000" : 325632,
            "50.000000" : 329728,
            "60.000000" : 329728,
            "70.000000" : 333824,
            "80.000000" : 337920,
            "90.000000" : 342016,
            "95.000000" : 346112,
            "99.000000" : 440320,
            "99.500000" : 514048,
            "99.900000" : 675840,
            "99.950000" : 716800,
            "99.990000" : 774144
          }
        },
        "lat_ns" : {
          "min" : 36985,
          "max" : 3088677,
          "mean" : 339034.087456,
          "stddev" : 27851.289926
        },
        "bw_min" : 355656,
        "bw_max" : 381200,
        "bw_agg" : 99.978380,
        "bw_mean" : 375739.745763,
        "bw_dev" : 5389.314804,
        "bw_samples" : 59,
        "iops_min" : 88914,
        "iops_max" : 95300,
        "iops_mean" : 93935.593220,
        "iops_stddev" : 1346.616093,
        "iops_samples" : 59
      },
      "trim" : {
        "io_bytes" : 0,
        "io_kbytes" : 0,
        "bw_bytes" : 0,
        "bw" : 0,
        "iops" : 0.000000,
        "runtime" : 0,
        "total_ios" : 0,
        "short_ios" : 0,
        "drop_ios" : 0,
        "slat_ns" : {
          "min" : 0,
          "max" : 0,
          "mean" : 0.000000,
          "stddev" : 0.000000
        },
        "clat_ns" : {
          "min" : 0,
          "max" : 0,
          "mean" : 0.000000,
          "stddev" : 0.000000,
          "percentile" : {
            "1.000000" : 0,
            "5.000000" : 0,
            "10.000000" : 0,
            "20.000000" : 0,
            "30.000000" : 0,
            "40.000000" : 0,
            "50.000000" : 0,
            "60.000000" : 0,
            "70.000000" : 0,
            "80.000000" : 0,
            "90.000000" : 0,
            "95.000000" : 0,
            "99.000000" : 0,
            "99.500000" : 0,
            "99.900000" : 0,
            "99.950000" : 0,
            "99.990000" : 0
          }
        },
        "lat_ns" : {
          "min" : 0,
          "max" : 0,
          "mean" : 0.000000,
          "stddev" : 0.000000
        },
        "bw_min" : 0,
        "bw_max" : 0,
        "bw_agg" : 0.000000,
        "bw_mean" : 0.000000,
        "bw_dev" : 0.000000,
        "bw_samples" : 0,
        "iops_min" : 0,
        "iops_max" : 0,
        "iops_mean" : 0.000000,
        "iops_stddev" : 0.000000,
        "iops_samples" : 0
      },
      "sync" : {
        "lat_ns" : {
          "min" : 25,
          "max" : 5672,
          "mean" : 53.827691,
          "stddev" : 53.692961,
          "percentile" : {
            "1.000000" : 43,
            "5.000000" : 44,
            "10.000000" : 45,
            "20.000000" : 46,
            "30.000000" : 47,
            "40.000000" : 49,
            "50.000000" : 50,
            "60.000000" : 52,
            "70.000000" : 52,
            "80.000000" : 53,
            "90.000000" : 55,
            "95.000000" : 59,
            "99.000000" : 126,
            "99.500000" : 179,
            "99.900000" : 804,
            "99.950000" : 1096,
            "99.990000" : 1880
          }
        },
        "total_ios" : 88086
      },
      "job_runtime" : 30000,
      "usr_cpu" : 12.936667,
      "sys_cpu" : 80.540000,
      "ctx" : 89036,
      "majf" : 4,
      "minf" : 15,
      "iodepth_level" : {
        "1" : 0.100000,
        "2" : 0.100000,
        "4" : 0.100000,
        "8" : 0.100000,
        "16" : 0.100000,
        "32" : 103.123894,
        ">=64" : 0.000000
      },
      "iodepth_submit" : {
        "0" : 0.000000,
        "4" : 100.000000,
        "8" : 0.000000,
        "16" : 0.000000,
        "32" : 0.000000,
        "64" : 0.000000,
        ">=64" : 0.000000
      },
      "iodepth_complete" : {
        "0" : 0.000000,
        "4" : 99.999965,
        "8" : 0.000000,
        "16" : 0.000000,
        "32" : 0.100000,
        "64" : 0.000000,
        ">=64" : 0.000000
      },
      "latency_ns" : {
        "2" : 0.000000,
        "4" : 0.000000,
        "10" : 0.000000,
        "20" : 0.000000,
        "50" : 0.000000,
        "100" : 0.000000,
        "250" : 0.000000,
        "500" : 0.000000,
        "750" : 0.000000,
        "1000" : 0.000000
      },
      "latency_us" : {
        "2" : 0.000000,
        "4" : 0.000000,
        "10" : 0.000000,
        "20" : 0.000000,
        "50" : 0.010000,
        "100" : 0.010000,
        "250" : 0.010000,
        "500" : 99.443904,
        "750" : 0.531794,
        "1000" : 0.020044
      },
      "latency_ms" : {
        "2" : 0.000000,
        "4" : 0.010000,
        "10" : 0.000000,
        "20" : 0.000000,
        "50" : 0.000000,
        "100" : 0.000000,
        "250" : 0.000000,
        "500" : 0.000000,
        "750" : 0.000000,
        "1000" : 0.000000,
        "2000" : 0.000000,
        ">=2000" : 0.000000
      },
      "latency_depth" : 32,
      "latency_target" : 0,
      "latency_percentile" : 100.000000,
      "latency_window" : 0
    }
  ],
  "disk_util" : [
    {
      "name" : "vdb",
      "read_ios" : 0,
      "write_ios" : 2893741,
      "read_merges" : 0,
      "write_merges" : 0,
      "read_ticks" : 0,
      "write_ticks" : 39328,
      "in_queue" : 36284,