{
  "fio version" : "fio-3.13",
  "timestamp" : 1567464382,
  "timestamp_ms" : 1567464382208,
  "time" : "Mon Sep  2 22:46:22 2019",
  "jobs" : [
    {
      "jobname" : "rand-write-4k-qd1",
      "groupid" : 0,
      "error" : 0,
      "eta" : 0,
      "elapsed" : 31,
      "job options" : {
        "runtime" : "30",
        "bs" : "4k",
        "rw" : "randwrite",
        "direct" : "1",
        "randrepeat" : "0",
        "ioengine" : "libaio",
        "iodepth" : "1",
        "fsync" : "32",
        "filename" : "/dev/vdb"
      },
      "read" : {
        "io_bytes" : 0,
        "io_kbytes" : 0,
        "bw_bytes" : 0,
        "bw" : 0,
        "iops" : 0.000000,
        "runtime" : 0,
        "total_ios" : 0,
        "short_ios" : 0,
        "drop_ios" : 0,
        "slat_ns" : {
          "min" : 0,
          "max" : 0,
          "mean" : 0.000000,
          "stddev" : 0.000000
        },
        "clat_ns" : {
          "min" : 0,
          "max" : 0,
          "mean" : 0.000000,
          "stddev" : 0.000000,
          "percentile" : {
            "1.000000" : 0,
            "5.000000" : 0,
            "10.000000" : 0,
            "20.000000" : 0,
            "30.000000" : 0,
            "40.000000" : 0,
            "50.000000" : 0,
            "60.000000" : 0,
            "70.000000" : 0,
            "80.000000" : 0,
            "90.000000" : 0,
            "95.000000" : 0,
            "99.000000" : 0,
            "99.500000" : 0,
            "99.900000" : 0,
            "99.950000" : 0,
            "99.990000" : 0
          }
        },
        "lat_ns" : {
          "min" : 0,
          "max" : 0,
          "mean" : 0.000000,
          "stddev" : 0.000000
        },
        "bw_min" : 0,
        "bw_max" : 0,
        "bw_agg" : 0.000000,
        "bw_mean" : 0.000000,
        "bw_dev" : 0.000000,
        "bw_samples" : 0,
        "iops_min" : 0,
        "iops_max" : 0,
        "iops_mean" : 0.000000,
        "iops_stddev" : 0.000000,
        "iops_samples" : 0
      },
      "write" : {
        "io_bytes" : 2300837888,
        "io_kbytes" : 2246912,
        "bw_bytes" : 76692039,
        "bw" : 74894,
        "iops" : 18723.642545,
        "runtime" : 30001,
        "total_ios" : 561728,
        "short_ios" : 0,
        "drop_ios" : 0,
        "slat_ns" : {
          "min" : 6765,
          "max" : 145642,
          "mean" : 9923.441753,
          "stddev" : 2382.621744
        },
        "clat_ns" : {
          "min" : 569,
          "max" : 3517927,
          "mean" : 41197.209484,
          "stddev" : 6176.432855,
          "percentile" : {
            "1.000000" : 31616,
            "5.000000" : 33536,
            "10.000000" : 35584,
            "20.000000" : 38656,
            "30.000000" : 40192,
            "40.000000" : 41216,
            "50.000000" : 41728,
            "60.000000" : 42240,
            "70.000000" : 42752,
            "80.000000" : 43264,
            "90.000000" : 44288,
            "95.000000" : 45824,
            "99.000000" : 51968,
            "99.500000" : 56064,
            "99.900000" : 67072,
            "99.950000" : 75264,
            "99.990000" : 132096
          }
        },
        "lat_ns" : {
          "min" : 35858,
          "max" : 3527801,
          "mean" : 51228.470085,
          "stddev" : 6951.790640
        },
        "bw_min" : 72152,
        "bw_max" : 78624,
        "bw_agg" : 100.000000,
        "bw_mean" : 74894.254237,
        "bw_dev" : 1424.291458,
        "bw_samples" : 59,
        "iops_min" : 18038,
        "iops_max" : 19656,
        "iops_mean" : 18723.559322,
        "iops_stddev" : 356.078124,
        "iops_samples" : 59
      },
      "trim" : {
        "io_bytes" : 0,
        "io_kbytes" : 0,
        "bw_bytes" : 0,
        "bw" : 0,
        "iops" : 0.000000,
        "runtime" : 0,
        "total_ios" : 0,
        "short_ios" : 0,
        "drop_ios" : 0,
        "slat_ns" : {
          "min" : 0,
          "max" : 0,
          "mean" : 0.000000,
          "stddev" : 0.000000
        },
        "clat_ns" : {
          "min" : 0,
          "max" : 0,
          "mean" : 0.000000,
          "stddev" : 0.000000,
          "percentile" : {
            "1.000000" : 0,
            "5.000000" : 0,
            "10.000000" : 0,
            "20.000000" : 0,
            "30.000000" : 0,
            "40.000000" : 0,
            "50.000000" : 0,
            "60.000000" : 0,
            "70.000000" : 0,
            "80.000000" : 0,
            "90.000000" : 0,
            "95.000000" : 0,
            "99.000000" : 0,
            "99.500000" : 0,
            "99.900000" : 0,
            "99.950000" : 0,
            "99.990000" : 0
          }
        },
        "lat_ns" : {
          "min" : 0,
          "max" : 0,
          "mean" : 0.000000,
          "stddev" : 0.000000
        },
        "bw_min" : 0,
        "bw_max" : 0,
        "bw_agg" : 0.000000,
        "bw_mean" : 0.000000,
        "bw_dev" : 0.000000,
        "bw_samples" : 0,
        "iops_min" : 0,
        "iops_max" : 0,
        "iops_mean" : 0.000000,
        "iops_stddev" : 0.000000,
        "iops_samples" : 0
      },
      "sync" : {
        "lat_ns" : {
          "min" : 44,
          "max" : 15814,
          "mean" : 90.704267,
          "stddev" : 198.702406,
          "percentile" : {
            "1.000000" : 50,
            "5.000000" : 53,
            "10.000000" : 54,
            "20.000000" : 56,
            "30.000000" : 57,
            "40.000000" : 58,
            "50.000000" : 59,
            "60.000000" : 60,
            "70.000000" : 72,
            "80.000000" : 157,
            "90.000000" : 167,
            "95.000000" : 181,
            "99.000000" : 229,
            "99.500000" : 306,
            "99.900000" : 556,
            "99.950000" : 668,
            "99.990000" : 15680
          }
        },
        "total_ios" : 17553
      },
      "job_runtime" : 30000,
      "usr_cpu" : 5.400000,
      "sys_cpu" : 30.696667,
      "ctx" : 579600,
      "majf" : 5,
      "minf" : 18,
      "iodepth_level" : {
        "1" : 103.124822,
        "2" : 0.000000,
        "4" : 0.000000,
        "8" : 0.000000,
        "16" : 0.000000,
        "32" : 0.000000,
        ">=64" : 0.000000
      },
      "iodepth_submit" : {
        "0" : 0.000000,
        "4" : 100.000000,
        "8" : 0.000000,
        "16" : 0.000000,
        "32" : 0.000000,
        "64" : 0.000000,
        ">=64" : 0.000000
      },
      "iodepth_complete" : {
        "0" : 0.000000,
        "4" : 100.000000,
        "8" : 0.000000,
        "16" : 0.000000,
        "32" : 0.000000,
        "64" : 0.000000,
        ">=64" : 0.000000
      },
      "latency_ns" : {
        "2" : 0.000000,
        "4" : 0.000000,
        "10" : 0.000000,
        "20" : 0.000000,
        "50" : 0.000000,
        "100" : 0.000000,
        "250" : 0.000000,
        "500" : 0.000000,
        "750" : 0.010000,
        "1000" : 0.010000
      },
      "latency_us" : {
        "2" : 0.010000,
        "4" : 0.010000,
        "10" : 0.000000,
        "20" : 0.010000,
        "50" : 98.454768,
        "100" : 1.510518,
        "250" : 0.021185,
        "500" : 0.000000,
        "750" : 0.000000,
        "1000" : 0.000000
      },
      "latency_ms" : {
        "2" : 0.000000,
        "4" : 0.010000,
        "10" : 0.000000,
        "20" : 0.000000,
        "50" : 0.000000,
        "100" : 0.000000,
        "250" : 0.000000,
        "500" : 0.000000,
        "750" : 0.000000,
        "1000" : 0.000000,
        "2000" : 0.000000,
        ">=2000" : 0.000000
      },
      "latency_depth" : 1,
      "latency_target" : 0,
      "latency_percentile" : 100.000000,
      "latency_window" : 0
    }
  ],
  "disk_util" : [
    {
      "name" : "vdb",
      "read_ios" : 0,
      "write_ios" : 576712,
      "read_merges" : 0,
      "write_merges" : 0,
      "read_ticks" : 0,
      "write_ticks" : 18288,
      "in_queue" : 0,
      "util" : 0.000000
    }
  ]
}
