{
	"start":	{
		"connected":	[{
				"socket":	4,
				"local_host":	"169.254.0.2",
				"local_port":	42450,
				"remote_host":	"169.254.0.1",
				"remote_port":	5201
			}],
		"version":	"iperf 3.1.3",
		"system_info":	"Linux ip-10-0-0-129 4.15.0-1057-aws #59-Ubuntu SMP Wed Dec 4 10:02:00 UTC 2019 x86_64",
		"timestamp":	{
			"time":	"Sat, 25 Jan 2020 16:56:48 GMT",
			"timesecs":	1579971408
		},
		"connecting_to":	{
			"host":	"169.254.0.1",
			"port":	5201
		},
		"cookie":	"ip-10-0-0-129.1579971408.985302.3758",
		"tcp_mss_default":	1448,
		"test_start":	{
			"protocol":	"TCP",
			"num_streams":	1,
			"blksize":	131072,
			"omit":	0,
			"duration":	30,
			"bytes":	0,
			"blocks":	0,
			"reverse":	0
		}
	},
	"intervals":	[{
			"streams":	[{
					"socket":	4,
					"start":	0,
					"end":	1.000322,
					"seconds":	1.000322,
					"bytes":	1973076456,
					"bits_per_second":	1.577953e+10,
					"retransmits":	0,
					"snd_cwnd":	2072088,
					"rtt":	919,
					"omitted":	false
				}],
			"sum":	{
				"start":	0,
				"end":	1.000322,
				"seconds":	1.000322,
				"bytes":	1973076456,
				"bits_per_second":	1.577953e+10,
				"retransmits":	0,
				"omitted":	false
			}
		}, {
			"streams":	[{
					"socket":	4,
					"start":	1.000322,
					"end":	2.000022,
					"seconds":	0.999700,
					"bytes":	2025062400,
					"bits_per_second":	1.620536e+10,
					"retransmits":	0,
					"snd_cwnd":	2072088,
					"rtt":	951,
					"omitted":	false
				}],
			"sum":	{
				"start":	1.000322,
				"end":	2.000022,
				"seconds":	0.999700,
				"bytes":	2025062400,
				"bits_per_second":	1.620536e+10,
				"retransmits":	0,
				"omitted":	false
			}
		}, {
			"streams":	[{
					"socket":	4,
					"start":	2.000022,
					"end":	3.000187,
					"seconds":	1.000165,
					"bytes":	2034237440,
					"bits_per_second":	1.627122e+10,
					"retransmits":	0,
					"snd_cwnd":	2072088,
					"rtt":	858,
					"omitted":	false
				}],
			"sum":	{
				"start":	2.000022,
				"end":	3.000187,
				"seconds":	1.000165,
				"bytes":	2034237440,
				"bits_per_second":	1.627122e+10,
				"retransmits":	0,
				"omitted":	false
			}
		}, {
			"streams":	[{
					"socket":	4,
					"start":	3.000187,
					"end":	4.000339,
					"seconds":	1.000152,
					"bytes":	2039480320,
					"bits_per_second":	1.631337e+10,
					"retransmits":	0,
					"snd_cwnd":	2072088,
					"rtt":	957,
					"omitted":	false
				}],
			"sum":	{
				"start":	3.000187,
				"end":	4.000339,
				"seconds":	1.000152,
				"bytes":	2039480320,
				"bits_per_second":	1.631337e+10,
				"retransmits":	0,
				"omitted":	false
			}
		}, {
			"streams":	[{
					"socket":	4,
					"start":	4.000339,
					"end":	5.000240,
					"seconds":	0.999901,
					"bytes":	2047344640,
					"bits_per_second":	1.638038e+10,
					"retransmits":	0,
					"snd_cwnd":	2072088,
					"rtt":	799,
					"omitted":	false
				}],
			"sum":	{
				"start":	4.000339,
				"end":	5.000240,
				"seconds":	0.999901,
				"bytes":	2047344640,
				"bits_per_second":	1.638038e+10,
				"retransmits":	0,
				"omitted":	false
			}
		}, {
			"streams":	[{
					"socket":	4,
					"start":	5.000240,
					"end":	6.000181,
					"seconds":	0.999941,
					"bytes":	2038169600,
					"bits_per_second":	1.630632e+10,
					"retransmits":	0,
					"snd_cwnd":	2072088,
					"rtt":	844,
					"omitted":	false
				}],
			"sum":	{
				"start":	5.000240,
				"end":	6.000181,
				"seconds":	0.999941,
				"bytes":	2038169600,
				"bits_per_second":	1.630632e+10,
				"retransmits":	0,
				"omitted":	false
			}
		}, {
			"streams":	[{
					"socket":	4,
					"start":	6.000181,
					"end":	7.000353,
					"seconds":	1.000172,
					"bytes":	2030305280,
					"bits_per_second":	1.623965e+10,
					"retransmits":	0,
					"snd_cwnd":	2072088,
					"rtt":	961,
					"omitted":	false
				}],
			"sum":	{
				"start":	6.000181,
				"end":	7.000353,
				"seconds":	1.000172,
				"bytes":	2030305280,
				"bits_per_second":	1.623965e+10,
				"retransmits":	0,
				"omitted":	false
			}
		}, {
			"streams":	[{
					"socket":	4,
					"start":	7.000353,
					"end":	8.000253,
					"seconds":	0.999900,
					"bytes":	2030093448,
					"bits_per_second":	1.624237e+10,
					"retransmits":	0,
					"snd_cwnd":	2072088,
					"rtt":	941,
					"omitted":	false
				}],
			"sum":	{
				"start":	7.000353,
				"end":	8.000253,
				"seconds":	0.999900,
				"bytes":	2030093448,
				"bits_per_second":	1.624237e+10,
				"retransmits":	0,
				"omitted":	false
			}
		}, {
			"streams":	[{
					"socket":	4,
					"start":	8.000253,
					"end":	9.000240,
					"seconds":	0.999987,
					"bytes":	2175795200,
					"bits_per_second":	1.740659e+10,
					"retransmits":	0,
					"snd_cwnd":	2072088,
					"rtt":	853,
					"omitted":	false
				}],
			"sum":	{
				"start":	8.000253,
				"end":	9.000240,
				"seconds":	0.999987,
				"bytes":	2175795200,
				"bits_per_second":	1.740659e+10,
				"retransmits":	0,
				"omitted":	false
			}
		}, {
			"streams":	[{
					"socket":	4,
					"start":	9.000240,
					"end":	10.000308,
					"seconds":	1.000068,
					"bytes":	2068316160,
					"bits_per_second":	1.654541e+10,
					"retransmits":	0,
					"snd_cwnd":	2072088,
					"rtt":	850,
					"omitted":	false
				}],
			"sum":	{
				"start":	9.000240,
				"end":	10.000308,
				"seconds":	1.000068,
				"bytes":	2068316160,
				"bits_per_second":	1.654541e+10,
				"retransmits":	0,
				"omitted":	false
			}
		}, {
			"streams":	[{
					"socket":	4,
					"start":	10.000308,
					"end":	11.000239,
					"seconds":	0.999931,
					"bytes":	2614886400,
					"bits_per_second":	2.092053e+10,
					"retransmits":	0,
					"snd_cwnd":	2072088,
					"rtt":	651,
					"omitted":	false
				}],
			"sum":	{
				"start":	10.000308,
				"end":	11.000239,
				"seconds":	0.999931,
				"bytes":	2614886400,
				"bits_per_second":	2.092053e+10,
				"retransmits":	0,
				"omitted":	false
			}
		}, {
			"streams":	[{
					"socket":	4,
					"start":	11.000239,
					"end":	12.000366,
					"seconds":	1.000127,
					"bytes":	2953052160,
					"bits_per_second":	2.362142e+10,
					"retransmits":	0,
					"snd_cwnd":	2072088,
					"rtt":	605,
					"omitted":	false
				}],
			"sum":	{
				"start":	11.000239,
				"end":	12.000366,
				"seconds":	1.000127,
				"bytes":	2953052160,
				"bits_per_second":	2.362142e+10,
				"retransmits":	0,
				"omitted":	false
			}
		}, {
			"streams":	[{
					"socket":	4,
					"start":	12.000366,
					"end":	13.000179,
					"seconds":	0.999813,
					"bytes":	2950430720,
					"bits_per_second":	2.360786e+10,
					"retransmits":	0,
					"snd_cwnd":	2072088,
					"rtt":	595,
					"omitted":	false
				}],
			"sum":	{
				"start":	12.000366,
				"end":	13.000179,
				"seconds":	0.999813,
				"bytes":	2950430720,
				"bits_per_second":	2.360786e+10,
				"retransmits":	0,
				"omitted":	false
			}
		}, {
			"streams":	[{
					"socket":	4,
					"start":	13.000179,
					"end":	14.000183,
					"seconds":	1.000004,
					"bytes":	2954362880,
					"bits_per_second":	2.363481e+10,
					"retransmits":	0,
					"snd_cwnd":	2072088,
					"rtt":	601,
					"omitted":	false
				}],
			"sum":	{
				"start":	13.000179,
				"end":	14.000183,
				"seconds":	1.000004,
				"bytes":	2954362880,
				"bits_per_second":	2.363481e+10,
				"retransmits":	0,
				"omitted":	false
			}
		}, {
			"streams":	[{
					"socket":	4,
					"start":	14.000183,
					"end":	15.000168,
					"seconds":	0.999985,
					"bytes":	2950430720,
					"bits_per_second":	2.360380e+10,
					"retransmits":	0,
					"snd_cwnd":	2072088,
					"rtt":	582,
					"omitted":	false
				}],
			"sum":	{
				"start":	14.000183,
				"end":	15.000168,
				"seconds":	0.999985,
				"bytes":	2950430720,
				"bits_per_second":	2.360380e+10,
				"retransmits":	0,
				"omitted":	false
			}
		}, {
			"streams":	[{
					"socket":	4,
					"start":	15.000168,
					"end":	16.000075,
					"seconds":	0.999907,
					"bytes":	2954362880,
					"bits_per_second":	2.363710e+10,
					"retransmits":	0,
					"snd_cwnd":	2072088,
					"rtt":	575,
					"omitted":	false
				}],