{
	"start":	{
		"connected":	[{
				"socket":	4,
				"local_host":	"169.254.0.2",
				"local_port":	52610,
				"remote_host":	"169.254.0.1",
				"remote_port":	5201
			}],
		"version":	"iperf 3.1.3",
		"system_info":	"Linux ip-10-0-0-82 4.15.0-1044-aws #46-Ubuntu SMP Thu Jul 4 13:38:28 UTC 2019 x86_64",
		"timestamp":	{
			"time":	"Mon, 02 Sep 2019 20:53:39 GMT",
			"timesecs":	1567457619
		},
		"connecting_to":	{
			"host":	"169.254.0.1",
			"port":	5201
		},
		"cookie":	"ip-10-0-0-82.1567457619.622204.3bfd9",
		"tcp_mss_default":	1448,
		"test_start":	{
			"protocol":	"TCP",
			"num_streams":	1,
			"blksize":	131072,
			"omit":	0,
			"duration":	30,
			"bytes":	0,
			"blocks":	0,
			"reverse":	0
		}
	},
	"intervals":	[{
			"streams":	[{
					"socket":	4,
					"start":	0,
					"end":	1.000084,
					"seconds":	1.000084,
					"bytes":	2982671696,
					"bits_per_second":	2.385937e+10,
					"retransmits":	0,
					"snd_cwnd":	2021408,
					"rtt":	781,
					"omitted":	false
				}],
			"sum":	{
				"start":	0,
				"end":	1.000084,
				"seconds":	1.000084,
				"bytes":	2982671696,
				"bits_per_second":	2.385937e+10,
				"retransmits":	0,
				"omitted":	false
			}
		}, {
			"streams":	[{
					"socket":	4,
					"start":	1.000084,
					"end":	2.000137,
					"seconds":	1.000053,
					"bytes":	2454978560,
					"bits_per_second":	1.963878e+10,
					"retransmits":	0,
					"snd_cwnd":	2021408,
					"rtt":	703,
					"omitted":	false
				}],
			"sum":	{
				"start":	1.000084,
				"end":	2.000137,
				"seconds":	1.000053,
				"bytes":	2454978560,
				"bits_per_second":	1.963878e+10,
				"retransmits":	0,
				"omitted":	false
			}
		}, {
			"streams":	[{
					"socket":	4,
					"start":	2.000137,
					"end":	3.000166,
					"seconds":	1.000029,
					"bytes":	2608332800,
					"bits_per_second":	2.086606e+10,
					"retransmits":	0,
					"snd_cwnd":	2021408,
					"rtt":	719,
					"omitted":	false
				}],
			"sum":	{
				"start":	2.000137,
				"end":	3.000166,
				"seconds":	1.000029,
				"bytes":	2608332800,
				"bits_per_second":	2.086606e+10,
				"retransmits":	0,
				"omitted":	false
			}
		}, {
			"streams":	[{
					"socket":	4,
					"start":	3.000166,
					"end":	4.000232,
					"seconds":	1.000066,
					"bytes":	2968780800,
					"bits_per_second":	2.374868e+10,
					"retransmits":	0,
					"snd_cwnd":	2021408,
					"rtt":	519,
					"omitted":	false
				}],
			"sum":	{
				"start":	3.000166,
				"end":	4.000232,
				"seconds":	1.000066,
				"bytes":	2968780800,
				"bits_per_second":	2.374868e+10,
				"retransmits":	0,
				"omitted":	false
			}
		}, {
			"streams":	[{
					"socket":	4,
					"start":	4.000232,
					"end":	5.000179,
					"seconds":	0.999947,
					"bytes":	2823290880,
					"bits_per_second":	2.258752e+10,
					"retransmits":	0,
					"snd_cwnd":	2021408,
					"rtt":	725,
					"omitted":	false
				}],
			"sum":	{
				"start":	4.000232,
				"end":	5.000179,
				"seconds":	0.999947,
				"bytes":	2823290880,
				"bits_per_second":	2.258752e+10,
				"retransmits":	0,
				"omitted":	false
			}
		}, {
			"streams":	[{
					"socket":	4,
					"start":	5.000179,
					"end":	6.000173,
					"seconds":	0.999994,
					"bytes":	2630615040,
					"bits_per_second":	2.104505e+10,
					"retransmits":	0,
					"snd_cwnd":	2021408,
					"rtt":	700,
					"omitted":	false
				}],
			"sum":	{
				"start":	5.000179,
				"end":	6.000173,
				"seconds":	0.999994,
				"bytes":	2630615040,
				"bits_per_second":	2.104505e+10,
				"retransmits":	0,
				"omitted":	false
			}
		}, {
			"streams":	[{
					"socket":	4,
					"start":	6.000173,
					"end":	7.000012,
					"seconds":	0.999839,
					"bytes":	2634547200,
					"bits_per_second":	2.107978e+10,
					"retransmits":	0,
					"snd_cwnd":	2021408,
					"rtt":	676,
					"omitted":	false
				}],
			"sum":	{
				"start":	6.000173,
				"end":	7.000012,
				"seconds":	0.999839,
				"bytes":	2634547200,
				"bits_per_second":	2.107978e+10,
				"retransmits":	0,
				"omitted":	false
			}
		}, {
			"streams":	[{
					"socket":	4,
					"start":	7.000012,
					"end":	8.000442,
					"seconds":	1.000430,
					"bytes":	2635857920,
					"bits_per_second":	2.107780e+10,
					"retransmits":	0,
					"snd_cwnd":	2021408,
					"rtt":	734,
					"omitted":	false
				}],
			"sum":	{
				"start":	7.000012,
				"end":	8.000442,
				"seconds":	1.000430,
				"bytes":	2635857920,
				"bits_per_second":	2.107780e+10,
				"retransmits":	0,
				"omitted":	false
			}
		}, {
			"streams":	[{
					"socket":	4,
					"start":	8.000442,
					"end":	9.000186,
					"seconds":	0.999744,
					"bytes":	2626682880,
					"bits_per_second":	2.101885e+10,
					"retransmits":	0,
					"snd_cwnd":	2021408,
					"rtt":	638,
					"omitted":	false
				}],
			"sum":	{
				"start":	8.000442,
				"end":	9.000186,
				"seconds":	0.999744,
				"bytes":	2626682880,
				"bits_per_second":	2.101885e+10,
				"retransmits":	0,
				"omitted":	false
			}
		}, {
			"streams":	[{
					"socket":	4,
					"start":	9.000186,
					"end":	10.000207,
					"seconds":	1.000021,
					"bytes":	2634547200,
					"bits_per_second":	2.107594e+10,
					"retransmits":	0,
					"snd_cwnd":	2021408,
					"rtt":	651,
					"omitted":	false
				}],
			"sum":	{
				"start":	9.000186,
				"end":	10.000207,
				"seconds":	1.000021,
				"bytes":	2634547200,
				"bits_per_second":	2.107594e+10,
				"retransmits":	0,
				"omitted":	false
			}
		}, {
			"streams":	[{
					"socket":	4,
					"start":	10.000207,
					"end":	11.000443,
					"seconds":	1.000236,
					"bytes":	2634547200,
					"bits_per_second":	2.107140e+10,
					"retransmits":	0,
					"snd_cwnd":	2021408,
					"rtt":	732,
					"omitted":	false
				}],
			"sum":	{
				"start":	10.000207,
				"end":	11.000443,
				"seconds":	1.000236,
				"bytes":	2634547200,
				"bits_per_second":	2.107140e+10,
				"retransmits":	0,
				"omitted":	false
			}
		}, {
			"streams":	[{
					"socket":	4,
					"start":	11.000443,
					"end":	12.000302,
					"seconds":	0.999859,
					"bytes":	2633236480,
					"bits_per_second":	2.106886e+10,
					"retransmits":	0,
					"snd_cwnd":	2021408,
					"rtt":	742,
					"omitted":	false
				}],
			"sum":	{
				"start":	11.000443,
				"end":	12.000302,
				"seconds":	0.999859,
				"bytes":	2633236480,
				"bits_per_second":	2.106886e+10,
				"retransmits":	0,
				"omitted":	false
			}
		}, {
			"streams":	[{
					"socket":	4,
					"start":	12.000302,
					"end":	13.000291,
					"seconds":	0.999989,
					"bytes":	3267624960,
					"bits_per_second":	2.614129e+10,
					"retransmits":	0,
					"snd_cwnd":	2021408,
					"rtt":	514,
					"omitted":	false
				}],
			"sum":	{
				"start":	12.000302,
				"end":	13.000291,
				"seconds":	0.999989,
				"bytes":	3267624960,
				"bits_per_second":	2.614129e+10,
				"retransmits":	0,
				"omitted":	false
			}
		}, {
			"streams":	[{
					"socket":	4,
					"start":	13.000291,
					"end":	14.000344,
					"seconds":	1.000053,
					"bytes":	3596615680,
					"bits_per_second":	2.877140e+10,
					"retransmits":	0,
					"snd_cwnd":	2021408,
					"rtt":	537,
					"omitted":	false
				}],
			"sum":	{
				"start":	13.000291,
				"end":	14.000344,
				"seconds":	1.000053,
				"bytes":	3596615680,
				"bits_per_second":	2.877140e+10,
				"retransmits":	0,
				"omitted":	false
			}
		}, {
			"streams":	[{
					"socket":	4,
					"start":	14.000344,
					"end":	15.000054,
					"seconds":	0.999710,
					"bytes":	3584819200,
					"bits_per_second":	2.868687e+10,
					"retransmits":	0,
					"snd_cwnd":	2021408,
					"rtt":	510,
					"omitted":	false
				}],
			"sum":	{
				"start":	14.000344,
				"end":	15.000054,
				"seconds":	0.999710,
				"bytes":	3584819200,
				"bits_per_second":	2.868687e+10,
				"retransmits":	0,
				"omitted":	false
			}
		}, {
			"streams":	[{
					"socket":	4,
					"start":	15.000054,
					"end":	16.000163,
					"seconds":	1.000109,
					"bytes":	3593302632,
					"bits_per_second":	2.874329e+10,
					"retransmits":	0,
					"snd_cwnd":	2021408,
					"rtt":	491,
					"omitted":	false
				}],