{
	"start":	{
		"connected":	[{
				"socket":	5,
				"local_host":	"169.254.0.1",
				"local_port":	48418,
				"remote_host":	"169.254.0.2",
				"remote_port":	5201
			}],
		"version":	"iperf 3.6",
		"system_info":	"Linux 169.254.0.1 4.14.94 #1 SMP Wed Jan 23 21:19:15 UTC 2019 x86_64",
		"timestamp":	{
			"time":	"Sat, 25 Jan 2020 16:57:55 GMT",
			"timesecs":	1579971475
		},
		"connecting_to":	{
			"host":	"169.254.0.2",
			"port":	5201
		},
		"cookie":	"l4rhepkyk543r6g5lw5tbx46d5qz67p7tz7f",
		"tcp_mss_default":	1448,
		"sock_bufsize":	0,
		"sndbuf_actual":	16384,
		"rcvbuf_actual":	87380,
		"test_start":	{
			"protocol":	"TCP",
			"num_streams":	1,
			"blksize":	131072,
			"omit":	0,
			"duration":	30,
			"bytes":	0,
			"blocks":	0,
			"reverse":	0,
			"tos":	0
		}
	},
	"intervals":	[{
			"streams":	[{
					"socket":	5,
					"start":	0,
					"end":	1.0005650520324707,
					"seconds":	1.0005650520324707,
					"bytes":	2647002112,
					"bits_per_second":	21164058101.954163,
					"retransmits":	0,
					"snd_cwnd":	3265240,
					"rtt":	343,
					"rttvar":	136,
					"pmtu":	1500,
					"omitted":	false
				}],
			"sum":	{
				"start":	0,
				"end":	1.0005650520324707,
				"seconds":	1.0005650520324707,
				"bytes":	2647002112,
				"bits_per_second":	21164058101.954163,
				"retransmits":	0,
				"omitted":	false
			}
		}, {
			"streams":	[{
					"socket":	5,
					"start":	1.0005650520324707,
					"end":	2.0009570121765137,
					"seconds":	1.000391960144043,
					"bytes":	1807482880,
					"bits_per_second":	14454197570.638187,
					"retransmits":	0,
					"snd_cwnd":	3265240,
					"rtt":	176,
					"rttvar":	113,
					"pmtu":	1500,
					"omitted":	false
				}],
			"sum":	{
				"start":	1.0005650520324707,
				"end":	2.0009570121765137,
				"seconds":	1.000391960144043,
				"bytes":	1807482880,
				"bits_per_second":	14454197570.638187,
				"retransmits":	0,
				"omitted":	false
			}
		}, {
			"streams":	[{
					"socket":	5,
					"start":	2.0009570121765137,
					"end":	3.0006201267242432,
					"seconds":	0.99966311454772949,
					"bytes":	1815347200,
					"bits_per_second":	14527671761.271734,
					"retransmits":	0,
					"snd_cwnd":	3265240,
					"rtt":	158,
					"rttvar":	42,
					"pmtu":	1500,
					"omitted":	false
				}],
			"sum":	{
				"start":	2.0009570121765137,
				"end":	3.0006201267242432,
				"seconds":	0.99966311454772949,
				"bytes":	1815347200,
				"bits_per_second":	14527671761.271734,
				"retransmits":	0,
				"omitted":	false
			}
		}, {
			"streams":	[{
					"socket":	5,
					"start":	3.0006201267242432,
					"end":	4.0007181167602539,
					"seconds":	1.0000979900360107,
					"bytes":	1806172160,
					"bits_per_second":	14447961523.730007,
					"retransmits":	0,
					"snd_cwnd":	3265240,
					"rtt":	112,
					"rttvar":	12,
					"pmtu":	1500,
					"omitted":	false
				}],
			"sum":	{
				"start":	3.0006201267242432,
				"end":	4.0007181167602539,
				"seconds":	1.0000979900360107,
				"bytes":	1806172160,
				"bits_per_second":	14447961523.730007,
				"retransmits":	0,
				"omitted":	false
			}
		}, {
			"streams":	[{
					"socket":	5,
					"start":	4.0007181167602539,
					"end":	5.0001189708709717,
					"seconds":	0.99940085411071777,
					"bytes":	1820590080,
					"bits_per_second":	14573452264.016636,
					"retransmits":	0,
					"snd_cwnd":	3265240,
					"rtt":	150,
					"rttvar":	48,
					"pmtu":	1500,
					"omitted":	false
				}],
			"sum":	{
				"start":	4.0007181167602539,
				"end":	5.0001189708709717,
				"seconds":	0.99940085411071777,
				"bytes":	1820590080,
				"bits_per_second":	14573452264.016636,
				"retransmits":	0,
				"omitted":	false
			}
		}, {
			"streams":	[{
					"socket":	5,
					"start":	5.0001189708709717,
					"end":	6.0001931190490723,
					"seconds":	1.0000741481781006,
					"bytes":	1796997120,
					"bits_per_second":	14374911086.532576,
					"retransmits":	0,
					"snd_cwnd":	3265240,
					"rtt":	198,
					"rttvar":	52,
					"pmtu":	1500,
					"omitted":	false
				}],
			"sum":	{
				"start":	5.0001189708709717,
				"end":	6.0001931190490723,
				"seconds":	1.0000741481781006,
				"bytes":	1796997120,
				"bits_per_second":	14374911086.532576,
				"retransmits":	0,
				"omitted":	false
			}
		}, {
			"streams":	[{
					"socket":	5,
					"start":	6.0001931190490723,
					"end":	7.0006279945373535,
					"seconds":	1.0004348754882812,
					"bytes":	1828454400,
					"bits_per_second":	14621276765.12747,
					"retransmits":	0,
					"snd_cwnd":	3265240,
					"rtt":	226,
					"rttvar":	152,
					"pmtu":	1500,
					"omitted":	false
				}],
			"sum":	{
				"start":	6.0001931190490723,
				"end":	7.0006279945373535,
				"seconds":	1.0004348754882812,
				"bytes":	1828454400,
				"bits_per_second":	14621276765.12747,
				"retransmits":	0,
				"omitted":	false
			}
		}, {
			"streams":	[{
					"socket":	5,
					"start":	7.0006279945373535,
					"end":	8.0003960132598877,
					"seconds":	0.99976801872253418,
					"bytes":	1803550720,
					"bits_per_second":	14431753656.649342,
					"retransmits":	0,
					"snd_cwnd":	3265240,
					"rtt":	284,
					"rttvar":	146,
					"pmtu":	1500,
					"omitted":	false
				}],
			"sum":	{
				"start":	7.0006279945373535,
				"end":	8.0003960132598877,
				"seconds":	0.99976801872253418,
				"bytes":	1803550720,
				"bits_per_second":	14431753656.649342,
				"retransmits":	0,
				"omitted":	false
			}
		}, {
			"streams":	[{
					"socket":	5,
					"start":	8.0003960132598877,
					"end":	9.0001001358032227,
					"seconds":	0.999704122543335,
					"bytes":	1804861440,
					"bits_per_second":	14443164926.904766,
					"retransmits":	0,
					"snd_cwnd":	3265240,
					"rtt":	1284,
					"rttvar":	312,
					"pmtu":	1500,
					"omitted":	false
				}],
			"sum":	{
				"start":	8.0003960132598877,
				"end":	9.0001001358032227,
				"seconds":	0.999704122543335,
				"bytes":	1804861440,
				"bits_per_second":	14443164926.904766,
				"retransmits":	0,
				"omitted":	false
			}
		}, {
			"streams":	[{
					"socket":	5,
					"start":	9.0001001358032227,
					"end":	10.000101089477539,
					"seconds":	1.0000009536743164,
					"bytes":	2015887360,
					"bits_per_second":	16127083500.014668,
					"retransmits":	0,
					"snd_cwnd":	3265240,
					"rtt":	1270,
					"rttvar":	110,
					"pmtu":	1500,
					"omitted":	false
				}],
			"sum":	{
				"start":	9.0001001358032227,
				"end":	10.000101089477539,
				"seconds":	1.0000009536743164,
				"bytes":	2015887360,
				"bits_per_second":	16127083500.014668,
				"retransmits":	0,
				"omitted":	false
			}
		}, {
			"streams":	[{
					"socket":	5,
					"start":	10.000101089477539,
					"end":	11.000359058380127,
					"seconds":	1.0002579689025879,
					"bytes":	1810104320,
					"bits_per_second":	14477099918.421391,
					"retransmits":	0,
					"snd_cwnd":	3265240,
					"rtt":	410,
					"rttvar":	184,
					"pmtu":	1500,
					"omitted":	false
				}],
			"sum":	{
				"start":	10.000101089477539,
				"end":	11.000359058380127,
				"seconds":	1.0002579689025879,
				"bytes":	1810104320,
				"bits_per_second":	14477099918.421391,
				"retransmits":	0,
				"omitted":	false
			}
		}, {
			"streams":	[{
					"socket":	5,
					"start":	11.000359058380127,
					"end":	12.000095129013062,
					"seconds":	0.99973607063293457,
					"bytes":	1761607680,
					"bits_per_second":	14096581941.949724,
					"retransmits":	0,
					"snd_cwnd":	3265240,
					"rtt":	1188,
					"rttvar":	32,
					"pmtu":	1500,
					"omitted":	false
				}],
			"sum":	{
				"start":	11.000359058380127,
				"end":	12.000095129013062,
				"seconds":	0.99973607063293457,
				"bytes":	1761607680,
				"bits_per_second":	14096581941.949724,
				"retransmits":	0,
				"omitted":	false
			}
		}, {
			"streams":	[{
					"socket":	5,
					"start":	12.000095129013062,
					"end":	13.000072002410889,
					"seconds":	0.99997687339782715,
					"bytes":	1756364800,
					"bits_per_second":	14051243357.515163,
					"retransmits":	0,
					"snd_cwnd":	3265240,
					"rtt":	152,
					"rttvar":	15,
					"pmtu":	1500,