{
	"start":	{
		"connected":	[{
				"socket":	4,
				"local_host":	"169.254.0.2",
				"local_port":	52546,
				"remote_host":	"169.254.0.1",
				"remote_port":	5201
			}],
		"version":	"iperf 3.1.3",
		"system_info":	"Linux ip-10-0-0-82 4.15.0-1044-aws #46-Ubuntu SMP Thu Jul 4 13:38:28 UTC 2019 x86_64",
		"timestamp":	{
			"time":	"Mon, 02 Sep 2019 20:47:32 GMT",
			"timesecs":	1567457252
		},
		"connecting_to":	{
			"host":	"169.254.0.1",
			"port":	5201
		},
		"cookie":	"ip-10-0-0-82.1567457252.989307.3659d",
		"tcp_mss_default":	1448,
		"test_start":	{
			"protocol":	"TCP",
			"num_streams":	1,
			"blksize":	131072,
			"omit":	0,
			"duration":	30,
			"bytes":	0,
			"blocks":	0,
			"reverse":	0
		}
	},
	"intervals":	[{
			"streams":	[{
					"socket":	4,
					"start":	0,
					"end":	1.000167,
					"seconds":	1.000167,
					"bytes":	4734437696,
					"bits_per_second":	3.786917e+10,
					"retransmits":	0,
					"snd_cwnd":	2014168,
					"rtt":	436,
					"omitted":	false
				}],
			"sum":	{
				"start":	0,
				"end":	1.000167,
				"seconds":	1.000167,
				"bytes":	4734437696,
				"bits_per_second":	3.786917e+10,
				"retransmits":	0,
				"omitted":	false
			}
		}, {
			"streams":	[{
					"socket":	4,
					"start":	1.000167,
					"end":	2.000277,
					"seconds":	1.000110,
					"bytes":	4608491520,
					"bits_per_second":	3.686388e+10,
					"retransmits":	0,
					"snd_cwnd":	2014168,
					"rtt":	406,
					"omitted":	false
				}],
			"sum":	{
				"start":	1.000167,
				"end":	2.000277,
				"seconds":	1.000110,
				"bytes":	4608491520,
				"bits_per_second":	3.686388e+10,
				"retransmits":	0,
				"omitted":	false
			}
		}, {
			"streams":	[{
					"socket":	4,
					"start":	2.000277,
					"end":	3.000334,
					"seconds":	1.000057,
					"bytes":	3497000960,
					"bits_per_second":	2.797441e+10,
					"retransmits":	0,
					"snd_cwnd":	2014168,
					"rtt":	520,
					"omitted":	false
				}],
			"sum":	{
				"start":	2.000277,
				"end":	3.000334,
				"seconds":	1.000057,
				"bytes":	3497000960,
				"bits_per_second":	2.797441e+10,
				"retransmits":	0,
				"omitted":	false
			}
		}, {
			"streams":	[{
					"socket":	4,
					"start":	3.000334,
					"end":	4.000191,
					"seconds":	0.999857,
					"bytes":	3361996800,
					"bits_per_second":	2.689982e+10,
					"retransmits":	0,
					"snd_cwnd":	2014168,
					"rtt":	544,
					"omitted":	false
				}],
			"sum":	{
				"start":	3.000334,
				"end":	4.000191,
				"seconds":	0.999857,
				"bytes":	3361996800,
				"bits_per_second":	2.689982e+10,
				"retransmits":	0,
				"omitted":	false
			}
		}, {
			"streams":	[{
					"socket":	4,
					"start":	4.000191,
					"end":	5.000163,
					"seconds":	0.999972,
					"bytes":	2739404800,
					"bits_per_second":	2.191585e+10,
					"retransmits":	0,
					"snd_cwnd":	2014168,
					"rtt":	226,
					"omitted":	false
				}],
			"sum":	{
				"start":	4.000191,
				"end":	5.000163,
				"seconds":	0.999972,
				"bytes":	2739404800,
				"bits_per_second":	2.191585e+10,
				"retransmits":	0,
				"omitted":	false
			}
		}, {
			"streams":	[{
					"socket":	4,
					"start":	5.000163,
					"end":	6.000004,
					"seconds":	0.999841,
					"bytes":	2385510400,
					"bits_per_second":	1.908712e+10,
					"retransmits":	0,
					"snd_cwnd":	2014168,
					"rtt":	941,
					"omitted":	false
				}],
			"sum":	{
				"start":	5.000163,
				"end":	6.000004,
				"seconds":	0.999841,
				"bytes":	2385510400,
				"bits_per_second":	1.908712e+10,
				"retransmits":	0,
				"omitted":	false
			}
		}, {
			"streams":	[{
					"socket":	4,
					"start":	6.000004,
					"end":	7.000370,
					"seconds":	1.000366,
					"bytes":	2357985280,
					"bits_per_second":	1.885698e+10,
					"retransmits":	0,
					"snd_cwnd":	2014168,
					"rtt":	849,
					"omitted":	false
				}],
			"sum":	{
				"start":	6.000004,
				"end":	7.000370,
				"seconds":	1.000366,
				"bytes":	2357985280,
				"bits_per_second":	1.885698e+10,
				"retransmits":	0,
				"omitted":	false
			}
		}, {
			"streams":	[{
					"socket":	4,
					"start":	7.000370,
					"end":	8.000137,
					"seconds":	0.999767,
					"bytes":	2048655360,
					"bits_per_second":	1.639306e+10,
					"retransmits":	0,
					"snd_cwnd":	2014168,
					"rtt":	947,
					"omitted":	false
				}],
			"sum":	{
				"start":	7.000370,
				"end":	8.000137,
				"seconds":	0.999767,
				"bytes":	2048655360,
				"bits_per_second":	1.639306e+10,
				"retransmits":	0,
				"omitted":	false
			}
		}, {
			"streams":	[{
					"socket":	4,
					"start":	8.000137,
					"end":	9.000476,
					"seconds":	1.000339,
					"bytes":	2048655360,
					"bits_per_second":	1.638369e+10,
					"retransmits":	0,
					"snd_cwnd":	2014168,
					"rtt":	945,
					"omitted":	false
				}],
			"sum":	{
				"start":	8.000137,
				"end":	9.000476,
				"seconds":	1.000339,
				"bytes":	2048655360,
				"bits_per_second":	1.638369e+10,
				"retransmits":	0,
				"omitted":	false
			}
		}, {
			"streams":	[{
					"socket":	4,
					"start":	9.000476,
					"end":	10.000064,
					"seconds":	0.999588,
					"bytes":	2051276800,
					"bits_per_second":	1.641698e+10,
					"retransmits":	0,
					"snd_cwnd":	2014168,
					"rtt":	934,
					"omitted":	false
				}],
			"sum":	{
				"start":	9.000476,
				"end":	10.000064,
				"seconds":	0.999588,
				"bytes":	2051276800,
				"bits_per_second":	1.641698e+10,
				"retransmits":	0,
				"omitted":	false
			}
		}, {
			"streams":	[{
					"socket":	4,
					"start":	10.000064,
					"end":	11.000378,
					"seconds":	1.000314,
					"bytes":	2229534720,
					"bits_per_second":	1.783068e+10,
					"retransmits":	0,
					"snd_cwnd":	2014168,
					"rtt":	946,
					"omitted":	false
				}],
			"sum":	{
				"start":	10.000064,
				"end":	11.000378,
				"seconds":	1.000314,
				"bytes":	2229534720,
				"bits_per_second":	1.783068e+10,
				"retransmits":	0,
				"omitted":	false
			}
		}, {
			"streams":	[{
					"socket":	4,
					"start":	11.000378,
					"end":	12.000359,
					"seconds":	0.999981,
					"bytes":	2042101760,
					"bits_per_second":	1.633713e+10,
					"retransmits":	0,
					"snd_cwnd":	2014168,
					"rtt":	950,
					"omitted":	false
				}],
			"sum":	{
				"start":	11.000378,
				"end":	12.000359,
				"seconds":	0.999981,
				"bytes":	2042101760,
				"bits_per_second":	1.633713e+10,
				"retransmits":	0,
				"omitted":	false
			}
		}, {
			"streams":	[{
					"socket":	4,
					"start":	12.000359,
					"end":	13.000074,
					"seconds":	0.999715,
					"bytes":	2047344640,
					"bits_per_second":	1.638342e+10,
					"retransmits":	0,
					"snd_cwnd":	2014168,
					"rtt":	946,
					"omitted":	false
				}],
			"sum":	{
				"start":	12.000359,
				"end":	13.000074,
				"seconds":	0.999715,
				"bytes":	2047344640,
				"bits_per_second":	1.638342e+10,
				"retransmits":	0,
				"omitted":	false
			}
		}, {
			"streams":	[{
					"socket":	4,
					"start":	13.000074,
					"end":	14.000418,
					"seconds":	1.000344,
					"bytes":	2190213120,
					"bits_per_second":	1.751568e+10,
					"retransmits":	0,
					"snd_cwnd":	2014168,
					"rtt":	945,
					"omitted":	false
				}],
			"sum":	{
				"start":	13.000074,
				"end":	14.000418,
				"seconds":	1.000344,
				"bytes":	2190213120,
				"bits_per_second":	1.751568e+10,
				"retransmits":	0,
				"omitted":	false
			}
		}, {
			"streams":	[{
					"socket":	4,
					"start":	14.000418,
					"end":	15.000368,
					"seconds":	0.999950,
					"bytes":	2212495360,
					"bits_per_second":	1.770085e+10,
					"retransmits":	0,
					"snd_cwnd":	2014168,
					"rtt":	605,
					"omitted":	false
				}],
			"sum":	{
				"start":	14.000418,
				"end":	15.000368,
				"seconds":	0.999950,
				"bytes":	2212495360,
				"bits_per_second":	1.770085e+10,
				"retransmits":	0,
				"omitted":	false
			}
		}, {
			"streams":	[{
					"socket":	4,
					"start":	15.000368,
					"end":	16.000451,
					"seconds":	1.000083,
					"bytes":	2166620160,
					"bits_per_second":	1.733152e+10,
					"retransmits":	0,
					"snd_cwnd":	2014168,
					"rtt":	948,
					"omitted":	false
				}],