{
	"start":	{
		"connected":	[{
				"socket":	5,
				"local_host":	"169.254.0.1",
				"local_port":	60836,
				"remote_host":	"169.254.0.2",
				"remote_port":	5201
			}],
		"version":	"iperf 3.6",
		"system_info":	"Linux 169.254.0.1 4.14.94 #1 SMP Wed Jan 23 21:19:15 UTC 2019 x86_64",
		"timestamp":	{
			"time":	"Mon, 02 Sep 2019 20:54:46 GMT",
			"timesecs":	1567457686
		},
		"connecting_to":	{
			"host":	"169.254.0.2",
			"port":	5201
		},
		"cookie":	"ohwq4vn4q76nqtr5ssvgpbok2ygtgrczw2xm",
		"tcp_mss_default":	1448,
		"sock_bufsize":	0,
		"sndbuf_actual":	16384,
		"rcvbuf_actual":	87380,
		"test_start":	{
			"protocol":	"TCP",
			"num_streams":	1,
			"blksize":	131072,
			"omit":	0,
			"duration":	30,
			"bytes":	0,
			"blocks":	0,
			"reverse":	0,
			"tos":	0
		}
	},
	"intervals":	[{
			"streams":	[{
					"socket":	5,
					"start":	0,
					"end":	1.0000889301300049,
					"seconds":	1.0000889301300049,
					"bytes":	2232834952,
					"bits_per_second":	17861091226.835167,
					"retransmits":	0,
					"snd_cwnd":	3252208,
					"rtt":	453,
					"rttvar":	149,
					"pmtu":	1500,
					"omitted":	false
				}],
			"sum":	{
				"start":	0,
				"end":	1.0000889301300049,
				"seconds":	1.0000889301300049,
				"bytes":	2232834952,
				"bits_per_second":	17861091226.835167,
				"retransmits":	0,
				"omitted":	false
			}
		}, {
			"streams":	[{
					"socket":	5,
					"start":	1.0000889301300049,
					"end":	2.00055193901062,
					"seconds":	1.0004630088806152,
					"bytes":	2299002880,
					"bits_per_second":	18383511311.006115,
					"retransmits":	0,
					"snd_cwnd":	3252208,
					"rtt":	444,
					"rttvar":	146,
					"pmtu":	1500,
					"omitted":	false
				}],
			"sum":	{
				"start":	1.0000889301300049,
				"end":	2.00055193901062,
				"seconds":	1.0004630088806152,
				"bytes":	2299002880,
				"bits_per_second":	18383511311.006115,
				"retransmits":	0,
				"omitted":	false
			}
		}, {
			"streams":	[{
					"socket":	5,
					"start":	2.00055193901062,
					"end":	3.0000789165496826,
					"seconds":	0.9995269775390625,
					"bytes":	2268856320,
					"bits_per_second":	18159440383.1793,
					"retransmits":	0,
					"snd_cwnd":	3252208,
					"rtt":	422,
					"rttvar":	149,
					"pmtu":	1500,
					"omitted":	false
				}],
			"sum":	{
				"start":	2.00055193901062,
				"end":	3.0000789165496826,
				"seconds":	0.9995269775390625,
				"bytes":	2268856320,
				"bits_per_second":	18159440383.1793,
				"retransmits":	0,
				"omitted":	false
			}
		}, {
			"streams":	[{
					"socket":	5,
					"start":	3.0000789165496826,
					"end":	4.0000760555267334,
					"seconds":	0.99999713897705078,
					"bytes":	2263613440,
					"bits_per_second":	18108959330.148232,
					"retransmits":	0,
					"snd_cwnd":	3252208,
					"rtt":	1175,
					"rttvar":	199,
					"pmtu":	1500,
					"omitted":	false
				}],
			"sum":	{
				"start":	3.0000789165496826,
				"end":	4.0000760555267334,
				"seconds":	0.99999713897705078,
				"bytes":	2263613440,
				"bits_per_second":	18108959330.148232,
				"retransmits":	0,
				"omitted":	false
			}
		}, {
			"streams":	[{
					"socket":	5,
					"start":	4.0000760555267334,
					"end":	5.0000669956207275,
					"seconds":	0.99999094009399414,
					"bytes":	2666004480,
					"bits_per_second":	21328229071.75066,
					"retransmits":	0,
					"snd_cwnd":	3252208,
					"rtt":	668,
					"rttvar":	44,
					"pmtu":	1500,
					"omitted":	false
				}],
			"sum":	{
				"start":	4.0000760555267334,
				"end":	5.0000669956207275,
				"seconds":	0.99999094009399414,
				"bytes":	2666004480,
				"bits_per_second":	21328229071.75066,
				"retransmits":	0,
				"omitted":	false
			}
		}, {
			"streams":	[{
					"socket":	5,
					"start":	5.0000669956207275,
					"end":	6.0000870227813721,
					"seconds":	1.0000200271606445,
					"bytes":	3854827520,
					"bits_per_second":	30838002562.368729,
					"retransmits":	0,
					"snd_cwnd":	3252208,
					"rtt":	224,
					"rttvar":	77,
					"pmtu":	1500,
					"omitted":	false
				}],
			"sum":	{
				"start":	5.0000669956207275,
				"end":	6.0000870227813721,
				"seconds":	1.0000200271606445,
				"bytes":	3854827520,
				"bits_per_second":	30838002562.368729,
				"retransmits":	0,
				"omitted":	false
			}
		}, {
			"streams":	[{
					"socket":	5,
					"start":	6.0000870227813721,
					"end":	7.0003340244293213,
					"seconds":	1.0002470016479492,
					"bytes":	3803709440,
					"bits_per_second":	30422161196.0504,
					"retransmits":	0,
					"snd_cwnd":	3252208,
					"rtt":	249,
					"rttvar":	91,
					"pmtu":	1500,
					"omitted":	false
				}],
			"sum":	{
				"start":	6.0000870227813721,
				"end":	7.0003340244293213,
				"seconds":	1.0002470016479492,
				"bytes":	3803709440,
				"bits_per_second":	30422161196.0504,
				"retransmits":	0,
				"omitted":	false
			}
		}, {
			"streams":	[{
					"socket":	5,
					"start":	7.0003340244293213,
					"end":	8.0000541210174561,
					"seconds":	0.99972009658813477,
					"bytes":	3781427200,
					"bits_per_second":	30259887445.73872,
					"retransmits":	0,
					"snd_cwnd":	3252208,
					"rtt":	215,
					"rttvar":	76,
					"pmtu":	1500,
					"omitted":	false
				}],
			"sum":	{
				"start":	7.0003340244293213,
				"end":	8.0000541210174561,
				"seconds":	0.99972009658813477,
				"bytes":	3781427200,
				"bits_per_second":	30259887445.73872,
				"retransmits":	0,
				"omitted":	false
			}
		}, {
			"streams":	[{
					"socket":	5,
					"start":	8.0000541210174561,
					"end":	9.0000970363616943,
					"seconds":	1.0000429153442383,
					"bytes":	3799777280,
					"bits_per_second":	30396913745.982811,
					"retransmits":	0,
					"snd_cwnd":	3252208,
					"rtt":	262,
					"rttvar":	89,
					"pmtu":	1500,
					"omitted":	false
				}],
			"sum":	{
				"start":	8.0000541210174561,
				"end":	9.0000970363616943,
				"seconds":	1.0000429153442383,
				"bytes":	3799777280,
				"bits_per_second":	30396913745.982811,
				"retransmits":	0,
				"omitted":	false
			}
		}, {
			"streams":	[{
					"socket":	5,
					"start":	9.0000970363616943,
					"end":	10.000030040740967,
					"seconds":	0.99993300437927246,
					"bytes":	3950510080,
					"bits_per_second":	31606198116.861675,
					"retransmits":	0,
					"snd_cwnd":	3252208,
					"rtt":	205,
					"rttvar":	84,
					"pmtu":	1500,
					"omitted":	false
				}],
			"sum":	{
				"start":	9.0000970363616943,
				"end":	10.000030040740967,
				"seconds":	0.99993300437927246,
				"bytes":	3950510080,
				"bits_per_second":	31606198116.861675,
				"retransmits":	0,
				"omitted":	false
			}
		}, {
			"streams":	[{
					"socket":	5,
					"start":	10.000030040740967,
					"end":	11.000346899032593,
					"seconds":	1.000316858291626,
					"bytes":	3805020160,
					"bits_per_second":	30430519117.699074,
					"retransmits":	0,
					"snd_cwnd":	3252208,
					"rtt":	264,
					"rttvar":	100,
					"pmtu":	1500,
					"omitted":	false
				}],
			"sum":	{
				"start":	10.000030040740967,
				"end":	11.000346899032593,
				"seconds":	1.000316858291626,
				"bytes":	3805020160,
				"bits_per_second":	30430519117.699074,
				"retransmits":	0,
				"omitted":	false
			}
		}, {
			"streams":	[{
					"socket":	5,
					"start":	11.000346899032593,
					"end":	12.000385046005249,
					"seconds":	1.0000381469726562,
					"bytes":	3835166720,
					"bits_per_second":	30680163404.645515,
					"retransmits":	0,
					"snd_cwnd":	3252208,
					"rtt":	243,
					"rttvar":	84,
					"pmtu":	1500,
					"omitted":	false
				}],
			"sum":	{
				"start":	11.000346899032593,
				"end":	12.000385046005249,
				"seconds":	1.0000381469726562,
				"bytes":	3835166720,
				"bits_per_second":	30680163404.645515,
				"retransmits":	0,
				"omitted":	false
			}
		}, {
			"streams":	[{
					"socket":	5,
					"start":	12.000385046005249,
					"end":	13.000101089477539,
					"seconds":	0.99971604347229,
					"bytes":	3857448960,
					"bits_per_second":	30868356951.456047,
					"retransmits":	0,
					"snd_cwnd":	3252208,
					"rtt":	263,
					"rttvar":	87,
					"pmtu":	1500,
					"omitted":	false
				}],