{
	"start":	{
		"connected":	[{
				"socket":	4,
				"local_host":	"169.254.0.2",
				"local_port":	58792,
				"remote_host":	"169.254.0.2",
				"remote_port":	5201
			}],
		"version":	"iperf 3.1.3",
		"system_info":	"Linux ip-10-0-0-82 4.15.0-1044-aws #46-Ubuntu SMP Thu Jul 4 13:38:28 UTC 2019 x86_64",
		"timestamp":	{
			"time":	"Mon, 02 Sep 2019 20:45:53 GMT",
			"timesecs":	1567457153
		},
		"connecting_to":	{
			"host":	"169.254.0.2",
			"port":	5201
		},
		"cookie":	"ip-10-0-0-82.1567457153.877554.07865",
		"tcp_mss_default":	21888,
		"test_start":	{
			"protocol":	"TCP",
			"num_streams":	1,
			"blksize":	131072,
			"omit":	0,
			"duration":	30,
			"bytes":	0,
			"blocks":	0,
			"reverse":	0
		}
	},
	"intervals":	[{
			"streams":	[{
					"socket":	4,
					"start":	0,
					"end":	1.000152,
					"seconds":	1.000152,
					"bytes":	5835325440,
					"bits_per_second":	4.667550e+10,
					"retransmits":	0,
					"snd_cwnd":	1178694,
					"rtt":	24,
					"omitted":	false
				}],
			"sum":	{
				"start":	0,
				"end":	1.000152,
				"seconds":	1.000152,
				"bytes":	5835325440,
				"bits_per_second":	4.667550e+10,
				"retransmits":	0,
				"omitted":	false
			}
		}, {
			"streams":	[{
					"socket":	4,
					"start":	1.000152,
					"end":	2.000022,
					"seconds":	0.999870,
					"bytes":	5794693120,
					"bits_per_second":	4.636358e+10,
					"retransmits":	0,
					"snd_cwnd":	1178694,
					"rtt":	25,
					"omitted":	false
				}],
			"sum":	{
				"start":	1.000152,
				"end":	2.000022,
				"seconds":	0.999870,
				"bytes":	5794693120,
				"bits_per_second":	4.636358e+10,
				"retransmits":	0,
				"omitted":	false
			}
		}, {
			"streams":	[{
					"socket":	4,
					"start":	2.000022,
					"end":	3.000210,
					"seconds":	1.000188,
					"bytes":	5764546560,
					"bits_per_second":	4.610770e+10,
					"retransmits":	0,
					"snd_cwnd":	1178694,
					"rtt":	27,
					"omitted":	false
				}],
			"sum":	{
				"start":	2.000022,
				"end":	3.000210,
				"seconds":	1.000188,
				"bytes":	5764546560,
				"bits_per_second":	4.610770e+10,
				"retransmits":	0,
				"omitted":	false
			}
		}, {
			"streams":	[{
					"socket":	4,
					"start":	3.000210,
					"end":	4.000035,
					"seconds":	0.999825,
					"bytes":	5564006400,
					"bits_per_second":	4.451984e+10,
					"retransmits":	0,
					"snd_cwnd":	1244177,
					"rtt":	26,
					"omitted":	false
				}],
			"sum":	{
				"start":	3.000210,
				"end":	4.000035,
				"seconds":	0.999825,
				"bytes":	5564006400,
				"bits_per_second":	4.451984e+10,
				"retransmits":	0,
				"omitted":	false
			}
		}, {
			"streams":	[{
					"socket":	4,
					"start":	4.000035,
					"end":	5.000117,
					"seconds":	1.000082,
					"bytes":	5982126080,
					"bits_per_second":	4.785308e+10,
					"retransmits":	0,
					"snd_cwnd":	1244177,
					"rtt":	26,
					"omitted":	false
				}],
			"sum":	{
				"start":	4.000035,
				"end":	5.000117,
				"seconds":	1.000082,
				"bytes":	5982126080,
				"bits_per_second":	4.785308e+10,
				"retransmits":	0,
				"omitted":	false
			}
		}, {
			"streams":	[{
					"socket":	4,
					"start":	5.000117,
					"end":	6.000165,
					"seconds":	1.000048,
					"bytes":	5984747520,
					"bits_per_second":	4.787569e+10,
					"retransmits":	0,
					"snd_cwnd":	1244177,
					"rtt":	25,
					"omitted":	false
				}],
			"sum":	{
				"start":	5.000117,
				"end":	6.000165,
				"seconds":	1.000048,
				"bytes":	5984747520,
				"bits_per_second":	4.787569e+10,
				"retransmits":	0,
				"omitted":	false
			}
		}, {
			"streams":	[{
					"socket":	4,
					"start":	6.000165,
					"end":	7.000171,
					"seconds":	1.000006,
					"bytes":	5885132800,
					"bits_per_second":	4.708078e+10,
					"retransmits":	0,
					"snd_cwnd":	1244177,
					"rtt":	25,
					"omitted":	false
				}],
			"sum":	{
				"start":	6.000165,
				"end":	7.000171,
				"seconds":	1.000006,
				"bytes":	5885132800,
				"bits_per_second":	4.708078e+10,
				"retransmits":	0,
				"omitted":	false
			}
		}, {
			"streams":	[{
					"socket":	4,
					"start":	7.000171,
					"end":	8.000097,
					"seconds":	0.999926,
					"bytes":	5949358080,
					"bits_per_second":	4.759838e+10,
					"retransmits":	0,
					"snd_cwnd":	1244177,
					"rtt":	25,
					"omitted":	false
				}],
			"sum":	{
				"start":	7.000171,
				"end":	8.000097,
				"seconds":	0.999926,
				"bytes":	5949358080,
				"bits_per_second":	4.759838e+10,
				"retransmits":	0,
				"omitted":	false
			}
		}, {
			"streams":	[{
					"socket":	4,
					"start":	8.000097,
					"end":	9.000014,
					"seconds":	0.999917,
					"bytes":	5816975360,
					"bits_per_second":	4.653966e+10,
					"retransmits":	0,
					"snd_cwnd":	1899007,
					"rtt":	25,
					"omitted":	false
				}],
			"sum":	{
				"start":	8.000097,
				"end":	9.000014,
				"seconds":	0.999917,
				"bytes":	5816975360,
				"bits_per_second":	4.653966e+10,
				"retransmits":	0,
				"omitted":	false
			}
		}, {
			"streams":	[{
					"socket":	4,
					"start":	9.000014,
					"end":	10.000004,
					"seconds":	0.999990,
					"bytes":	5827461120,
					"bits_per_second":	4.662016e+10,
					"retransmits":	0,
					"snd_cwnd":	1899007,
					"rtt":	24,
					"omitted":	false
				}],
			"sum":	{
				"start":	9.000014,
				"end":	10.000004,
				"seconds":	0.999990,
				"bytes":	5827461120,
				"bits_per_second":	4.662016e+10,
				"retransmits":	0,
				"omitted":	false
			}
		}, {
			"streams":	[{
					"socket":	4,
					"start":	10.000004,
					"end":	11.000039,
					"seconds":	1.000035,
					"bytes":	5913968640,
					"bits_per_second":	4.731009e+10,
					"retransmits":	0,
					"snd_cwnd":	1899007,
					"rtt":	26,
					"omitted":	false
				}],
			"sum":	{
				"start":	10.000004,
				"end":	11.000039,
				"seconds":	1.000035,
				"bytes":	5913968640,
				"bits_per_second":	4.731009e+10,
				"retransmits":	0,
				"omitted":	false
			}
		}, {
			"streams":	[{
					"socket":	4,
					"start":	11.000039,
					"end":	12.000199,
					"seconds":	1.000160,
					"bytes":	5889064960,
					"bits_per_second":	4.710498e+10,
					"retransmits":	0,
					"snd_cwnd":	1899007,
					"rtt":	25,
					"omitted":	false
				}],
			"sum":	{
				"start":	11.000039,
				"end":	12.000199,
				"seconds":	1.000160,
				"bytes":	5889064960,
				"bits_per_second":	4.710498e+10,
				"retransmits":	0,
				"omitted":	false
			}
		}, {
			"streams":	[{
					"socket":	4,
					"start":	12.000199,
					"end":	13.000069,
					"seconds":	0.999870,
					"bytes":	5900861440,
					"bits_per_second":	4.721304e+10,
					"retransmits":	0,
					"snd_cwnd":	1899007,
					"rtt":	25,
					"omitted":	false
				}],
			"sum":	{
				"start":	12.000199,
				"end":	13.000069,
				"seconds":	0.999870,
				"bytes":	5900861440,
				"bits_per_second":	4.721304e+10,
				"retransmits":	0,
				"omitted":	false
			}
		}, {
			"streams":	[{
					"socket":	4,
					"start":	13.000069,
					"end":	14.000161,
					"seconds":	1.000092,
					"bytes":	5938872320,
					"bits_per_second":	4.750661e+10,
					"retransmits":	0,
					"snd_cwnd":	1899007,
					"rtt":	25,
					"omitted":	false
				}],
			"sum":	{
				"start":	13.000069,
				"end":	14.000161,
				"seconds":	1.000092,
				"bytes":	5938872320,
				"bits_per_second":	4.750661e+10,
				"retransmits":	0,
				"omitted":	false
			}
		}, {
			"streams":	[{
					"socket":	4,
					"start":	14.000161,
					"end":	15.000059,
					"seconds":	0.999898,
					"bytes":	5870714880,
					"bits_per_second":	4.697050e+10,
					"retransmits":	0,
					"snd_cwnd":	1899007,
					"rtt":	26,
					"omitted":	false
				}],
			"sum":	{
				"start":	14.000161,
				"end":	15.000059,
				"seconds":	0.999898,
				"bytes":	5870714880,
				"bits_per_second":	4.697050e+10,
				"retransmits":	0,
				"omitted":	false
			}
		}, {
			"streams":	[{
					"socket":	4,
					"start":	15.000059,
					"end":	16.000140,
					"seconds":	1.000081,
					"bytes":	6004408320,
					"bits_per_second":	4.803138e+10,
					"retransmits":	0,
					"snd_cwnd":	1899007,
					"rtt":	26,
					"omitted":	false
				}],