{
	"start":	{
		"connected":	[{
				"socket":	4,
				"local_host":	"169.254.0.2",
				"local_port":	42482,
				"remote_host":	"169.254.0.1",
				"remote_port":	5201
			}],
		"version":	"iperf 3.1.3",
		"system_info":	"Linux ip-10-0-0-129 4.15.0-1057-aws #59-Ubuntu SMP Wed Dec 4 10:02:00 UTC 2019 x86_64",
		"timestamp":	{
			"time":	"Sat, 25 Jan 2020 16:59:52 GMT",
			"timesecs":	1579971592
		},
		"connecting_to":	{
			"host":	"169.254.0.1",
			"port":	5201
		},
		"cookie":	"ip-10-0-0-129.1579971592.252336.643a",
		"tcp_mss_default":	1448,
		"test_start":	{
			"protocol":	"TCP",
			"num_streams":	1,
			"blksize":	131072,
			"omit":	0,
			"duration":	30,
			"bytes":	0,
			"blocks":	0,
			"reverse":	0
		}
	},
	"intervals":	[{
			"streams":	[{
					"socket":	4,
					"start":	0,
					"end":	1.000005,
					"seconds":	1.000005,
					"bytes":	2286100456,
					"bits_per_second":	1.828871e+10,
					"retransmits":	0,
					"snd_cwnd":	1988104,
					"rtt":	743,
					"omitted":	false
				}],
			"sum":	{
				"start":	0,
				"end":	1.000005,
				"seconds":	1.000005,
				"bytes":	2286100456,
				"bits_per_second":	1.828871e+10,
				"retransmits":	0,
				"omitted":	false
			}
		}, {
			"streams":	[{
					"socket":	4,
					"start":	1.000005,
					"end":	2.000232,
					"seconds":	1.000227,
					"bytes":	2389442560,
					"bits_per_second":	1.911120e+10,
					"retransmits":	0,
					"snd_cwnd":	1988104,
					"rtt":	628,
					"omitted":	false
				}],
			"sum":	{
				"start":	1.000005,
				"end":	2.000232,
				"seconds":	1.000227,
				"bytes":	2389442560,
				"bits_per_second":	1.911120e+10,
				"retransmits":	0,
				"omitted":	false
			}
		}, {
			"streams":	[{
					"socket":	4,
					"start":	2.000232,
					"end":	3.000234,
					"seconds":	1.000002,
					"bytes":	2259681280,
					"bits_per_second":	1.807741e+10,
					"retransmits":	0,
					"snd_cwnd":	1988104,
					"rtt":	747,
					"omitted":	false
				}],
			"sum":	{
				"start":	2.000232,
				"end":	3.000234,
				"seconds":	1.000002,
				"bytes":	2259681280,
				"bits_per_second":	1.807741e+10,
				"retransmits":	0,
				"omitted":	false
			}
		}, {
			"streams":	[{
					"socket":	4,
					"start":	3.000234,
					"end":	4.000316,
					"seconds":	1.000082,
					"bytes":	2326528000,
					"bits_per_second":	1.861070e+10,
					"retransmits":	0,
					"snd_cwnd":	1988104,
					"rtt":	811,
					"omitted":	false
				}],
			"sum":	{
				"start":	3.000234,
				"end":	4.000316,
				"seconds":	1.000082,
				"bytes":	2326528000,
				"bits_per_second":	1.861070e+10,
				"retransmits":	0,
				"omitted":	false
			}
		}, {
			"streams":	[{
					"socket":	4,
					"start":	4.000316,
					"end":	5.000310,
					"seconds":	0.999994,
					"bytes":	2322595840,
					"bits_per_second":	1.858088e+10,
					"retransmits":	0,
					"snd_cwnd":	1988104,
					"rtt":	804,
					"omitted":	false
				}],
			"sum":	{
				"start":	4.000316,
				"end":	5.000310,
				"seconds":	0.999994,
				"bytes":	2322595840,
				"bits_per_second":	1.858088e+10,
				"retransmits":	0,
				"omitted":	false
			}
		}, {
			"streams":	[{
					"socket":	4,
					"start":	5.000310,
					"end":	6.000108,
					"seconds":	0.999798,
					"bytes":	2250506240,
					"bits_per_second":	1.800769e+10,
					"retransmits":	0,
					"snd_cwnd":	1988104,
					"rtt":	771,
					"omitted":	false
				}],
			"sum":	{
				"start":	5.000310,
				"end":	6.000108,
				"seconds":	0.999798,
				"bytes":	2250506240,
				"bits_per_second":	1.800769e+10,
				"retransmits":	0,
				"omitted":	false
			}
		}, {
			"streams":	[{
					"socket":	4,
					"start":	6.000108,
					"end":	7.000272,
					"seconds":	1.000164,
					"bytes":	2344878080,
					"bits_per_second":	1.875595e+10,
					"retransmits":	0,
					"snd_cwnd":	1988104,
					"rtt":	847,
					"omitted":	false
				}],
			"sum":	{
				"start":	6.000108,
				"end":	7.000272,
				"seconds":	1.000164,
				"bytes":	2344878080,
				"bits_per_second":	1.875595e+10,
				"retransmits":	0,
				"omitted":	false
			}
		}, {
			"streams":	[{
					"socket":	4,
					"start":	7.000272,
					"end":	8.000311,
					"seconds":	1.000039,
					"bytes":	2325217280,
					"bits_per_second":	1.860101e+10,
					"retransmits":	0,
					"snd_cwnd":	1988104,
					"rtt":	789,
					"omitted":	false
				}],
			"sum":	{
				"start":	7.000272,
				"end":	8.000311,
				"seconds":	1.000039,
				"bytes":	2325217280,
				"bits_per_second":	1.860101e+10,
				"retransmits":	0,
				"omitted":	false
			}
		}, {
			"streams":	[{
					"socket":	4,
					"start":	8.000311,
					"end":	9.000060,
					"seconds":	0.999749,
					"bytes":	2278031360,
					"bits_per_second":	1.822883e+10,
					"retransmits":	0,
					"snd_cwnd":	1988104,
					"rtt":	737,
					"omitted":	false
				}],
			"sum":	{
				"start":	8.000311,
				"end":	9.000060,
				"seconds":	0.999749,
				"bytes":	2278031360,
				"bits_per_second":	1.822883e+10,
				"retransmits":	0,
				"omitted":	false
			}
		}, {
			"streams":	[{
					"socket":	4,
					"start":	9.000060,
					"end":	10.000198,
					"seconds":	1.000138,
					"bytes":	2196766720,
					"bits_per_second":	1.757171e+10,
					"retransmits":	0,
					"snd_cwnd":	1988104,
					"rtt":	679,
					"omitted":	false
				}],
			"sum":	{
				"start":	9.000060,
				"end":	10.000198,
				"seconds":	1.000138,
				"bytes":	2196766720,
				"bits_per_second":	1.757171e+10,
				"retransmits":	0,
				"omitted":	false
			}
		}, {
			"streams":	[{
					"socket":	4,
					"start":	10.000198,
					"end":	11.000275,
					"seconds":	1.000077,
					"bytes":	2363228160,
					"bits_per_second":	1.890437e+10,
					"retransmits":	0,
					"snd_cwnd":	1988104,
					"rtt":	782,
					"omitted":	false
				}],
			"sum":	{
				"start":	10.000198,
				"end":	11.000275,
				"seconds":	1.000077,
				"bytes":	2363228160,
				"bits_per_second":	1.890437e+10,
				"retransmits":	0,
				"omitted":	false
			}
		}, {
			"streams":	[{
					"socket":	4,
					"start":	11.000275,
					"end":	12.000345,
					"seconds":	1.000070,
					"bytes":	2202009600,
					"bits_per_second":	1.761485e+10,
					"retransmits":	0,
					"snd_cwnd":	1988104,
					"rtt":	831,
					"omitted":	false
				}],
			"sum":	{
				"start":	11.000275,
				"end":	12.000345,
				"seconds":	1.000070,
				"bytes":	2202009600,
				"bits_per_second":	1.761485e+10,
				"retransmits":	0,
				"omitted":	false
			}
		}, {
			"streams":	[{
					"socket":	4,
					"start":	12.000345,
					"end":	13.000434,
					"seconds":	1.000089,
					"bytes":	2839019520,
					"bits_per_second":	2.271013e+10,
					"retransmits":	0,
					"snd_cwnd":	1988104,
					"rtt":	587,
					"omitted":	false
				}],
			"sum":	{
				"start":	12.000345,
				"end":	13.000434,
				"seconds":	1.000089,
				"bytes":	2839019520,
				"bits_per_second":	2.271013e+10,
				"retransmits":	0,
				"omitted":	false
			}
		}, {
			"streams":	[{
					"socket":	4,
					"start":	13.000434,
					"end":	14.000439,
					"seconds":	1.000005,
					"bytes":	2962227200,
					"bits_per_second":	2.369770e+10,
					"retransmits":	0,
					"snd_cwnd":	1988104,
					"rtt":	648,
					"omitted":	false
				}],
			"sum":	{
				"start":	13.000434,
				"end":	14.000439,
				"seconds":	1.000005,
				"bytes":	2962227200,
				"bits_per_second":	2.369770e+10,
				"retransmits":	0,
				"omitted":	false
			}
		}, {
			"streams":	[{
					"socket":	4,
					"start":	14.000439,
					"end":	15.000104,
					"seconds":	0.999665,
					"bytes":	2812805120,
					"bits_per_second":	2.250999e+10,
					"retransmits":	0,
					"snd_cwnd":	1988104,
					"rtt":	88,
					"omitted":	false
				}],
			"sum":	{
				"start":	14.000439,
				"end":	15.000104,
				"seconds":	0.999665,
				"bytes":	2812805120,
				"bits_per_second":	2.250999e+10,
				"retransmits":	0,
				"omitted":	false
			}
		}, {
			"streams":	[{
					"socket":	4,
					"start":	15.000104,
					"end":	16.000034,
					"seconds":	0.999930,
					"bytes":	2759065600,
					"bits_per_second":	2.207407e+10,
					"retransmits":	0,
					"snd_cwnd":	1988104,
					"rtt":	77,
					"omitted":	false
				}],