{
	"start":	{
		"connected":	[{
				"socket":	4,
				"local_host":	"169.254.0.2",
				"local_port":	42520,
				"remote_host":	"169.254.0.1",
				"remote_port":	5201
			}],
		"version":	"iperf 3.1.3",
		"system_info":	"Linux ip-10-0-0-129 4.15.0-1057-aws #59-Ubuntu SMP Wed Dec 4 10:02:00 UTC 2019 x86_64",
		"timestamp":	{
			"time":	"Sat, 25 Jan 2020 19:04:37 GMT",
			"timesecs":	1579979077
		},
		"connecting_to":	{
			"host":	"169.254.0.1",
			"port":	5201
		},
		"cookie":	"ip-10-0-0-129.1579979077.068566.5318",
		"tcp_mss_default":	1448,
		"test_start":	{
			"protocol":	"TCP",
			"num_streams":	1,
			"blksize":	131072,
			"omit":	0,
			"duration":	30,
			"bytes":	0,
			"blocks":	0,
			"reverse":	0
		}
	},
	"intervals":	[{
			"streams":	[{
					"socket":	4,
					"start":	0,
					"end":	1.000555,
					"seconds":	1.000555,
					"bytes":	2342699496,
					"bits_per_second":	1.873120e+10,
					"retransmits":	0,
					"snd_cwnd":	2032992,
					"rtt":	947,
					"omitted":	false
				}],
			"sum":	{
				"start":	0,
				"end":	1.000555,
				"seconds":	1.000555,
				"bytes":	2342699496,
				"bits_per_second":	1.873120e+10,
				"retransmits":	0,
				"omitted":	false
			}
		}, {
			"streams":	[{
					"socket":	4,
					"start":	1.000555,
					"end":	2.000325,
					"seconds":	0.999770,
					"bytes":	2035317248,
					"bits_per_second":	1.628629e+10,
					"retransmits":	0,
					"snd_cwnd":	2032992,
					"rtt":	766,
					"omitted":	false
				}],
			"sum":	{
				"start":	1.000555,
				"end":	2.000325,
				"seconds":	0.999770,
				"bytes":	2035317248,
				"bits_per_second":	1.628629e+10,
				"retransmits":	0,
				"omitted":	false
			}
		}, {
			"streams":	[{
					"socket":	4,
					"start":	2.000325,
					"end":	3.000266,
					"seconds":	0.999941,
					"bytes":	2332962392,
					"bits_per_second":	1.866480e+10,
					"retransmits":	0,
					"snd_cwnd":	2032992,
					"rtt":	676,
					"omitted":	false
				}],
			"sum":	{
				"start":	2.000325,
				"end":	3.000266,
				"seconds":	0.999941,
				"bytes":	2332962392,
				"bits_per_second":	1.866480e+10,
				"retransmits":	0,
				"omitted":	false
			}
		}, {
			"streams":	[{
					"socket":	4,
					"start":	3.000266,
					"end":	4.000279,
					"seconds":	1.000013,
					"bytes":	2486249648,
					"bits_per_second":	1.988974e+10,
					"retransmits":	0,
					"snd_cwnd":	2032992,
					"rtt":	696,
					"omitted":	false
				}],
			"sum":	{
				"start":	3.000266,
				"end":	4.000279,
				"seconds":	1.000013,
				"bytes":	2486249648,
				"bits_per_second":	1.988974e+10,
				"retransmits":	0,
				"omitted":	false
			}
		}, {
			"streams":	[{
					"socket":	4,
					"start":	4.000279,
					"end":	5.000209,
					"seconds":	0.999930,
					"bytes":	2457600000,
					"bits_per_second":	1.966217e+10,
					"retransmits":	0,
					"snd_cwnd":	2032992,
					"rtt":	783,
					"omitted":	false
				}],
			"sum":	{
				"start":	4.000279,
				"end":	5.000209,
				"seconds":	0.999930,
				"bytes":	2457600000,
				"bits_per_second":	1.966217e+10,
				"retransmits":	0,
				"omitted":	false
			}
		}, {
			"streams":	[{
					"socket":	4,
					"start":	5.000209,
					"end":	6.000279,
					"seconds":	1.000070,
					"bytes":	2473276728,
					"bits_per_second":	1.978483e+10,
					"retransmits":	0,
					"snd_cwnd":	2032992,
					"rtt":	667,
					"omitted":	false
				}],
			"sum":	{
				"start":	5.000209,
				"end":	6.000279,
				"seconds":	1.000070,
				"bytes":	2473276728,
				"bits_per_second":	1.978483e+10,
				"retransmits":	0,
				"omitted":	false
			}
		}, {
			"streams":	[{
					"socket":	4,
					"start":	6.000279,
					"end":	7.000447,
					"seconds":	1.000168,
					"bytes":	2472017920,
					"bits_per_second":	1.977282e+10,
					"retransmits":	0,
					"snd_cwnd":	2032992,
					"rtt":	666,
					"omitted":	false
				}],
			"sum":	{
				"start":	6.000279,
				"end":	7.000447,
				"seconds":	1.000168,
				"bytes":	2472017920,
				"bits_per_second":	1.977282e+10,
				"retransmits":	0,
				"omitted":	false
			}
		}, {
			"streams":	[{
					"socket":	4,
					"start":	7.000447,
					"end":	8.000240,
					"seconds":	0.999793,
					"bytes":	2474312584,
					"bits_per_second":	1.979860e+10,
					"retransmits":	0,
					"snd_cwnd":	2032992,
					"rtt":	729,
					"omitted":	false
				}],
			"sum":	{
				"start":	7.000447,
				"end":	8.000240,
				"seconds":	0.999793,
				"bytes":	2474312584,
				"bits_per_second":	1.979860e+10,
				"retransmits":	0,
				"omitted":	false
			}
		}, {
			"streams":	[{
					"socket":	4,
					"start":	8.000240,
					"end":	9.000092,
					"seconds":	0.999852,
					"bytes":	2482503680,
					"bits_per_second":	1.986297e+10,
					"retransmits":	0,
					"snd_cwnd":	2032992,
					"rtt":	675,
					"omitted":	false
				}],
			"sum":	{
				"start":	8.000240,
				"end":	9.000092,
				"seconds":	0.999852,
				"bytes":	2482503680,
				"bits_per_second":	1.986297e+10,
				"retransmits":	0,
				"omitted":	false
			}
		}, {
			"streams":	[{
					"socket":	4,
					"start":	9.000092,
					"end":	10.000129,
					"seconds":	1.000037,
					"bytes":	2498232320,
					"bits_per_second":	1.998512e+10,
					"retransmits":	0,
					"snd_cwnd":	2032992,
					"rtt":	669,
					"omitted":	false
				}],
			"sum":	{
				"start":	9.000092,
				"end":	10.000129,
				"seconds":	1.000037,
				"bytes":	2498232320,
				"bits_per_second":	1.998512e+10,
				"retransmits":	0,
				"omitted":	false
			}
		}, {
			"streams":	[{
					"socket":	4,
					"start":	10.000129,
					"end":	11.000189,
					"seconds":	1.000060,
					"bytes":	2472017920,
					"bits_per_second":	1.977496e+10,
					"retransmits":	0,
					"snd_cwnd":	2032992,
					"rtt":	832,
					"omitted":	false
				}],
			"sum":	{
				"start":	10.000129,
				"end":	11.000189,
				"seconds":	1.000060,
				"bytes":	2472017920,
				"bits_per_second":	1.977496e+10,
				"retransmits":	0,
				"omitted":	false
			}
		}, {
			"streams":	[{
					"socket":	4,
					"start":	11.000189,
					"end":	12.000248,
					"seconds":	1.000059,
					"bytes":	2465149224,
					"bits_per_second":	1.972003e+10,
					"retransmits":	0,
					"snd_cwnd":	2032992,
					"rtt":	711,
					"omitted":	false
				}],
			"sum":	{
				"start":	11.000189,
				"end":	12.000248,
				"seconds":	1.000059,
				"bytes":	2465149224,
				"bits_per_second":	1.972003e+10,
				"retransmits":	0,
				"omitted":	false
			}
		}, {
			"streams":	[{
					"socket":	4,
					"start":	12.000248,
					"end":	13.000305,
					"seconds":	1.000057,
					"bytes":	2470707200,
					"bits_per_second":	1.976453e+10,
					"retransmits":	0,
					"snd_cwnd":	2032992,
					"rtt":	818,
					"omitted":	false
				}],
			"sum":	{
				"start":	12.000248,
				"end":	13.000305,
				"seconds":	1.000057,
				"bytes":	2470707200,
				"bits_per_second":	1.976453e+10,
				"retransmits":	0,
				"omitted":	false
			}
		}, {
			"streams":	[{
					"socket":	4,
					"start":	13.000305,
					"end":	14.000397,
					"seconds":	1.000092,
					"bytes":	2473328640,
					"bits_per_second":	1.978481e+10,
					"retransmits":	0,
					"snd_cwnd":	2032992,
					"rtt":	759,
					"omitted":	false
				}],
			"sum":	{
				"start":	13.000305,
				"end":	14.000397,
				"seconds":	1.000092,
				"bytes":	2473328640,
				"bits_per_second":	1.978481e+10,
				"retransmits":	0,
				"omitted":	false
			}
		}, {
			"streams":	[{
					"socket":	4,
					"start":	14.000397,
					"end":	15.000476,
					"seconds":	1.000079,
					"bytes":	2487746560,
					"bits_per_second":	1.990040e+10,
					"retransmits":	0,
					"snd_cwnd":	2032992,
					"rtt":	740,
					"omitted":	false
				}],
			"sum":	{
				"start":	14.000397,
				"end":	15.000476,
				"seconds":	1.000079,
				"bytes":	2487746560,
				"bits_per_second":	1.990040e+10,
				"retransmits":	0,
				"omitted":	false
			}
		}, {
			"streams":	[{
					"socket":	4,
					"start":	15.000476,
					"end":	16.000275,
					"seconds":	0.999799,
					"bytes":	2474520616,
					"bits_per_second":	1.980014e+10,
					"retransmits":	0,
					"snd_cwnd":	2032992,
					"rtt":	659,
					"omitted":	false
				}],