{
	"start":	{
		"connected":	[{
				"socket":	5,
				"local_host":	"169.254.0.1",
				"local_port":	56830,
				"remote_host":	"169.254.0.2",
				"remote_port":	5201
			}],
		"version":	"iperf 3.6",
		"system_info":	"Linux 169.254.0.1 4.14.94 #1 SMP Wed Jan 23 21:19:15 UTC 2019 x86_64",
		"timestamp":	{
			"time":	"Mon, 22 Apr 2019 14:32:52 GMT",
			"timesecs":	1555943572
		},
		"connecting_to":	{
			"host":	"169.254.0.2",
			"port":	5201
		},
		"cookie":	"yq5gab4kuoh35dorapvilqlzpuioa7xr242v",
		"tcp_mss_default":	1448,
		"sock_bufsize":	0,
		"sndbuf_actual":	16384,
		"rcvbuf_actual":	87380,
		"test_start":	{
			"protocol":	"TCP",
			"num_streams":	1,
			"blksize":	131072,
			"omit":	0,
			"duration":	30,
			"bytes":	0,
			"blocks":	0,
			"reverse":	0,
			"tos":	0
		}
	},
	"intervals":	[{
			"streams":	[{
					"socket":	5,
					"start":	0,
					"end":	1.0002028942108154,
					"seconds":	1.0002028942108154,
					"bytes":	2703513656,
					"bits_per_second":	21623721920.006149,
					"retransmits":	0,
					"snd_cwnd":	3202976,
					"rtt":	290,
					"rttvar":	43,
					"pmtu":	1500,
					"omitted":	false
				}],
			"sum":	{
				"start":	0,
				"end":	1.0002028942108154,
				"seconds":	1.0002028942108154,
				"bytes":	2703513656,
				"bits_per_second":	21623721920.006149,
				"retransmits":	0,
				"omitted":	false
			}
		}, {
			"streams":	[{
					"socket":	5,
					"start":	1.0002028942108154,
					"end":	2.0001809597015381,
					"seconds":	0.99997806549072266,
					"bytes":	2078801920,
					"bits_per_second":	16630780148.001446,
					"retransmits":	0,
					"snd_cwnd":	3202976,
					"rtt":	361,
					"rttvar":	172,
					"pmtu":	1500,
					"omitted":	false
				}],
			"sum":	{
				"start":	1.0002028942108154,
				"end":	2.0001809597015381,
				"seconds":	0.99997806549072266,
				"bytes":	2078801920,
				"bits_per_second":	16630780148.001446,
				"retransmits":	0,
				"omitted":	false
			}
		}, {
			"streams":	[{
					"socket":	5,
					"start":	2.0001809597015381,
					"end":	3.0002930164337158,
					"seconds":	1.0001120567321777,
					"bytes":	1947729920,
					"bits_per_second":	15580093505.634735,
					"retransmits":	0,
					"snd_cwnd":	3202976,
					"rtt":	171,
					"rttvar":	63,
					"pmtu":	1500,
					"omitted":	false
				}],
			"sum":	{
				"start":	2.0001809597015381,
				"end":	3.0002930164337158,
				"seconds":	1.0001120567321777,
				"bytes":	1947729920,
				"bits_per_second":	15580093505.634735,
				"retransmits":	0,
				"omitted":	false
			}
		}, {
			"streams":	[{
					"socket":	5,
					"start":	3.0002930164337158,
					"end":	4.0006208419799805,
					"seconds":	1.0003278255462646,
					"bytes":	1928069120,
					"bits_per_second":	15419498054.627115,
					"retransmits":	0,
					"snd_cwnd":	3202976,
					"rtt":	101,
					"rttvar":	15,
					"pmtu":	1500,
					"omitted":	false
				}],
			"sum":	{
				"start":	3.0002930164337158,
				"end":	4.0006208419799805,
				"seconds":	1.0003278255462646,
				"bytes":	1928069120,
				"bits_per_second":	15419498054.627115,
				"retransmits":	0,
				"omitted":	false
			}
		}, {
			"streams":	[{
					"socket":	5,
					"start":	4.0006208419799805,
					"end":	5.000295877456665,
					"seconds":	0.99967503547668457,
					"bytes":	1935933440,
					"bits_per_second":	15492502033.538292,
					"retransmits":	0,
					"snd_cwnd":	3202976,
					"rtt":	169,
					"rttvar":	102,
					"pmtu":	1500,
					"omitted":	false
				}],
			"sum":	{
				"start":	4.0006208419799805,
				"end":	5.000295877456665,
				"seconds":	0.99967503547668457,
				"bytes":	1935933440,
				"bits_per_second":	15492502033.538292,
				"retransmits":	0,
				"omitted":	false
			}
		}, {
			"streams":	[{
					"socket":	5,
					"start":	5.000295877456665,
					"end":	6.0006799697875977,
					"seconds":	1.0003840923309326,
					"bytes":	1951662080,
					"bits_per_second":	15607301994.997171,
					"retransmits":	0,
					"snd_cwnd":	3202976,
					"rtt":	201,
					"rttvar":	147,
					"pmtu":	1500,
					"omitted":	false
				}],
			"sum":	{
				"start":	5.000295877456665,
				"end":	6.0006799697875977,
				"seconds":	1.0003840923309326,
				"bytes":	1951662080,
				"bits_per_second":	15607301994.997171,
				"retransmits":	0,
				"omitted":	false
			}
		}, {
			"streams":	[{
					"socket":	5,
					"start":	6.0006799697875977,
					"end":	7.0000708103179932,
					"seconds":	0.99939084053039551,
					"bytes":	2051276800,
					"bits_per_second":	16420216930.636257,
					"retransmits":	0,
					"snd_cwnd":	3202976,
					"rtt":	1328,
					"rttvar":	292,
					"pmtu":	1500,
					"omitted":	false
				}],
			"sum":	{
				"start":	6.0006799697875977,
				"end":	7.0000708103179932,
				"seconds":	0.99939084053039551,
				"bytes":	2051276800,
				"bits_per_second":	16420216930.636257,
				"retransmits":	0,
				"omitted":	false
			}
		}, {
			"streams":	[{
					"socket":	5,
					"start":	7.0000708103179932,
					"end":	8.0004727840423584,
					"seconds":	1.0004019737243652,
					"bytes":	1937244160,
					"bits_per_second":	15491726013.19763,
					"retransmits":	0,
					"snd_cwnd":	3202976,
					"rtt":	144,
					"rttvar":	95,
					"pmtu":	1500,
					"omitted":	false
				}],
			"sum":	{
				"start":	7.0000708103179932,
				"end":	8.0004727840423584,
				"seconds":	1.0004019737243652,
				"bytes":	1937244160,
				"bits_per_second":	15491726013.19763,
				"retransmits":	0,
				"omitted":	false
			}
		}, {
			"streams":	[{
					"socket":	5,
					"start":	8.0004727840423584,
					"end":	9.0002880096435547,
					"seconds":	0.99981522560119629,
					"bytes":	1925447680,
					"bits_per_second":	15406428153.499775,
					"retransmits":	0,
					"snd_cwnd":	3202976,
					"rtt":	148,
					"rttvar":	87,
					"pmtu":	1500,
					"omitted":	false
				}],
			"sum":	{
				"start":	8.0004727840423584,
				"end":	9.0002880096435547,
				"seconds":	0.99981522560119629,
				"bytes":	1925447680,
				"bits_per_second":	15406428153.499775,
				"retransmits":	0,
				"omitted":	false
			}
		}, {
			"streams":	[{
					"socket":	5,
					"start":	9.0002880096435547,
					"end":	10.000293970108032,
					"seconds":	1.0000059604644775,
					"bytes":	1941176320,
					"bits_per_second":	15529317998.051712,
					"retransmits":	0,
					"snd_cwnd":	3202976,
					"rtt":	159,
					"rttvar":	79,
					"pmtu":	1500,
					"omitted":	false
				}],
			"sum":	{
				"start":	9.0002880096435547,
				"end":	10.000293970108032,
				"seconds":	1.0000059604644775,
				"bytes":	1941176320,
				"bits_per_second":	15529317998.051712,
				"retransmits":	0,
				"omitted":	false
			}
		}, {
			"streams":	[{
					"socket":	5,
					"start":	10.000293970108032,
					"end":	11.000748872756958,
					"seconds":	1.0004549026489258,
					"bytes":	1947729920,
					"bits_per_second":	15574754362.98391,
					"retransmits":	0,
					"snd_cwnd":	3202976,
					"rtt":	234,
					"rttvar":	163,
					"pmtu":	1500,
					"omitted":	false
				}],
			"sum":	{
				"start":	10.000293970108032,
				"end":	11.000748872756958,
				"seconds":	1.0004549026489258,
				"bytes":	1947729920,
				"bits_per_second":	15574754362.98391,
				"retransmits":	0,
				"omitted":	false
			}
		}, {
			"streams":	[{
					"socket":	5,
					"start":	11.000748872756958,
					"end":	12.000125885009766,
					"seconds":	0.99937701225280762,
					"bytes":	1935933440,
					"bits_per_second":	15497122037.145887,
					"retransmits":	0,
					"snd_cwnd":	3202976,
					"rtt":	510,
					"rttvar":	142,
					"pmtu":	1500,
					"omitted":	false
				}],
			"sum":	{
				"start":	11.000748872756958,
				"end":	12.000125885009766,
				"seconds":	0.99937701225280762,
				"bytes":	1935933440,
				"bits_per_second":	15497122037.145887,
				"retransmits":	0,
				"omitted":	false
			}
		}, {
			"streams":	[{
					"socket":	5,
					"start":	12.000125885009766,
					"end":	13.00037693977356,
					"seconds":	1.0002510547637939,
					"bytes":	2402549760,
					"bits_per_second":	19215573918.628693,
					"retransmits":	0,
					"snd_cwnd":	3202976,
					"rtt":	297,
					"rttvar":	47,
					"pmtu":	1500,