{
	"start":	{
		"connected":	[{
				"socket":	5,
				"local_host":	"169.254.0.1",
				"local_port":	55352,
				"remote_host":	"169.254.0.2",
				"remote_port":	5201
			}],
		"version":	"iperf 3.6",
		"system_info":	"Linux 169.254.0.1 4.14.94 #1 SMP Wed Jan 23 21:19:15 UTC 2019 x86_64",
		"timestamp":	{
			"time":	"Mon, 02 Sep 2019 20:51:42 GMT",
			"timesecs":	1567457502
		},
		"connecting_to":	{
			"host":	"169.254.0.2",
			"port":	5201
		},
		"cookie":	"fopaa5mqru5qz5juvocaf5d5o4yqmkyem4g6",
		"tcp_mss_default":	1448,
		"sock_bufsize":	0,
		"sndbuf_actual":	16384,
		"rcvbuf_actual":	87380,
		"test_start":	{
			"protocol":	"TCP",
			"num_streams":	1,
			"blksize":	131072,
			"omit":	0,
			"duration":	30,
			"bytes":	0,
			"blocks":	0,
			"reverse":	0,
			"tos":	0
		}
	},
	"intervals":	[{
			"streams":	[{
					"socket":	5,
					"start":	0,
					"end":	1.0001099109649658,
					"seconds":	1.0001099109649658,
					"bytes":	3289075632,
					"bits_per_second":	26309713330.019924,
					"retransmits":	0,
					"snd_cwnd":	3195736,
					"rtt":	635,
					"rttvar":	54,
					"pmtu":	1500,
					"omitted":	false
				}],
			"sum":	{
				"start":	0,
				"end":	1.0001099109649658,
				"seconds":	1.0001099109649658,
				"bytes":	3289075632,
				"bits_per_second":	26309713330.019924,
				"retransmits":	0,
				"omitted":	false
			}
		}, {
			"streams":	[{
					"socket":	5,
					"start":	1.0001099109649658,
					"end":	2.0000259876251221,
					"seconds":	0.99991607666015625,
					"bytes":	3356753920,
					"bits_per_second":	26856285229.152225,
					"retransmits":	0,
					"snd_cwnd":	3195736,
					"rtt":	689,
					"rttvar":	69,
					"pmtu":	1500,
					"omitted":	false
				}],
			"sum":	{
				"start":	1.0001099109649658,
				"end":	2.0000259876251221,
				"seconds":	0.99991607666015625,
				"bytes":	3356753920,
				"bits_per_second":	26856285229.152225,
				"retransmits":	0,
				"omitted":	false
			}
		}, {
			"streams":	[{
					"socket":	5,
					"start":	2.0000259876251221,
					"end":	3.0000350475311279,
					"seconds":	1.0000090599060059,
					"bytes":	3333160960,
					"bits_per_second":	26665046097.188717,
					"retransmits":	0,
					"snd_cwnd":	3195736,
					"rtt":	658,
					"rttvar":	55,
					"pmtu":	1500,
					"omitted":	false
				}],
			"sum":	{
				"start":	2.0000259876251221,
				"end":	3.0000350475311279,
				"seconds":	1.0000090599060059,
				"bytes":	3333160960,
				"bits_per_second":	26665046097.188717,
				"retransmits":	0,
				"omitted":	false
			}
		}, {
			"streams":	[{
					"socket":	5,
					"start":	3.0000350475311279,
					"end":	4.0001490116119385,
					"seconds":	1.0001139640808105,
					"bytes":	3346268160,
					"bits_per_second":	26767094792.645988,
					"retransmits":	0,
					"snd_cwnd":	3195736,
					"rtt":	662,
					"rttvar":	63,
					"pmtu":	1500,
					"omitted":	false
				}],
			"sum":	{
				"start":	3.0000350475311279,
				"end":	4.0001490116119385,
				"seconds":	1.0001139640808105,
				"bytes":	3346268160,
				"bits_per_second":	26767094792.645988,
				"retransmits":	0,
				"omitted":	false
			}
		}, {
			"streams":	[{
					"socket":	5,
					"start":	4.0001490116119385,
					"end":	5.0000679492950439,
					"seconds":	0.99991893768310547,
					"bytes":	2975334400,
					"bits_per_second":	23804604856.422421,
					"retransmits":	0,
					"snd_cwnd":	3195736,
					"rtt":	1059,
					"rttvar":	75,
					"pmtu":	1500,
					"omitted":	false
				}],
			"sum":	{
				"start":	4.0001490116119385,
				"end":	5.0000679492950439,
				"seconds":	0.99991893768310547,
				"bytes":	2975334400,
				"bits_per_second":	23804604856.422421,
				"retransmits":	0,
				"omitted":	false
			}
		}, {
			"streams":	[{
					"socket":	5,
					"start":	5.0000679492950439,
					"end":	6.0005619525909424,
					"seconds":	1.0004940032958984,
					"bytes":	2060451840,
					"bits_per_second":	16475475780.662857,
					"retransmits":	0,
					"snd_cwnd":	3195736,
					"rtt":	245,
					"rttvar":	159,
					"pmtu":	1500,
					"omitted":	false
				}],
			"sum":	{
				"start":	5.0000679492950439,
				"end":	6.0005619525909424,
				"seconds":	1.0004940032958984,
				"bytes":	2060451840,
				"bits_per_second":	16475475780.662857,
				"retransmits":	0,
				"omitted":	false
			}
		}, {
			"streams":	[{
					"socket":	5,
					"start":	6.0005619525909424,
					"end":	7.0000739097595215,
					"seconds":	0.9995119571685791,
					"bytes":	1954283520,
					"bits_per_second":	15641902078.179043,
					"retransmits":	0,
					"snd_cwnd":	3195736,
					"rtt":	521,
					"rttvar":	157,
					"pmtu":	1500,
					"omitted":	false
				}],
			"sum":	{
				"start":	6.0005619525909424,
				"end":	7.0000739097595215,
				"seconds":	0.9995119571685791,
				"bytes":	1954283520,
				"bits_per_second":	15641902078.179043,
				"retransmits":	0,
				"omitted":	false
			}
		}, {
			"streams":	[{
					"socket":	5,
					"start":	7.0000739097595215,
					"end":	8.0005099773406982,
					"seconds":	1.0004360675811768,
					"bytes":	2030305280,
					"bits_per_second":	16235362524.734312,
					"retransmits":	0,
					"snd_cwnd":	3195736,
					"rtt":	474,
					"rttvar":	169,
					"pmtu":	1500,
					"omitted":	false
				}],
			"sum":	{
				"start":	7.0000739097595215,
				"end":	8.0005099773406982,
				"seconds":	1.0004360675811768,
				"bytes":	2030305280,
				"bits_per_second":	16235362524.734312,
				"retransmits":	0,
				"omitted":	false
			}
		}, {
			"streams":	[{
					"socket":	5,
					"start":	8.0005099773406982,
					"end":	9.00033688545227,
					"seconds":	0.99982690811157227,
					"bytes":	1939865600,
					"bits_per_second":	15521611465.039925,
					"retransmits":	0,
					"snd_cwnd":	3195736,
					"rtt":	175,
					"rttvar":	107,
					"pmtu":	1500,
					"omitted":	false
				}],
			"sum":	{
				"start":	8.0005099773406982,
				"end":	9.00033688545227,
				"seconds":	0.99982690811157227,
				"bytes":	1939865600,
				"bits_per_second":	15521611465.039925,
				"retransmits":	0,
				"omitted":	false
			}
		}, {
			"streams":	[{
					"socket":	5,
					"start":	9.00033688545227,
					"end":	10.000479936599731,
					"seconds":	1.0001430511474609,
					"bytes":	1941176320,
					"bits_per_second":	15527189377.74267,
					"retransmits":	0,
					"snd_cwnd":	3195736,
					"rtt":	514,
					"rttvar":	176,
					"pmtu":	1500,
					"omitted":	false
				}],
			"sum":	{
				"start":	9.00033688545227,
				"end":	10.000479936599731,
				"seconds":	1.0001430511474609,
				"bytes":	1941176320,
				"bits_per_second":	15527189377.74267,
				"retransmits":	0,
				"omitted":	false
			}
		}, {
			"streams":	[{
					"socket":	5,
					"start":	10.000479936599731,
					"end":	11.000295877456665,
					"seconds":	0.99981594085693359,
					"bytes":	1956904960,
					"bits_per_second":	15658121700.462217,
					"retransmits":	0,
					"snd_cwnd":	3195736,
					"rtt":	474,
					"rttvar":	145,
					"pmtu":	1500,
					"omitted":	false
				}],
			"sum":	{
				"start":	10.000479936599731,
				"end":	11.000295877456665,
				"seconds":	0.99981594085693359,
				"bytes":	1956904960,
				"bits_per_second":	15658121700.462217,
				"retransmits":	0,
				"omitted":	false
			}
		}, {
			"streams":	[{
					"socket":	5,
					"start":	11.000295877456665,
					"end":	12.00009298324585,
					"seconds":	0.99979710578918457,
					"bytes":	1933312000,
					"bits_per_second":	15469634699.323923,
					"retransmits":	0,
					"snd_cwnd":	3195736,
					"rtt":	544,
					"rttvar":	155,
					"pmtu":	1500,
					"omitted":	false
				}],
			"sum":	{
				"start":	11.000295877456665,
				"end":	12.00009298324585,
				"seconds":	0.99979710578918457,
				"bytes":	1933312000,
				"bits_per_second":	15469634699.323923,
				"retransmits":	0,
				"omitted":	false
			}
		}, {
			"streams":	[{
					"socket":	5,
					"start":	12.00009298324585,
					"end":	13.000244855880737,
					"seconds":	1.0001518726348877,
					"bytes":	1966080000,
					"bits_per_second":	15726251612.730667,
					"retransmits":	0,
					"snd_cwnd":	3195736,
					"rtt":	144,
					"rttvar":	73,
					"pmtu":	1500,