{
	"start":	{
		"connected":	[{
				"socket":	4,
				"local_host":	"169.254.0.2",
				"local_port":	58182,
				"remote_host":	"169.254.0.1",
				"remote_port":	5201
			}],
		"version":	"iperf 3.1.3",
		"system_info":	"Linux ip-172-30-0-103 4.15.0-1035-aws #37-Ubuntu SMP Mon Mar 18 16:15:14 UTC 2019 x86_64",
		"timestamp":	{
			"time":	"Mon, 22 Apr 2019 14:34:34 GMT",
			"timesecs":	1555943674
		},
		"connecting_to":	{
			"host":	"169.254.0.1",
			"port":	5201
		},
		"cookie":	"ip-172-30-0-103.1555943674.172266.19",
		"tcp_mss_default":	1448,
		"test_start":	{
			"protocol":	"TCP",
			"num_streams":	1,
			"blksize":	131072,
			"omit":	0,
			"duration":	30,
			"bytes":	0,
			"blocks":	0,
			"reverse":	0
		}
	},
	"intervals":	[{
			"streams":	[{
					"socket":	4,
					"start":	0,
					"end":	1.000178,
					"seconds":	1.000178,
					"bytes":	4418140000,
					"bits_per_second":	3.533883e+10,
					"retransmits":	0,
					"snd_cwnd":	2063400,
					"rtt":	358,
					"omitted":	false
				}],
			"sum":	{
				"start":	0,
				"end":	1.000178,
				"seconds":	1.000178,
				"bytes":	4418140000,
				"bits_per_second":	3.533883e+10,
				"retransmits":	0,
				"omitted":	false
			}
		}, {
			"streams":	[{
					"socket":	4,
					"start":	1.000178,
					"end":	2.000195,
					"seconds":	1.000017,
					"bytes":	4468244480,
					"bits_per_second":	3.574535e+10,
					"retransmits":	0,
					"snd_cwnd":	2063400,
					"rtt":	369,
					"omitted":	false
				}],
			"sum":	{
				"start":	1.000178,
				"end":	2.000195,
				"seconds":	1.000017,
				"bytes":	4468244480,
				"bits_per_second":	3.574535e+10,
				"retransmits":	0,
				"omitted":	false
			}
		}, {
			"streams":	[{
					"socket":	4,
					"start":	2.000195,
					"end":	3.000032,
					"seconds":	0.999837,
					"bytes":	3866624000,
					"bits_per_second":	3.093804e+10,
					"retransmits":	0,
					"snd_cwnd":	2063400,
					"rtt":	523,
					"omitted":	false
				}],
			"sum":	{
				"start":	2.000195,
				"end":	3.000032,
				"seconds":	0.999837,
				"bytes":	3866624000,
				"bits_per_second":	3.093804e+10,
				"retransmits":	0,
				"omitted":	false
			}
		}, {
			"streams":	[{
					"socket":	4,
					"start":	3.000032,
					"end":	4.000407,
					"seconds":	1.000375,
					"bytes":	3177185280,
					"bits_per_second":	2.540795e+10,
					"retransmits":	0,
					"snd_cwnd":	2063400,
					"rtt":	586,
					"omitted":	false
				}],
			"sum":	{
				"start":	3.000032,
				"end":	4.000407,
				"seconds":	1.000375,
				"bytes":	3177185280,
				"bits_per_second":	2.540795e+10,
				"retransmits":	0,
				"omitted":	false
			}
		}, {
			"streams":	[{
					"socket":	4,
					"start":	4.000407,
					"end":	5.000067,
					"seconds":	0.999660,
					"bytes":	2726297600,
					"bits_per_second":	2.181780e+10,
					"retransmits":	0,
					"snd_cwnd":	2063400,
					"rtt":	712,
					"omitted":	false
				}],
			"sum":	{
				"start":	4.000407,
				"end":	5.000067,
				"seconds":	0.999660,
				"bytes":	2726297600,
				"bits_per_second":	2.181780e+10,
				"retransmits":	0,
				"omitted":	false
			}
		}, {
			"streams":	[{
					"socket":	4,
					"start":	5.000067,
					"end":	6.000043,
					"seconds":	0.999976,
					"bytes":	2704015360,
					"bits_per_second":	2.163264e+10,
					"retransmits":	0,
					"snd_cwnd":	2063400,
					"rtt":	685,
					"omitted":	false
				}],
			"sum":	{
				"start":	5.000067,
				"end":	6.000043,
				"seconds":	0.999976,
				"bytes":	2704015360,
				"bits_per_second":	2.163264e+10,
				"retransmits":	0,
				"omitted":	false
			}
		}, {
			"streams":	[{
					"socket":	4,
					"start":	6.000043,
					"end":	7.000239,
					"seconds":	1.000196,
					"bytes":	2707549280,
					"bits_per_second":	2.165615e+10,
					"retransmits":	0,
					"snd_cwnd":	2063400,
					"rtt":	663,
					"omitted":	false
				}],
			"sum":	{
				"start":	6.000043,
				"end":	7.000239,
				"seconds":	1.000196,
				"bytes":	2707549280,
				"bits_per_second":	2.165615e+10,
				"retransmits":	0,
				"omitted":	false
			}
		}, {
			"streams":	[{
					"socket":	4,
					"start":	7.000239,
					"end":	8.000310,
					"seconds":	1.000071,
					"bytes":	2698772480,
					"bits_per_second":	2.158865e+10,
					"retransmits":	0,
					"snd_cwnd":	2063400,
					"rtt":	730,
					"omitted":	false
				}],
			"sum":	{
				"start":	7.000239,
				"end":	8.000310,
				"seconds":	1.000071,
				"bytes":	2698772480,
				"bits_per_second":	2.158865e+10,
				"retransmits":	0,
				"omitted":	false
			}
		}, {
			"streams":	[{
					"socket":	4,
					"start":	8.000310,
					"end":	9.000241,
					"seconds":	0.999931,
					"bytes":	3646423040,
					"bits_per_second":	2.917339e+10,
					"retransmits":	0,
					"snd_cwnd":	2063400,
					"rtt":	404,
					"omitted":	false
				}],
			"sum":	{
				"start":	8.000310,
				"end":	9.000241,
				"seconds":	0.999931,
				"bytes":	3646423040,
				"bits_per_second":	2.917339e+10,
				"retransmits":	0,
				"omitted":	false
			}
		}, {
			"streams":	[{
					"socket":	4,
					"start":	9.000241,
					"end":	10.000220,
					"seconds":	0.999979,
					"bytes":	4890296320,
					"bits_per_second":	3.912319e+10,
					"retransmits":	0,
					"snd_cwnd":	2063400,
					"rtt":	346,
					"omitted":	false
				}],
			"sum":	{
				"start":	9.000241,
				"end":	10.000220,
				"seconds":	0.999979,
				"bytes":	4890296320,
				"bits_per_second":	3.912319e+10,
				"retransmits":	0,
				"omitted":	false
			}
		}, {
			"streams":	[{
					"socket":	4,
					"start":	10.000220,
					"end":	11.000112,
					"seconds":	0.999892,
					"bytes":	5013504000,
					"bits_per_second":	4.011236e+10,
					"retransmits":	0,
					"snd_cwnd":	2063400,
					"rtt":	361,
					"omitted":	false
				}],
			"sum":	{
				"start":	10.000220,
				"end":	11.000112,
				"seconds":	0.999892,
				"bytes":	5013504000,
				"bits_per_second":	4.011236e+10,
				"retransmits":	0,
				"omitted":	false
			}
		}, {
			"streams":	[{
					"socket":	4,
					"start":	11.000112,
					"end":	12.000051,
					"seconds":	0.999939,
					"bytes":	5227151360,
					"bits_per_second":	4.181976e+10,
					"retransmits":	0,
					"snd_cwnd":	2063400,
					"rtt":	332,
					"omitted":	false
				}],
			"sum":	{
				"start":	11.000112,
				"end":	12.000051,
				"seconds":	0.999939,
				"bytes":	5227151360,
				"bits_per_second":	4.181976e+10,
				"retransmits":	0,
				"omitted":	false
			}
		}, {
			"streams":	[{
					"socket":	4,
					"start":	12.000051,
					"end":	13.000429,
					"seconds":	1.000378,
					"bytes":	3085434880,
					"bits_per_second":	2.467415e+10,
					"retransmits":	0,
					"snd_cwnd":	2063400,
					"rtt":	693,
					"omitted":	false
				}],
			"sum":	{
				"start":	12.000051,
				"end":	13.000429,
				"seconds":	1.000378,
				"bytes":	3085434880,
				"bits_per_second":	2.467415e+10,
				"retransmits":	0,
				"omitted":	false
			}
		}, {
			"streams":	[{
					"socket":	4,
					"start":	13.000429,
					"end":	14.000132,
					"seconds":	0.999703,
					"bytes":	2689597440,
					"bits_per_second":	2.152317e+10,
					"retransmits":	0,
					"snd_cwnd":	2063400,
					"rtt":	636,
					"omitted":	false
				}],
			"sum":	{
				"start":	13.000429,
				"end":	14.000132,
				"seconds":	0.999703,
				"bytes":	2689597440,
				"bits_per_second":	2.152317e+10,
				"retransmits":	0,
				"omitted":	false
			}
		}, {
			"streams":	[{
					"socket":	4,
					"start":	14.000132,
					"end":	15.000201,
					"seconds":	1.000069,
					"bytes":	2697461760,
					"bits_per_second":	2.157821e+10,
					"retransmits":	0,
					"snd_cwnd":	2063400,
					"rtt":	717,
					"omitted":	false
				}],
			"sum":	{
				"start":	14.000132,
				"end":	15.000201,
				"seconds":	1.000069,
				"bytes":	2697461760,
				"bits_per_second":	2.157821e+10,
				"retransmits":	0,
				"omitted":	false
			}
		}, {
			"streams":	[{
					"socket":	4,
					"start":	15.000201,
					"end":	16.000152,
					"seconds":	0.999951,
					"bytes":	2677800960,
					"bits_per_second":	2.142345e+10,
					"retransmits":	0,
					"snd_cwnd":	2063400,
					"rtt":	722,
					"omitted":	false
				}],