{
	"start":	{
		"connected":	[{
				"socket":	5,
				"local_host":	"169.254.0.1",
				"local_port":	47734,
				"remote_host":	"169.254.0.2",
				"remote_port":	5201
			}],
		"version":	"iperf 3.6",
		"system_info":	"Linux 169.254.0.1 4.14.94 #1 SMP Wed Jan 23 21:19:15 UTC 2019 x86_64",
		"timestamp":	{
			"time":	"Mon, 02 Sep 2019 20:48:39 GMT",
			"timesecs":	1567457319
		},
		"connecting_to":	{
			"host":	"169.254.0.2",
			"port":	5201
		},
		"cookie":	"hv2bx2s24z2su3jsjuqriw56iz5o34mjese3",
		"tcp_mss_default":	1448,
		"sock_bufsize":	0,
		"sndbuf_actual":	16384,
		"rcvbuf_actual":	87380,
		"test_start":	{
			"protocol":	"TCP",
			"num_streams":	1,
			"blksize":	131072,
			"omit":	0,
			"duration":	30,
			"bytes":	0,
			"blocks":	0,
			"reverse":	0,
			"tos":	0
		}
	},
	"intervals":	[{
			"streams":	[{
					"socket":	5,
					"start":	0,
					"end":	1.0007891654968262,
					"seconds":	1.0007891654968262,
					"bytes":	2456116744,
					"bits_per_second":	19633439918.632206,
					"retransmits":	0,
					"snd_cwnd":	3310128,
					"rtt":	117,
					"rttvar":	18,
					"pmtu":	1500,
					"omitted":	false
				}],
			"sum":	{
				"start":	0,
				"end":	1.0007891654968262,
				"seconds":	1.0007891654968262,
				"bytes":	2456116744,
				"bits_per_second":	19633439918.632206,
				"retransmits":	0,
				"omitted":	false
			}
		}, {
			"streams":	[{
					"socket":	5,
					"start":	1.0007891654968262,
					"end":	2.000852108001709,
					"seconds":	1.0000629425048828,
					"bytes":	1904476160,
					"bits_per_second":	15234850360.356804,
					"retransmits":	0,
					"snd_cwnd":	3310128,
					"rtt":	119,
					"rttvar":	17,
					"pmtu":	1500,
					"omitted":	false
				}],
			"sum":	{
				"start":	1.0007891654968262,
				"end":	2.000852108001709,
				"seconds":	1.0000629425048828,
				"bytes":	1904476160,
				"bits_per_second":	15234850360.356804,
				"retransmits":	0,
				"omitted":	false
			}
		}, {
			"streams":	[{
					"socket":	5,
					"start":	2.000852108001709,
					"end":	3.0001571178436279,
					"seconds":	0.999305009841919,
					"bytes":	1857290240,
					"bits_per_second":	14868655489.228912,
					"retransmits":	0,
					"snd_cwnd":	3310128,
					"rtt":	552,
					"rttvar":	112,
					"pmtu":	1500,
					"omitted":	false
				}],
			"sum":	{
				"start":	2.000852108001709,
				"end":	3.0001571178436279,
				"seconds":	0.999305009841919,
				"bytes":	1857290240,
				"bits_per_second":	14868655489.228912,
				"retransmits":	0,
				"omitted":	false
			}
		}, {
			"streams":	[{
					"socket":	5,
					"start":	3.0001571178436279,
					"end":	4.0001749992370605,
					"seconds":	1.0000178813934326,
					"bytes":	1862533120,
					"bits_per_second":	14899998527.264189,
					"retransmits":	0,
					"snd_cwnd":	3310128,
					"rtt":	365,
					"rttvar":	186,
					"pmtu":	1500,
					"omitted":	false
				}],
			"sum":	{
				"start":	3.0001571178436279,
				"end":	4.0001749992370605,
				"seconds":	1.0000178813934326,
				"bytes":	1862533120,
				"bits_per_second":	14899998527.264189,
				"retransmits":	0,
				"omitted":	false
			}
		}, {
			"streams":	[{
					"socket":	5,
					"start":	4.0001749992370605,
					"end":	5.0003921985626221,
					"seconds":	1.0002171993255615,
					"bytes":	1855979520,
					"bits_per_second":	14844611920.302689,
					"retransmits":	0,
					"snd_cwnd":	3310128,
					"rtt":	300,
					"rttvar":	56,
					"pmtu":	1500,
					"omitted":	false
				}],
			"sum":	{
				"start":	4.0001749992370605,
				"end":	5.0003921985626221,
				"seconds":	1.0002171993255615,
				"bytes":	1855979520,
				"bits_per_second":	14844611920.302689,
				"retransmits":	0,
				"omitted":	false
			}
		}, {
			"streams":	[{
					"socket":	5,
					"start":	5.0003921985626221,
					"end":	6.0003690719604492,
					"seconds":	0.99997687339782715,
					"bytes":	1994915840,
					"bits_per_second":	15959695813.535879,
					"retransmits":	0,
					"snd_cwnd":	3310128,
					"rtt":	291,
					"rttvar":	151,
					"pmtu":	1500,
					"omitted":	false
				}],
			"sum":	{
				"start":	5.0003921985626221,
				"end":	6.0003690719604492,
				"seconds":	0.99997687339782715,
				"bytes":	1994915840,
				"bits_per_second":	15959695813.535879,
				"retransmits":	0,
				"omitted":	false
			}
		}, {
			"streams":	[{
					"socket":	5,
					"start":	6.0003690719604492,
					"end":	7.0005850791931152,
					"seconds":	1.000216007232666,
					"bytes":	1861222400,
					"bits_per_second":	14886563594.594025,
					"retransmits":	0,
					"snd_cwnd":	3310128,
					"rtt":	124,
					"rttvar":	14,
					"pmtu":	1500,
					"omitted":	false
				}],
			"sum":	{
				"start":	6.0003690719604492,
				"end":	7.0005850791931152,
				"seconds":	1.000216007232666,
				"bytes":	1861222400,
				"bits_per_second":	14886563594.594025,
				"retransmits":	0,
				"omitted":	false
			}
		}, {
			"streams":	[{
					"socket":	5,
					"start":	7.0005850791931152,
					"end":	8.0004630088806152,
					"seconds":	0.9998779296875,
					"bytes":	1854668800,
					"bits_per_second":	14839161821.120743,
					"retransmits":	0,
					"snd_cwnd":	3310128,
					"rtt":	358,
					"rttvar":	130,
					"pmtu":	1500,
					"omitted":	false
				}],
			"sum":	{
				"start":	7.0005850791931152,
				"end":	8.0004630088806152,
				"seconds":	0.9998779296875,
				"bytes":	1854668800,
				"bits_per_second":	14839161821.120743,
				"retransmits":	0,
				"omitted":	false
			}
		}, {
			"streams":	[{
					"socket":	5,
					"start":	8.0004630088806152,
					"end":	9.0000841617584229,
					"seconds":	0.99962115287780762,
					"bytes":	1942487040,
					"bits_per_second":	15545785796.211113,
					"retransmits":	0,
					"snd_cwnd":	3310128,
					"rtt":	334,
					"rttvar":	147,
					"pmtu":	1500,
					"omitted":	false
				}],
			"sum":	{
				"start":	8.0004630088806152,
				"end":	9.0000841617584229,
				"seconds":	0.99962115287780762,
				"bytes":	1942487040,
				"bits_per_second":	15545785796.211113,
				"retransmits":	0,
				"omitted":	false
			}
		}, {
			"streams":	[{
					"socket":	5,
					"start":	9.0000841617584229,
					"end":	10.00075101852417,
					"seconds":	1.0006668567657471,
					"bytes":	1850736640,
					"bits_per_second":	14796026289.7625,
					"retransmits":	0,
					"snd_cwnd":	3310128,
					"rtt":	129,
					"rttvar":	13,
					"pmtu":	1500,
					"omitted":	false
				}],
			"sum":	{
				"start":	9.0000841617584229,
				"end":	10.00075101852417,
				"seconds":	1.0006668567657471,
				"bytes":	1850736640,
				"bits_per_second":	14796026289.7625,
				"retransmits":	0,
				"omitted":	false
			}
		}, {
			"streams":	[{
					"socket":	5,
					"start":	10.00075101852417,
					"end":	11.000060081481934,
					"seconds":	0.99930906295776367,
					"bytes":	1857290240,
					"bits_per_second":	14868595183.178074,
					"retransmits":	0,
					"snd_cwnd":	3310128,
					"rtt":	114,
					"rttvar":	17,
					"pmtu":	1500,
					"omitted":	false
				}],
			"sum":	{
				"start":	10.00075101852417,
				"end":	11.000060081481934,
				"seconds":	0.99930906295776367,
				"bytes":	1857290240,
				"bits_per_second":	14868595183.178074,
				"retransmits":	0,
				"omitted":	false
			}
		}, {
			"streams":	[{
					"socket":	5,
					"start":	11.000060081481934,
					"end":	12.00093412399292,
					"seconds":	1.0008740425109863,
					"bytes":	1873018880,
					"bits_per_second":	14971065692.150291,
					"retransmits":	0,
					"snd_cwnd":	3310128,
					"rtt":	100,
					"rttvar":	18,
					"pmtu":	1500,
					"omitted":	false
				}],
			"sum":	{
				"start":	11.000060081481934,
				"end":	12.00093412399292,
				"seconds":	1.0008740425109863,
				"bytes":	1873018880,
				"bits_per_second":	14971065692.150291,
				"retransmits":	0,
				"omitted":	false
			}
		}, {
			"streams":	[{
					"socket":	5,
					"start":	12.00093412399292,
					"end":	13.00042200088501,
					"seconds":	0.99948787689208984,
					"bytes":	1870397440,
					"bits_per_second":	14970846436.405058,
					"retransmits":	0,
					"snd_cwnd":	3310128,
					"rtt":	278,
					"rttvar":	138,
					"pmtu":	1500,
					"omitted":	false
				}],