{
	"start":	{
		"connected":	[{
				"socket":	5,
				"local_host":	"169.254.0.1",
				"local_port":	35946,
				"remote_host":	"169.254.0.2",
				"remote_port":	5201
			}],
		"version":	"iperf 3.6",
		"system_info":	"Linux 169.254.0.1 4.14.94 #1 SMP Wed Jan 23 21:19:15 UTC 2019 x86_64",
		"timestamp":	{
			"time":	"Sat, 25 Jan 2020 19:05:43 GMT",
			"timesecs":	1579979143
		},
		"connecting_to":	{
			"host":	"169.254.0.2",
			"port":	5201
		},
		"cookie":	"y5jw464icn5whugmfyw4jstq27r4n4rteyt7",
		"tcp_mss_default":	1448,
		"sock_bufsize":	0,
		"sndbuf_actual":	16384,
		"rcvbuf_actual":	87380,
		"test_start":	{
			"protocol":	"TCP",
			"num_streams":	1,
			"blksize":	131072,
			"omit":	0,
			"duration":	30,
			"bytes":	0,
			"blocks":	0,
			"reverse":	0,
			"tos":	0
		}
	},
	"intervals":	[{
			"streams":	[{
					"socket":	5,
					"start":	0,
					"end":	1.0004801750183105,
					"seconds":	1.0004801750183105,
					"bytes":	2866607888,
					"bits_per_second":	22921856601.086861,
					"retransmits":	0,
					"snd_cwnd":	3178360,
					"rtt":	538,
					"rttvar":	79,
					"pmtu":	1500,
					"omitted":	false
				}],
			"sum":	{
				"start":	0,
				"end":	1.0004801750183105,
				"seconds":	1.0004801750183105,
				"bytes":	2866607888,
				"bits_per_second":	22921856601.086861,
				"retransmits":	0,
				"omitted":	false
			}
		}, {
			"streams":	[{
					"socket":	5,
					"start":	1.0004801750183105,
					"end":	2.0001959800720215,
					"seconds":	0.99971580505371094,
					"bytes":	2288517120,
					"bits_per_second":	18313341519.109398,
					"retransmits":	0,
					"snd_cwnd":	3178360,
					"rtt":	547,
					"rttvar":	77,
					"pmtu":	1500,
					"omitted":	false
				}],
			"sum":	{
				"start":	1.0004801750183105,
				"end":	2.0001959800720215,
				"seconds":	0.99971580505371094,
				"bytes":	2288517120,
				"bits_per_second":	18313341519.109398,
				"retransmits":	0,
				"omitted":	false
			}
		}, {
			"streams":	[{
					"socket":	5,
					"start":	2.0001959800720215,
					"end":	3.0001041889190674,
					"seconds":	0.9999082088470459,
					"bytes":	2276720640,
					"bits_per_second":	18215437135.976273,
					"retransmits":	0,
					"snd_cwnd":	3178360,
					"rtt":	553,
					"rttvar":	78,
					"pmtu":	1500,
					"omitted":	false
				}],
			"sum":	{
				"start":	2.0001959800720215,
				"end":	3.0001041889190674,
				"seconds":	0.9999082088470459,
				"bytes":	2276720640,
				"bits_per_second":	18215437135.976273,
				"retransmits":	0,
				"omitted":	false
			}
		}, {
			"streams":	[{
					"socket":	5,
					"start":	3.0001041889190674,
					"end":	4.0000960826873779,
					"seconds":	0.99999189376831055,
					"bytes":	2260992000,
					"bits_per_second":	18088082626.188587,
					"retransmits":	0,
					"snd_cwnd":	3178360,
					"rtt":	542,
					"rttvar":	78,
					"pmtu":	1500,
					"omitted":	false
				}],
			"sum":	{
				"start":	3.0001041889190674,
				"end":	4.0000960826873779,
				"seconds":	0.99999189376831055,
				"bytes":	2260992000,
				"bits_per_second":	18088082626.188587,
				"retransmits":	0,
				"omitted":	false
			}
		}, {
			"streams":	[{
					"socket":	5,
					"start":	4.0000960826873779,
					"end":	5.0000791549682617,
					"seconds":	0.99998307228088379,
					"bytes":	2238709760,
					"bits_per_second":	17909981255.132065,
					"retransmits":	0,
					"snd_cwnd":	3178360,
					"rtt":	996,
					"rttvar":	146,
					"pmtu":	1500,
					"omitted":	false
				}],
			"sum":	{
				"start":	4.0000960826873779,
				"end":	5.0000791549682617,
				"seconds":	0.99998307228088379,
				"bytes":	2238709760,
				"bits_per_second":	17909981255.132065,
				"retransmits":	0,
				"omitted":	false
			}
		}, {
			"streams":	[{
					"socket":	5,
					"start":	5.0000791549682617,
					"end":	6.0001151561737061,
					"seconds":	1.0000360012054443,
					"bytes":	2228224000,
					"bits_per_second":	17825150273.102943,
					"retransmits":	0,
					"snd_cwnd":	3178360,
					"rtt":	503,
					"rttvar":	148,
					"pmtu":	1500,
					"omitted":	false
				}],
			"sum":	{
				"start":	5.0000791549682617,
				"end":	6.0001151561737061,
				"seconds":	1.0000360012054443,
				"bytes":	2228224000,
				"bits_per_second":	17825150273.102943,
				"retransmits":	0,
				"omitted":	false
			}
		}, {
			"streams":	[{
					"socket":	5,
					"start":	6.0001151561737061,
					"end":	7.0001521110534668,
					"seconds":	1.0000369548797607,
					"bytes":	2221670400,
					"bits_per_second":	17772706411.77153,
					"retransmits":	0,
					"snd_cwnd":	3178360,
					"rtt":	266,
					"rttvar":	166,
					"pmtu":	1500,
					"omitted":	false
				}],
			"sum":	{
				"start":	6.0001151561737061,
				"end":	7.0001521110534668,
				"seconds":	1.0000369548797607,
				"bytes":	2221670400,
				"bits_per_second":	17772706411.77153,
				"retransmits":	0,
				"omitted":	false
			}
		}, {
			"streams":	[{
					"socket":	5,
					"start":	7.0001521110534668,
					"end":	8.000075101852417,
					"seconds":	0.9999229907989502,
					"bytes":	2221670400,
					"bits_per_second":	17774732017.911575,
					"retransmits":	0,
					"snd_cwnd":	3178360,
					"rtt":	444,
					"rttvar":	160,
					"pmtu":	1500,
					"omitted":	false
				}],
			"sum":	{
				"start":	7.0001521110534668,
				"end":	8.000075101852417,
				"seconds":	0.9999229907989502,
				"bytes":	2221670400,
				"bits_per_second":	17774732017.911575,
				"retransmits":	0,
				"omitted":	false
			}
		}, {
			"streams":	[{
					"socket":	5,
					"start":	8.000075101852417,
					"end":	9.0000779628753662,
					"seconds":	1.0000028610229492,
					"bytes":	2229534720,
					"bits_per_second":	17836226730.145996,
					"retransmits":	0,
					"snd_cwnd":	3178360,
					"rtt":	567,
					"rttvar":	139,
					"pmtu":	1500,
					"omitted":	false
				}],
			"sum":	{
				"start":	8.000075101852417,
				"end":	9.0000779628753662,
				"seconds":	1.0000028610229492,
				"bytes":	2229534720,
				"bits_per_second":	17836226730.145996,
				"retransmits":	0,
				"omitted":	false
			}
		}, {
			"streams":	[{
					"socket":	5,
					"start":	9.0000779628753662,
					"end":	10.000089168548584,
					"seconds":	1.0000112056732178,
					"bytes":	2221670400,
					"bits_per_second":	17773164039.731724,
					"retransmits":	0,
					"snd_cwnd":	3178360,
					"rtt":	850,
					"rttvar":	73,
					"pmtu":	1500,
					"omitted":	false
				}],
			"sum":	{
				"start":	9.0000779628753662,
				"end":	10.000089168548584,
				"seconds":	1.0000112056732178,
				"bytes":	2221670400,
				"bits_per_second":	17773164039.731724,
				"retransmits":	0,
				"omitted":	false
			}
		}, {
			"streams":	[{
					"socket":	5,
					"start":	10.000089168548584,
					"end":	11.000375032424927,
					"seconds":	1.0002858638763428,
					"bytes":	2229534720,
					"bits_per_second":	17831180469.631184,
					"retransmits":	0,
					"snd_cwnd":	3178360,
					"rtt":	818,
					"rttvar":	75,
					"pmtu":	1500,
					"omitted":	false
				}],
			"sum":	{
				"start":	10.000089168548584,
				"end":	11.000375032424927,
				"seconds":	1.0002858638763428,
				"bytes":	2229534720,
				"bits_per_second":	17831180469.631184,
				"retransmits":	0,
				"omitted":	false
			}
		}, {
			"streams":	[{
					"socket":	5,
					"start":	11.000375032424927,
					"end":	12.000138998031616,
					"seconds":	0.99976396560668945,
					"bytes":	2249195520,
					"bits_per_second":	17997812262.698341,
					"retransmits":	0,
					"snd_cwnd":	3178360,
					"rtt":	790,
					"rttvar":	90,
					"pmtu":	1500,
					"omitted":	false
				}],
			"sum":	{
				"start":	11.000375032424927,
				"end":	12.000138998031616,
				"seconds":	0.99976396560668945,
				"bytes":	2249195520,
				"bits_per_second":	17997812262.698341,
				"retransmits":	0,
				"omitted":	false
			}
		}, {
			"streams":	[{
					"socket":	5,
					"start":	12.000138998031616,
					"end":	13.0003080368042,
					"seconds":	1.000169038772583,
					"bytes":	2216427520,
					"bits_per_second":	17728423369.07386,
					"retransmits":	0,
					"snd_cwnd":	3178360,
					"rtt":	516,
					"rttvar":	145,
					"pmtu":	1500,