{
	"start":	{
		"connected":	[{
				"socket":	5,
				"local_host":	"169.254.0.1",
				"local_port":	54538,
				"remote_host":	"169.254.0.2",
				"remote_port":	5201
			}],
		"version":	"iperf 3.6",
		"system_info":	"Linux 169.254.0.1 4.14.94 #1 SMP Wed Jan 23 21:19:15 UTC 2019 x86_64",
		"timestamp":	{
			"time":	"Sat, 25 Jan 2020 17:00:58 GMT",
			"timesecs":	1579971658
		},
		"connecting_to":	{
			"host":	"169.254.0.2",
			"port":	5201
		},
		"cookie":	"ztpbmvgpbpcwyf3t3hbnato3kbmukscz75ar",
		"tcp_mss_default":	1448,
		"sock_bufsize":	0,
		"sndbuf_actual":	16384,
		"rcvbuf_actual":	87380,
		"test_start":	{
			"protocol":	"TCP",
			"num_streams":	1,
			"blksize":	131072,
			"omit":	0,
			"duration":	30,
			"bytes":	0,
			"blocks":	0,
			"reverse":	0,
			"tos":	0
		}
	},
	"intervals":	[{
			"streams":	[{
					"socket":	5,
					"start":	0,
					"end":	1.0000250339508057,
					"seconds":	1.0000250339508057,
					"bytes":	3301055680,
					"bits_per_second":	26407784348.825726,
					"retransmits":	0,
					"snd_cwnd":	3317368,
					"rtt":	676,
					"rttvar":	69,
					"pmtu":	1500,
					"omitted":	false
				}],
			"sum":	{
				"start":	0,
				"end":	1.0000250339508057,
				"seconds":	1.0000250339508057,
				"bytes":	3301055680,
				"bits_per_second":	26407784348.825726,
				"retransmits":	0,
				"omitted":	false
			}
		}, {
			"streams":	[{
					"socket":	5,
					"start":	1.0000250339508057,
					"end":	2.0001010894775391,
					"seconds":	1.0000760555267334,
					"bytes":	3017277440,
					"bits_per_second":	24136383814.61554,
					"retransmits":	0,
					"snd_cwnd":	3317368,
					"rtt":	770,
					"rttvar":	43,
					"pmtu":	1500,
					"omitted":	false
				}],
			"sum":	{
				"start":	1.0000250339508057,
				"end":	2.0001010894775391,
				"seconds":	1.0000760555267334,
				"bytes":	3017277440,
				"bits_per_second":	24136383814.61554,
				"retransmits":	0,
				"omitted":	false
			}
		}, {
			"streams":	[{
					"socket":	5,
					"start":	2.0001010894775391,
					"end":	3.0000700950622559,
					"seconds":	0.9999690055847168,
					"bytes":	3050045440,
					"bits_per_second":	24401119818.441029,
					"retransmits":	0,
					"snd_cwnd":	3317368,
					"rtt":	1010,
					"rttvar":	79,
					"pmtu":	1500,
					"omitted":	false
				}],
			"sum":	{
				"start":	2.0001010894775391,
				"end":	3.0000700950622559,
				"seconds":	0.9999690055847168,
				"bytes":	3050045440,
				"bits_per_second":	24401119818.441029,
				"retransmits":	0,
				"omitted":	false
			}
		}, {
			"streams":	[{
					"socket":	5,
					"start":	3.0000700950622559,
					"end":	4.0000700950622559,
					"seconds":	1,
					"bytes":	3057909760,
					"bits_per_second":	24463278080,
					"retransmits":	0,
					"snd_cwnd":	3317368,
					"rtt":	761,
					"rttvar":	71,
					"pmtu":	1500,
					"omitted":	false
				}],
			"sum":	{
				"start":	3.0000700950622559,
				"end":	4.0000700950622559,
				"seconds":	1,
				"bytes":	3057909760,
				"bits_per_second":	24463278080,
				"retransmits":	0,
				"omitted":	false
			}
		}, {
			"streams":	[{
					"socket":	5,
					"start":	4.0000700950622559,
					"end":	5.0000641345977783,
					"seconds":	0.99999403953552246,
					"bytes":	2998927360,
					"bits_per_second":	23991561880.852352,
					"retransmits":	0,
					"snd_cwnd":	3317368,
					"rtt":	917,
					"rttvar":	123,
					"pmtu":	1500,
					"omitted":	false
				}],
			"sum":	{
				"start":	4.0000700950622559,
				"end":	5.0000641345977783,
				"seconds":	0.99999403953552246,
				"bytes":	2998927360,
				"bits_per_second":	23991561880.852352,
				"retransmits":	0,
				"omitted":	false
			}
		}, {
			"streams":	[{
					"socket":	5,
					"start":	5.0000641345977783,
					"end":	6.0000810623168945,
					"seconds":	1.0000169277191162,
					"bytes":	2111569920,
					"bits_per_second":	16892273412.340441,
					"retransmits":	0,
					"snd_cwnd":	3317368,
					"rtt":	967,
					"rttvar":	275,
					"pmtu":	1500,
					"omitted":	false
				}],
			"sum":	{
				"start":	5.0000641345977783,
				"end":	6.0000810623168945,
				"seconds":	1.0000169277191162,
				"bytes":	2111569920,
				"bits_per_second":	16892273412.340441,
				"retransmits":	0,
				"omitted":	false
			}
		}, {
			"streams":	[{
					"socket":	5,
					"start":	6.0000810623168945,
					"end":	7.0000760555267334,
					"seconds":	0.99999499320983887,
					"bytes":	2132541440,
					"bits_per_second":	17060416937.92767,
					"retransmits":	0,
					"snd_cwnd":	3317368,
					"rtt":	1014,
					"rttvar":	242,
					"pmtu":	1500,
					"omitted":	false
				}],
			"sum":	{
				"start":	6.0000810623168945,
				"end":	7.0000760555267334,
				"seconds":	0.99999499320983887,
				"bytes":	2132541440,
				"bits_per_second":	17060416937.92767,
				"retransmits":	0,
				"omitted":	false
			}
		}, {
			"streams":	[{
					"socket":	5,
					"start":	7.0000760555267334,
					"end":	8.0001311302185059,
					"seconds":	1.0000550746917725,
					"bytes":	2094530560,
					"bits_per_second":	16755321685.822605,
					"retransmits":	0,
					"snd_cwnd":	3317368,
					"rtt":	1024,
					"rttvar":	123,
					"pmtu":	1500,
					"omitted":	false
				}],
			"sum":	{
				"start":	7.0000760555267334,
				"end":	8.0001311302185059,
				"seconds":	1.0000550746917725,
				"bytes":	2094530560,
				"bits_per_second":	16755321685.822605,
				"retransmits":	0,
				"omitted":	false
			}
		}, {
			"streams":	[{
					"socket":	5,
					"start":	8.0001311302185059,
					"end":	9.0000700950622559,
					"seconds":	0.99993896484375,
					"bytes":	2163998720,
					"bits_per_second":	17313046464.496124,
					"retransmits":	0,
					"snd_cwnd":	3317368,
					"rtt":	1343,
					"rttvar":	52,
					"pmtu":	1500,
					"omitted":	false
				}],
			"sum":	{
				"start":	8.0001311302185059,
				"end":	9.0000700950622559,
				"seconds":	0.99993896484375,
				"bytes":	2163998720,
				"bits_per_second":	17313046464.496124,
				"retransmits":	0,
				"omitted":	false
			}
		}, {
			"streams":	[{
					"socket":	5,
					"start":	9.0000700950622559,
					"end":	10.000101089477539,
					"seconds":	1.0000309944152832,
					"bytes":	2150891520,
					"bits_per_second":	17206598851.529583,
					"retransmits":	0,
					"snd_cwnd":	3317368,
					"rtt":	863,
					"rttvar":	68,
					"pmtu":	1500,
					"omitted":	false
				}],
			"sum":	{
				"start":	9.0000700950622559,
				"end":	10.000101089477539,
				"seconds":	1.0000309944152832,
				"bytes":	2150891520,
				"bits_per_second":	17206598851.529583,
				"retransmits":	0,
				"omitted":	false
			}
		}, {
			"streams":	[{
					"socket":	5,
					"start":	10.000101089477539,
					"end":	11.000071048736572,
					"seconds":	0.9999699592590332,
					"bytes":	2115502080,
					"bits_per_second":	16924525065.273472,
					"retransmits":	0,
					"snd_cwnd":	3317368,
					"rtt":	1356,
					"rttvar":	214,
					"pmtu":	1500,
					"omitted":	false
				}],
			"sum":	{
				"start":	10.000101089477539,
				"end":	11.000071048736572,
				"seconds":	0.9999699592590332,
				"bytes":	2115502080,
				"bits_per_second":	16924525065.273472,
				"retransmits":	0,
				"omitted":	false
			}
		}, {
			"streams":	[{
					"socket":	5,
					"start":	11.000071048736572,
					"end":	12.000010967254639,
					"seconds":	0.99993991851806641,
					"bytes":	2087976960,
					"bits_per_second":	16704819330.300797,
					"retransmits":	0,
					"snd_cwnd":	3317368,
					"rtt":	1116,
					"rttvar":	109,
					"pmtu":	1500,
					"omitted":	false
				}],
			"sum":	{
				"start":	11.000071048736572,
				"end":	12.000010967254639,
				"seconds":	0.99993991851806641,
				"bytes":	2087976960,
				"bits_per_second":	16704819330.300797,
				"retransmits":	0,
				"omitted":	false
			}
		}, {
			"streams":	[{
					"socket":	5,
					"start":	12.000010967254639,
					"end":	13.0000901222229,
					"seconds":	1.0000791549682617,
					"bytes":	2144337920,
					"bits_per_second":	17153345587.474442,
					"retransmits":	0,
					"snd_cwnd":	3317368,
					"rtt":	482,
					"rttvar":	581,
					"pmtu":	1500,
					"omitted":	false
				}],