{
	"start":	{
		"connected":	[{
				"socket":	4,
				"local_host":	"169.254.0.2",
				"local_port":	46796,
				"remote_host":	"169.254.0.2",
				"remote_port":	5201
			}],
		"version":	"iperf 3.1.3",
		"system_info":	"Linux ip-10-0-5-62 4.15.0-1044-aws #46-Ubuntu SMP Thu Jul 4 13:38:28 UTC 2019 x86_64",
		"timestamp":	{
			"time":	"Sun, 01 Sep 2019 15:32:43 GMT",
			"timesecs":	1567351963
		},
		"connecting_to":	{
			"host":	"169.254.0.2",
			"port":	5201
		},
		"cookie":	"ip-10-0-5-62.1567351963.959388.37319",
		"tcp_mss_default":	21888,
		"test_start":	{
			"protocol":	"TCP",
			"num_streams":	1,
			"blksize":	131072,
			"omit":	0,
			"duration":	30,
			"bytes":	0,
			"blocks":	0,
			"reverse":	0
		}
	},
	"intervals":	[{
			"streams":	[{
					"socket":	4,
					"start":	0,
					"end":	1.000162,
					"seconds":	1.000162,
					"bytes":	5931008000,
					"bits_per_second":	4.744037e+10,
					"retransmits":	0,
					"snd_cwnd":	1244177,
					"rtt":	25,
					"omitted":	false
				}],
			"sum":	{
				"start":	0,
				"end":	1.000162,
				"seconds":	1.000162,
				"bytes":	5931008000,
				"bits_per_second":	4.744037e+10,
				"retransmits":	0,
				"omitted":	false
			}
		}, {
			"streams":	[{
					"socket":	4,
					"start":	1.000162,
					"end":	2.000216,
					"seconds":	1.000054,
					"bytes":	6014894080,
					"bits_per_second":	4.811656e+10,
					"retransmits":	0,
					"snd_cwnd":	1244177,
					"rtt":	25,
					"omitted":	false
				}],
			"sum":	{
				"start":	1.000162,
				"end":	2.000216,
				"seconds":	1.000054,
				"bytes":	6014894080,
				"bits_per_second":	4.811656e+10,
				"retransmits":	0,
				"omitted":	false
			}
		}, {
			"streams":	[{
					"socket":	4,
					"start":	2.000216,
					"end":	3.000049,
					"seconds":	0.999833,
					"bytes":	5993922560,
					"bits_per_second":	4.795938e+10,
					"retransmits":	0,
					"snd_cwnd":	1244177,
					"rtt":	25,
					"omitted":	false
				}],
			"sum":	{
				"start":	2.000216,
				"end":	3.000049,
				"seconds":	0.999833,
				"bytes":	5993922560,
				"bits_per_second":	4.795938e+10,
				"retransmits":	0,
				"omitted":	false
			}
		}, {
			"streams":	[{
					"socket":	4,
					"start":	3.000049,
					"end":	4.000200,
					"seconds":	1.000151,
					"bytes":	5881200640,
					"bits_per_second":	4.704251e+10,
					"retransmits":	0,
					"snd_cwnd":	1309660,
					"rtt":	26,
					"omitted":	false
				}],
			"sum":	{
				"start":	3.000049,
				"end":	4.000200,
				"seconds":	1.000151,
				"bytes":	5881200640,
				"bits_per_second":	4.704251e+10,
				"retransmits":	0,
				"omitted":	false
			}
		}, {
			"streams":	[{
					"socket":	4,
					"start":	4.000200,
					"end":	5.000187,
					"seconds":	0.999987,
					"bytes":	5788139520,
					"bits_per_second":	4.630571e+10,
					"retransmits":	0,
					"snd_cwnd":	1309660,
					"rtt":	26,
					"omitted":	false
				}],
			"sum":	{
				"start":	4.000200,
				"end":	5.000187,
				"seconds":	0.999987,
				"bytes":	5788139520,
				"bits_per_second":	4.630571e+10,
				"retransmits":	0,
				"omitted":	false
			}
		}, {
			"streams":	[{
					"socket":	4,
					"start":	5.000187,
					"end":	6.000055,
					"seconds":	0.999868,
					"bytes":	5894307840,
					"bits_per_second":	4.716069e+10,
					"retransmits":	0,
					"snd_cwnd":	1309660,
					"rtt":	25,
					"omitted":	false
				}],
			"sum":	{
				"start":	5.000187,
				"end":	6.000055,
				"seconds":	0.999868,
				"bytes":	5894307840,
				"bits_per_second":	4.716069e+10,
				"retransmits":	0,
				"omitted":	false
			}
		}, {
			"streams":	[{
					"socket":	4,
					"start":	6.000055,
					"end":	7.000156,
					"seconds":	1.000101,
					"bytes":	5843189760,
					"bits_per_second":	4.674079e+10,
					"retransmits":	0,
					"snd_cwnd":	1309660,
					"rtt":	26,
					"omitted":	false
				}],
			"sum":	{
				"start":	6.000055,
				"end":	7.000156,
				"seconds":	1.000101,
				"bytes":	5843189760,
				"bits_per_second":	4.674079e+10,
				"retransmits":	0,
				"omitted":	false
			}
		}, {
			"streams":	[{
					"socket":	4,
					"start":	7.000156,
					"end":	8.000127,
					"seconds":	0.999971,
					"bytes":	5827461120,
					"bits_per_second":	4.662105e+10,
					"retransmits":	0,
					"snd_cwnd":	1309660,
					"rtt":	26,
					"omitted":	false
				}],
			"sum":	{
				"start":	7.000156,
				"end":	8.000127,
				"seconds":	0.999971,
				"bytes":	5827461120,
				"bits_per_second":	4.662105e+10,
				"retransmits":	0,
				"omitted":	false
			}
		}, {
			"streams":	[{
					"socket":	4,
					"start":	8.000127,
					"end":	9.000097,
					"seconds":	0.999970,
					"bytes":	5760614400,
					"bits_per_second":	4.608630e+10,
					"retransmits":	0,
					"snd_cwnd":	1309660,
					"rtt":	26,
					"omitted":	false
				}],
			"sum":	{
				"start":	8.000127,
				"end":	9.000097,
				"seconds":	0.999970,
				"bytes":	5760614400,
				"bits_per_second":	4.608630e+10,
				"retransmits":	0,
				"omitted":	false
			}
		}, {
			"streams":	[{
					"socket":	4,
					"start":	9.000097,
					"end":	10.000217,
					"seconds":	1.000120,
					"bytes":	5819596800,
					"bits_per_second":	4.655119e+10,
					"retransmits":	0,
					"snd_cwnd":	1309660,
					"rtt":	25,
					"omitted":	false
				}],
			"sum":	{
				"start":	9.000097,
				"end":	10.000217,
				"seconds":	1.000120,
				"bytes":	5819596800,
				"bits_per_second":	4.655119e+10,
				"retransmits":	0,
				"omitted":	false
			}
		}, {
			"streams":	[{
					"socket":	4,
					"start":	10.000217,
					"end":	11.000005,
					"seconds":	0.999788,
					"bytes":	5706874880,
					"bits_per_second":	4.566468e+10,
					"retransmits":	0,
					"snd_cwnd":	1309660,
					"rtt":	27,
					"omitted":	false
				}],
			"sum":	{
				"start":	10.000217,
				"end":	11.000005,
				"seconds":	0.999788,
				"bytes":	5706874880,
				"bits_per_second":	4.566468e+10,
				"retransmits":	0,
				"omitted":	false
			}
		}, {
			"streams":	[{
					"socket":	4,
					"start":	11.000005,
					"end":	12.000080,
					"seconds":	1.000075,
					"bytes":	5689835520,
					"bits_per_second":	4.551527e+10,
					"retransmits":	0,
					"snd_cwnd":	1309660,
					"rtt":	25,
					"omitted":	false
				}],
			"sum":	{
				"start":	11.000005,
				"end":	12.000080,
				"seconds":	1.000075,
				"bytes":	5689835520,
				"bits_per_second":	4.551527e+10,
				"retransmits":	0,
				"omitted":	false
			}
		}, {
			"streams":	[{
					"socket":	4,
					"start":	12.000080,
					"end":	13.000212,
					"seconds":	1.000132,
					"bytes":	5929697280,
					"bits_per_second":	4.743132e+10,
					"retransmits":	0,
					"snd_cwnd":	1309660,
					"rtt":	25,
					"omitted":	false
				}],
			"sum":	{
				"start":	12.000080,
				"end":	13.000212,
				"seconds":	1.000132,
				"bytes":	5929697280,
				"bits_per_second":	4.743132e+10,
				"retransmits":	0,
				"omitted":	false
			}
		}, {
			"streams":	[{
					"socket":	4,
					"start":	13.000212,
					"end":	14.000099,
					"seconds":	0.999887,
					"bytes":	5674106880,
					"bits_per_second":	4.539797e+10,
					"retransmits":	0,
					"snd_cwnd":	1309660,
					"rtt":	25,
					"omitted":	false
				}],
			"sum":	{
				"start":	13.000212,
				"end":	14.000099,
				"seconds":	0.999887,
				"bytes":	5674106880,
				"bits_per_second":	4.539797e+10,
				"retransmits":	0,
				"omitted":	false
			}
		}, {
			"streams":	[{
					"socket":	4,
					"start":	14.000099,
					"end":	15.000222,
					"seconds":	1.000123,
					"bytes":	5727846400,
					"bits_per_second":	4.581715e+10,
					"retransmits":	0,
					"snd_cwnd":	1309660,
					"rtt":	26,
					"omitted":	false
				}],
			"sum":	{
				"start":	14.000099,
				"end":	15.000222,
				"seconds":	1.000123,
				"bytes":	5727846400,
				"bits_per_second":	4.581715e+10,
				"retransmits":	0,
				"omitted":	false
			}
		}, {
			"streams":	[{
					"socket":	4,
					"start":	15.000222,
					"end":	16.000004,
					"seconds":	0.999782,
					"bytes":	5754060800,
					"bits_per_second":	4.604252e+10,
					"retransmits":	0,
					"snd_cwnd":	1309660,
					"rtt":	26,
					"omitted":	false
				}],