{
  "fio version" : "fio-3.13",
  "timestamp" : 1581161649,
  "timestamp_ms" : 1581161649797,
  "time" : "Sat Feb  8 11:34:09 2020",
  "jobs" : [
    {
      "jobname" : "rand-write-128k",
      "groupid" : 0,
      "error" : 0,
      "eta" : 0,
      "elapsed" : 31,
      "job options" : {
        "runtime" : "30",
        "bs" : "128k",
        "rw" : "randwrite",
        "direct" : "1",
        "randrepeat" : "0",
        "ioengine" : "libaio",
        "iodepth" : "32",
        "fsync" : "32",
        "filename" : "/dev/vdb"
      },
      "read" : {
        "io_bytes" : 0,
        "io_kbytes" : 0,
        "bw_bytes" : 0,
        "bw" : 0,
        "iops" : 0.000000,
        "runtime" : 0,
        "total_ios" : 0,
        "short_ios" : 0,
        "drop_ios" : 0,
        "slat_ns" : {
          "min" : 0,
          "max" : 0,
          "mean" : 0.000000,
          "stddev" : 0.000000
        },
        "clat_ns" : {
          "min" : 0,
          "max" : 0,
          "mean" : 0.000000,
          "stddev" : 0.000000,
          "percentile" : {
            "1.000000" : 0,
            "5.000000" : 0,
            "10.000000" : 0,
            "20.000000" : 0,
            "30.000000" : 0,
            "40.000000" : 0,
            "50.000000" : 0,
            "60.000000" : 0,
            "70.000000" : 0,
            "80.000000" : 0,
            "90.000000" : 0,
            "95.000000" : 0,
            "99.000000" : 0,
            "99.500000" : 0,
            "99.900000" : 0,
            "99.950000" : 0,
            "99.990000" : 0
          }
        },
        "lat_ns" : {
          "min" : 0,
          "max" : 0,
          "mean" : 0.000000,
          "stddev" : 0.000000
        },
        "bw_min" : 0,
        "bw_max" : 0,
        "bw_agg" : 0.000000,
        "bw_mean" : 0.000000,
        "bw_dev" : 0.000000,
        "bw_samples" : 0,
        "iops_min" : 0,
        "iops_max" : 0,
        "iops_mean" : 0.000000,
        "iops_stddev" : 0.000000,
        "iops_samples" : 0
      },
      "write" : {
        "io_bytes" : 18157142016,
        "io_kbytes" : 17731584,
        "bw_bytes" : 605217893,
        "bw" : 591033,
        "iops" : 4617.446085,
        "runtime" : 30001,
        "total_ios" : 138528,
        "short_ios" : 0,
        "drop_ios" : 0,
        "slat_ns" : {
          "min" : 12075,
          "max" : 6852588,
          "mean" : 31534.703049,
          "stddev" : 20532.060076
        },
        "clat_ns" : {
          "min" : 668242,
          "max" : 14779160,
          "mean" : 6715557.335961,
          "stddev" : 1021990.738568,
          "percentile" : {
            "1.000000" : 1171456,
            "5.000000" : 6324224,
            "10.000000" : 6651904,
            "20.000000" : 6782976,
            "30.000000" : 6782976,
            "40.000000" : 6848512,
            "50.000000" : 6914048,
            "60.000000" : 6914048,
            "70.000000" : 6979584,
            "80.000000" : 7045120,
            "90.000000" : 7110656,
            "95.000000" : 7110656,
            "99.000000" : 7438336,
            "99.500000" : 7831552,
            "99.900000" : 8093696,
            "99.950000" : 8454144,
            "99.990000" : 13959168
          }
        },
        "lat_ns" : {
          "min" : 685280,
          "max" : 14803465,
          "mean" : 6748169.158726,
          "stddev" : 1021265.032804
        },
        "bw_min" : 581632,
        "bw_max" : 598016,
        "bw_agg" : 99.980971,
        "bw_mean" : 590920.533333,
        "bw_dev" : 3371.305553,
        "bw_samples" : 60,
        "iops_min" : 4544,
        "iops_max" : 4672,
        "iops_mean" : 4616.566667,
        "iops_stddev" : 26.338325,
        "iops_samples" : 60
      },
      "trim" : {
        "io_bytes" : 0,
        "io_kbytes" : 0,
        "bw_bytes" : 0,
        "bw" : 0,
        "iops" : 0.000000,
        "runtime" : 0,
        "total_ios" : 0,
        "short_ios" : 0,
        "drop_ios" : 0,
        "slat_ns" : {
          "min" : 0,
          "max" : 0,
          "mean" : 0.000000,
          "stddev" : 0.000000
        },
        "clat_ns" : {
          "min" : 0,
          "max" : 0,
          "mean" : 0.000000,
          "stddev" : 0.000000,
          "percentile" : {
            "1.000000" : 0,
            "5.000000" : 0,
            "10.000000" : 0,
            "20.000000" : 0,
            "30.000000" : 0,
            "40.000000" : 0,
            "50.000000" : 0,
            "60.000000" : 0,
            "70.000000" : 0,
            "80.000000" : 0,
            "90.000000" : 0,
            "95.000000" : 0,
            "99.000000" : 0,
            "99.500000" : 0,
            "99.900000" : 0,
            "99.950000" : 0,
            "99.990000" : 0
          }
        },
        "lat_ns" : {
          "min" : 0,
          "max" : 0,
          "mean" : 0.000000,
          "stddev" : 0.000000
        },
        "bw_min" : 0,
        "bw_max" : 0,
        "bw_agg" : 0.000000,
        "bw_mean" : 0.000000,
        "bw_dev" : 0.000000,
        "bw_samples" : 0,
        "iops_min" : 0,
        "iops_max" : 0,
        "iops_mean" : 0.000000,
        "iops_stddev" : 0.000000,
        "iops_samples" : 0
      },
      "sync" : {
        "lat_ns" : {
          "min" : 1225,
          "max" : 64033,
          "mean" : 1579.903673,
          "stddev" : 1059.635182,
          "percentile" : {
            "1.000000" : 1304,
            "5.000000" : 1400,
            "10.000000" : 1416,
            "20.000000" : 1448,
            "30.000000" : 1480,
            "40.000000" : 1512,
            "50.000000" : 1544,
            "60.000000" : 1576,
            "70.000000" : 1592,
            "80.000000" : 1640,
            "90.000000" : 1672,
            "95.000000" : 1720,
            "99.000000" : 1816,
            "99.500000" : 1976,
            "99.900000" : 12352,
            "99.950000" : 15168,
            "99.990000" : 64256
          }
        },
        "total_ios" : 4329
      },
      "job_runtime" : 30000,
      "usr_cpu" : 9.880000,
      "sys_cpu" : 8.166667,
      "ctx" : 4979,
      "majf" : 0,
      "minf" : 10,
      "iodepth_level" : {
        "1" : 0.100000,
        "2" : 0.100000,
        "4" : 0.100000,
        "8" : 0.100000,
        "16" : 0.100000,
        "32" : 103.102622,
        ">=64" : 0.000000
      },
      "iodepth_submit" : {
        "0" : 0.000000,
        "4" : 100.000000,
        "8" : 0.000000,
        "16" : 0.000000,
        "32" : 0.000000,
        "64" : 0.000000,
        ">=64" : 0.000000
      },
      "iodepth_complete" : {
        "0" : 0.000000,
        "4" : 99.999278,
        "8" : 0.000000,
        "16" : 0.000000,
        "32" : 0.100000,
        "64" : 0.000000,
        ">=64" : 0.000000
      },
      "latency_ns" : {
        "2" : 0.000000,
        "4" : 0.000000,
        "10" : 0.000000,
        "20" : 0.000000,
        "50" : 0.000000,
        "100" : 0.000000,
        "250" : 0.000000,
        "500" : 0.000000,
        "750" : 0.000000,
        "1000" : 0.000000
      },
      "latency_us" : {
        "2" : 0.000000,
        "4" : 0.000000,
        "10" : 0.000000,
        "20" : 0.000000,
        "50" : 0.000000,
        "100" : 0.000000,
        "250" : 0.000000,
        "500" : 0.000000,
        "750" : 0.010000,
        "1000" : 0.010000
      },
      "latency_ms" : {
        "2" : 3.121391,
        "4" : 0.010000,
        "10" : 96.830244,
        "20" : 0.044034,
        "50" : 0.000000,
        "100" : 0.000000,
        "250" : 0.000000,
        "500" : 0.000000,
        "750" : 0.000000,
        "1000" : 0.000000,
        "2000" : 0.000000,
        ">=2000" : 0.000000
      },
      "latency_depth" : 32,
      "latency_target" : 0,
      "latency_percentile" : 100.000000,
      "latency_window" : 0
    }
  ],
  "disk_util" : [
    {
      "name" : "vdb",
      "read_ios" : 0,
      "write_ios" : 142337,
      "read_merges" : 0,
      "write_merges" : 0,
      "read_ticks" : 0,