{
  "fio version" : "fio-3.13",
  "timestamp" : 1581249331,
  "timestamp_ms" : 1581249331576,
  "time" : "Sun Feb  9 11:55:31 2020",
  "jobs" : [
    {
      "jobname" : "rand-write-128k",
      "groupid" : 0,
      "error" : 0,
      "eta" : 0,
      "elapsed" : 31,
      "job options" : {
        "runtime" : "30",
        "bs" : "128k",
        "rw" : "randwrite",
        "direct" : "1",
        "randrepeat" : "0",
        "ioengine" : "libaio",
        "iodepth" : "32",
        "fsync" : "32",
        "filename" : "/dev/vdb"
      },
      "read" : {
        "io_bytes" : 0,
        "io_kbytes" : 0,
        "bw_bytes" : 0,
        "bw" : 0,
        "iops" : 0.000000,
        "runtime" : 0,
        "total_ios" : 0,
        "short_ios" : 0,
        "drop_ios" : 0,
        "slat_ns" : {
          "min" : 0,
          "max" : 0,
          "mean" : 0.000000,
          "stddev" : 0.000000
        },
        "clat_ns" : {
          "min" : 0,
          "max" : 0,
          "mean" : 0.000000,
          "stddev" : 0.000000,
          "percentile" : {
            "1.000000" : 0,
            "5.000000" : 0,
            "10.000000" : 0,
            "20.000000" : 0,
            "30.000000" : 0,
            "40.000000" : 0,
            "50.000000" : 0,
            "60.000000" : 0,
            "70.000000" : 0,
            "80.000000" : 0,
            "90.000000" : 0,
            "95.000000" : 0,
            "99.000000" : 0,
            "99.500000" : 0,
            "99.900000" : 0,
            "99.950000" : 0,
            "99.990000" : 0
          }
        },
        "lat_ns" : {
          "min" : 0,
          "max" : 0,
          "mean" : 0.000000,
          "stddev" : 0.000000
        },
        "bw_min" : 0,
        "bw_max" : 0,
        "bw_agg" : 0.000000,
        "bw_mean" : 0.000000,
        "bw_dev" : 0.000000,
        "bw_samples" : 0,
        "iops_min" : 0,
        "iops_max" : 0,
        "iops_mean" : 0.000000,
        "iops_stddev" : 0.000000,
        "iops_samples" : 0
      },
      "write" : {
        "io_bytes" : 18157142016,
        "io_kbytes" : 17731584,
        "bw_bytes" : 605117043,
        "bw" : 590934,
        "iops" : 4616.676665,
        "runtime" : 30006,
        "total_ios" : 138528,
        "short_ios" : 0,
        "drop_ios" : 0,
        "slat_ns" : {
          "min" : 12235,
          "max" : 299617,
          "mean" : 32957.714801,
          "stddev" : 8328.832223
        },
        "clat_ns" : {
          "min" : 704947,
          "max" : 24350445,
          "mean" : 6716575.418421,
          "stddev" : 1052333.874211,
          "percentile" : {
            "1.000000" : 1204224,
            "5.000000" : 6324224,
            "10.000000" : 6586368,
            "20.000000" : 6717440,
            "30.000000" : 6782976,
            "40.000000" : 6848512,
            "50.000000" : 6914048,
            "60.000000" : 6914048,
            "70.000000" : 6979584,
            "80.000000" : 7045120,
            "90.000000" : 7110656,
            "95.000000" : 7176192,
            "99.000000" : 7634944,
            "99.500000" : 7962624,
            "99.900000" : 8716288,
            "99.950000" : 9109504,
            "99.990000" : 24248320
          }
        },
        "lat_ns" : {
          "min" : 721509,
          "max" : 24378785,
          "mean" : 6750652.691687,
          "stddev" : 1051510.882527
        },
        "bw_min" : 557056,
        "bw_max" : 602112,
        "bw_agg" : 99.997721,
        "bw_mean" : 590920.533333,
        "bw_dev" : 6136.237658,
        "bw_samples" : 60,
        "iops_min" : 4352,
        "iops_max" : 4704,
        "iops_mean" : 4616.566667,
        "iops_stddev" : 47.939357,
        "iops_samples" : 60
      },
      "trim" : {
        "io_bytes" : 0,
        "io_kbytes" : 0,
        "bw_bytes" : 0,
        "bw" : 0,
        "iops" : 0.000000,
        "runtime" : 0,
        "total_ios" : 0,
        "short_ios" : 0,
        "drop_ios" : 0,
        "slat_ns" : {
          "min" : 0,
          "max" : 0,
          "mean" : 0.000000,
          "stddev" : 0.000000
        },
        "clat_ns" : {
          "min" : 0,
          "max" : 0,
          "mean" : 0.000000,
          "stddev" : 0.000000,
          "percentile" : {
            "1.000000" : 0,
            "5.000000" : 0,
            "10.000000" : 0,
            "20.000000" : 0,
            "30.000000" : 0,
            "40.000000" : 0,
            "50.000000" : 0,
            "60.000000" : 0,
            "70.000000" : 0,
            "80.000000" : 0,
            "90.000000" : 0,
            "95.000000" : 0,
            "99.000000" : 0,
            "99.500000" : 0,
            "99.900000" : 0,
            "99.950000" : 0,
            "99.990000" : 0
          }
        },
        "lat_ns" : {
          "min" : 0,
          "max" : 0,
          "mean" : 0.000000,
          "stddev" : 0.000000
        },
        "bw_min" : 0,
        "bw_max" : 0,
        "bw_agg" : 0.000000,
        "bw_mean" : 0.000000,
        "bw_dev" : 0.000000,
        "bw_samples" : 0,
        "iops_min" : 0,
        "iops_max" : 0,
        "iops_mean" : 0.000000,
        "iops_stddev" : 0.000000,
        "iops_samples" : 0
      },
      "sync" : {
        "lat_ns" : {
          "min" : 1184,
          "max" : 19710,
          "mean" : 1532.792793,
          "stddev" : 441.288343,
          "percentile" : {
            "1.000000" : 1272,
            "5.000000" : 1352,
            "10.000000" : 1384,
            "20.000000" : 1448,
            "30.000000" : 1480,
            "40.000000" : 1496,
            "50.000000" : 1528,
            "60.000000" : 1544,
            "70.000000" : 1576,
            "80.000000" : 1608,
            "90.000000" : 1640,
            "95.000000" : 1672,
            "99.000000" : 1720,
            "99.500000" : 1800,
            "99.900000" : 3728,
            "99.950000" : 14656,
            "99.990000" : 19584
          }
        },
        "total_ios" : 4329
      },
      "job_runtime" : 30005,
      "usr_cpu" : 10.634894,
      "sys_cpu" : 8.075321,
      "ctx" : 4643,
      "majf" : 0,
      "minf" : 11,
      "iodepth_level" : {
        "1" : 0.100000,
        "2" : 0.100000,
        "4" : 0.100000,
        "8" : 0.100000,
        "16" : 0.100000,
        "32" : 103.102622,
        ">=64" : 0.000000
      },
      "iodepth_submit" : {
        "0" : 0.000000,
        "4" : 100.000000,
        "8" : 0.000000,
        "16" : 0.000000,
        "32" : 0.000000,
        "64" : 0.000000,
        ">=64" : 0.000000
      },
      "iodepth_complete" : {
        "0" : 0.000000,
        "4" : 99.999278,
        "8" : 0.000000,
        "16" : 0.000000,
        "32" : 0.100000,
        "64" : 0.000000,
        ">=64" : 0.000000
      },
      "latency_ns" : {
        "2" : 0.000000,
        "4" : 0.000000,
        "10" : 0.000000,
        "20" : 0.000000,
        "50" : 0.000000,
        "100" : 0.000000,
        "250" : 0.000000,
        "500" : 0.000000,
        "750" : 0.000000,
        "1000" : 0.000000
      },
      "latency_us" : {
        "2" : 0.000000,
        "4" : 0.000000,
        "10" : 0.000000,
        "20" : 0.000000,
        "50" : 0.000000,
        "100" : 0.000000,
        "250" : 0.000000,
        "500" : 0.000000,
        "750" : 0.010000,
        "1000" : 0.000000
      },
      "latency_ms" : {
        "2" : 3.124278,
        "4" : 0.010000,
        "10" : 96.829522,
        "20" : 0.022378,
        "50" : 0.022378,
        "100" : 0.000000,
        "250" : 0.000000,
        "500" : 0.000000,
        "750" : 0.000000,
        "1000" : 0.000000,
        "2000" : 0.000000,
        ">=2000" : 0.000000
      },
      "latency_depth" : 32,
      "latency_target" : 0,
      "latency_percentile" : 100.000000,
      "latency_window" : 0
    }
  ],
  "disk_util" : [
    {
      "name" : "vdb",
      "read_ios" : 0,
      "write_ios" : 142328,
      "read_merges" : 0,
      "write_merges" : 0,
      "read_ticks" : 0,
      "write_ticks" : 256204,