{
  "fio version" : "fio-3.13",
  "timestamp" : 1567450444,
  "timestamp_ms" : 1567450444909,
  "time" : "Mon Sep  2 18:54:04 2019",
  "jobs" : [
    {
      "jobname" : "rand-write-128k",
      "groupid" : 0,
      "error" : 0,
      "eta" : 0,
      "elapsed" : 31,
      "job options" : {
        "runtime" : "30",
        "bs" : "128k",
        "rw" : "randwrite",
        "direct" : "1",
        "randrepeat" : "0",
        "ioengine" : "libaio",
        "iodepth" : "32",
        "fsync" : "32",
        "filename" : "/dev/vdb"
      },
      "read" : {
        "io_bytes" : 0,
        "io_kbytes" : 0,
        "bw_bytes" : 0,
        "bw" : 0,
        "iops" : 0.000000,
        "runtime" : 0,
        "total_ios" : 0,
        "short_ios" : 0,
        "drop_ios" : 0,
        "slat_ns" : {
          "min" : 0,
          "max" : 0,
          "mean" : 0.000000,
          "stddev" : 0.000000
        },
        "clat_ns" : {
          "min" : 0,
          "max" : 0,
          "mean" : 0.000000,
          "stddev" : 0.000000,
          "percentile" : {
            "1.000000" : 0,
            "5.000000" : 0,
            "10.000000" : 0,
            "20.000000" : 0,
            "30.000000" : 0,
            "40.000000" : 0,
            "50.000000" : 0,
            "60.000000" : 0,
            "70.000000" : 0,
            "80.000000" : 0,
            "90.000000" : 0,
            "95.000000" : 0,
            "99.000000" : 0,
            "99.500000" : 0,
            "99.900000" : 0,
            "99.950000" : 0,
            "99.990000" : 0
          }
        },
        "lat_ns" : {
          "min" : 0,
          "max" : 0,
          "mean" : 0.000000,
          "stddev" : 0.000000
        },
        "bw_min" : 0,
        "bw_max" : 0,
        "bw_agg" : 0.000000,
        "bw_mean" : 0.000000,
        "bw_dev" : 0.000000,
        "bw_samples" : 0,
        "iops_min" : 0,
        "iops_max" : 0,
        "iops_mean" : 0.000000,
        "iops_stddev" : 0.000000,
        "iops_samples" : 0
      },
      "write" : {
        "io_bytes" : 56698601472,
        "io_kbytes" : 55369728,
        "bw_bytes" : 1889890386,
        "bw" : 1845596,
        "iops" : 14418.719376,
        "runtime" : 30001,
        "total_ios" : 432576,
        "short_ios" : 0,
        "drop_ios" : 0,
        "slat_ns" : {
          "min" : 9587,
          "max" : 848404,
          "mean" : 27258.915895,
          "stddev" : 14094.131270
        },
        "clat_ns" : {
          "min" : 541248,
          "max" : 11694408,
          "mean" : 2151153.477135,
          "stddev" : 411252.800645,
          "percentile" : {
            "1.000000" : 921600,
            "5.000000" : 1646592,
            "10.000000" : 1679360,
            "20.000000" : 1892352,
            "30.000000" : 1941504,
            "40.000000" : 1990656,
            "50.000000" : 2113536,
            "60.000000" : 2277376,
            "70.000000" : 2441216,
            "80.000000" : 2506752,
            "90.000000" : 2572288,
            "95.000000" : 2670592,
            "99.000000" : 3031040,
            "99.500000" : 3096576,
            "99.900000" : 3293184,
            "99.950000" : 3555328,
            "99.990000" : 8028160
          }
        },
        "lat_ns" : {
          "min" : 581003,
          "max" : 11721194,
          "mean" : 2178632.475463,
          "stddev" : 410871.650124
        },
        "bw_min" : 1593856,
        "bw_max" : 2244608,
        "bw_agg" : 100.000000,
        "bw_mean" : 1849562.677966,
        "bw_dev" : 185354.311317,
        "bw_samples" : 59,
        "iops_min" : 12454,
        "iops_max" : 17536,
        "iops_mean" : 14449.694915,
        "iops_stddev" : 1448.044249,
        "iops_samples" : 59
      },
      "trim" : {
        "io_bytes" : 0,
        "io_kbytes" : 0,
        "bw_bytes" : 0,
        "bw" : 0,
        "iops" : 0.000000,
        "runtime" : 0,
        "total_ios" : 0,
        "short_ios" : 0,
        "drop_ios" : 0,
        "slat_ns" : {
          "min" : 0,
          "max" : 0,
          "mean" : 0.000000,
          "stddev" : 0.000000
        },
        "clat_ns" : {
          "min" : 0,
          "max" : 0,
          "mean" : 0.000000,
          "stddev" : 0.000000,
          "percentile" : {
            "1.000000" : 0,
            "5.000000" : 0,
            "10.000000" : 0,
            "20.000000" : 0,
            "30.000000" : 0,
            "40.000000" : 0,
            "50.000000" : 0,
            "60.000000" : 0,
            "70.000000" : 0,
            "80.000000" : 0,
            "90.000000" : 0,
            "95.000000" : 0,
            "99.000000" : 0,
            "99.500000" : 0,
            "99.900000" : 0,
            "99.950000" : 0,
            "99.990000" : 0
          }
        },
        "lat_ns" : {
          "min" : 0,
          "max" : 0,
          "mean" : 0.000000,
          "stddev" : 0.000000
        },
        "bw_min" : 0,
        "bw_max" : 0,
        "bw_agg" : 0.000000,
        "bw_mean" : 0.000000,
        "bw_dev" : 0.000000,
        "bw_samples" : 0,
        "iops_min" : 0,
        "iops_max" : 0,
        "iops_mean" : 0.000000,
        "iops_stddev" : 0.000000,
        "iops_samples" : 0
      },
      "sync" : {
        "lat_ns" : {
          "min" : 182,
          "max" : 34445,
          "mean" : 585.251147,
          "stddev" : 576.734618,
          "percentile" : {
            "1.000000" : 402,
            "5.000000" : 482,
            "10.000000" : 506,
            "20.000000" : 524,
            "30.000000" : 532,
            "40.000000" : 540,
            "50.000000" : 556,
            "60.000000" : 564,
            "70.000000" : 588,
            "80.000000" : 620,
            "90.000000" : 668,
            "95.000000" : 724,
            "99.000000" : 836,
            "99.500000" : 908,
            "99.900000" : 1592,
            "99.950000" : 10304,
            "99.990000" : 33536
          }
        },
        "total_ios" : 13518
      },
      "job_runtime" : 30000,
      "usr_cpu" : 21.183333,
      "sys_cpu" : 24.096667,
      "ctx" : 14445,
      "majf" : 0,
      "minf" : 11,
      "iodepth_level" : {
        "1" : 0.100000,
        "2" : 0.100000,
        "4" : 0.100000,
        "8" : 0.100000,
        "16" : 0.100000,
        "32" : 103.117834,
        ">=64" : 0.000000
      },
      "iodepth_submit" : {
        "0" : 0.000000,
        "4" : 100.000000,
        "8" : 0.000000,
        "16" : 0.000000,
        "32" : 0.000000,
        "64" : 0.000000,
        ">=64" : 0.000000
      },
      "iodepth_complete" : {
        "0" : 0.000000,
        "4" : 99.999769,
        "8" : 0.000000,
        "16" : 0.000000,
        "32" : 0.100000,
        "64" : 0.000000,
        ">=64" : 0.000000
      },
      "latency_ns" : {
        "2" : 0.000000,
        "4" : 0.000000,
        "10" : 0.000000,
        "20" : 0.000000,
        "50" : 0.000000,
        "100" : 0.000000,
        "250" : 0.000000,
        "500" : 0.000000,
        "750" : 0.000000,
        "1000" : 0.000000
      },
      "latency_us" : {
        "2" : 0.000000,
        "4" : 0.000000,
        "10" : 0.000000,
        "20" : 0.000000,
        "50" : 0.000000,
        "100" : 0.000000,
        "250" : 0.000000,
        "500" : 0.000000,
        "750" : 0.465121,
        "1000" : 2.428244
      },
      "latency_ms" : {
        "2" : 38.759432,
        "4" : 58.332871,
        "10" : 0.010000,
        "20" : 0.010000,
        "50" : 0.000000,
        "100" : 0.000000,
        "250" : 0.000000,
        "500" : 0.000000,
        "750" : 0.000000,
        "1000" : 0.000000,
        "2000" : 0.000000,
        ">=2000" : 0.000000
      },
      "latency_depth" : 32,
      "latency_target" : 0,
      "latency_percentile" : 100.000000,
      "latency_window" : 0
    }
  ],
  "disk_util" : [
    {
      "name" : "vdb",
      "read_ios" : 0,
      "write_ios" : 983530,
      "read_merges" : 0,
      "write_merges" : 0,
      "read_ticks" : 0,
      "write_ticks" : 1078804,