{
  "fio version" : "fio-3.13",
  "timestamp" : 1567449789,
  "timestamp_ms" : 1567449789551,
  "time" : "Mon Sep  2 18:43:09 2019",
  "jobs" : [
    {
      "jobname" : "rand-write-128k",
      "groupid" : 0,
      "error" : 0,
      "eta" : 0,
      "elapsed" : 31,
      "job options" : {
        "runtime" : "30",
        "bs" : "128k",
        "rw" : "randwrite",
        "direct" : "1",
        "randrepeat" : "0",
        "ioengine" : "libaio",
        "iodepth" : "32",
        "fsync" : "32",
        "filename" : "/dev/vdb"
      },
      "read" : {
        "io_bytes" : 0,
        "io_kbytes" : 0,
        "bw_bytes" : 0,
        "bw" : 0,
        "iops" : 0.000000,
        "runtime" : 0,
        "total_ios" : 0,
        "short_ios" : 0,
        "drop_ios" : 0,
        "slat_ns" : {
          "min" : 0,
          "max" : 0,
          "mean" : 0.000000,
          "stddev" : 0.000000
        },
        "clat_ns" : {
          "min" : 0,
          "max" : 0,
          "mean" : 0.000000,
          "stddev" : 0.000000,
          "percentile" : {
            "1.000000" : 0,
            "5.000000" : 0,
            "10.000000" : 0,
            "20.000000" : 0,
            "30.000000" : 0,
            "40.000000" : 0,
            "50.000000" : 0,
            "60.000000" : 0,
            "70.000000" : 0,
            "80.000000" : 0,
            "90.000000" : 0,
            "95.000000" : 0,
            "99.000000" : 0,
            "99.500000" : 0,
            "99.900000" : 0,
            "99.950000" : 0,
            "99.990000" : 0
          }
        },
        "lat_ns" : {
          "min" : 0,
          "max" : 0,
          "mean" : 0.000000,
          "stddev" : 0.000000
        },
        "bw_min" : 0,
        "bw_max" : 0,
        "bw_agg" : 0.000000,
        "bw_mean" : 0.000000,
        "bw_dev" : 0.000000,
        "bw_samples" : 0,
        "iops_min" : 0,
        "iops_max" : 0,
        "iops_mean" : 0.000000,
        "iops_stddev" : 0.000000,
        "iops_samples" : 0
      },
      "write" : {
        "io_bytes" : 58313408512,
        "io_kbytes" : 56946688,
        "bw_bytes" : 1943715493,
        "bw" : 1898159,
        "iops" : 14829.372354,
        "runtime" : 30001,
        "total_ios" : 444896,
        "short_ios" : 0,
        "drop_ios" : 0,
        "slat_ns" : {
          "min" : 15084,
          "max" : 214170,
          "mean" : 31935.735147,
          "stddev" : 9686.507696
        },
        "clat_ns" : {
          "min" : 709815,
          "max" : 3995929,
          "mean" : 2091876.923728,
          "stddev" : 330987.690144,
          "percentile" : {
            "1.000000" : 1089536,
            "5.000000" : 1630208,
            "10.000000" : 1712128,
            "20.000000" : 1859584,
            "30.000000" : 1974272,
            "40.000000" : 2056192,
            "50.000000" : 2146304,
            "60.000000" : 2179072,
            "70.000000" : 2211840,
            "80.000000" : 2277376,
            "90.000000" : 2473984,
            "95.000000" : 2572288,
            "99.000000" : 2932736,
            "99.500000" : 3063808,
            "99.900000" : 3227648,
            "99.950000" : 3424256,
            "99.990000" : 3588096
          }
        },
        "lat_ns" : {
          "min" : 737271,
          "max" : 4029603,
          "mean" : 2124267.854069,
          "stddev" : 330870.219772
        },
        "bw_min" : 1600000,
        "bw_max" : 2267648,
        "bw_agg" : 100.000000,
        "bw_mean" : 1902225.271186,
        "bw_dev" : 157745.557121,
        "bw_samples" : 59,
        "iops_min" : 12500,
        "iops_max" : 17716,
        "iops_mean" : 14861.118644,
        "iops_stddev" : 1232.372426,
        "iops_samples" : 59
      },
      "trim" : {
        "io_bytes" : 0,
        "io_kbytes" : 0,
        "bw_bytes" : 0,
        "bw" : 0,
        "iops" : 0.000000,
        "runtime" : 0,
        "total_ios" : 0,
        "short_ios" : 0,
        "drop_ios" : 0,
        "slat_ns" : {
          "min" : 0,
          "max" : 0,
          "mean" : 0.000000,
          "stddev" : 0.000000
        },
        "clat_ns" : {
          "min" : 0,
          "max" : 0,
          "mean" : 0.000000,
          "stddev" : 0.000000,
          "percentile" : {
            "1.000000" : 0,
            "5.000000" : 0,
            "10.000000" : 0,
            "20.000000" : 0,
            "30.000000" : 0,
            "40.000000" : 0,
            "50.000000" : 0,
            "60.000000" : 0,
            "70.000000" : 0,
            "80.000000" : 0,
            "90.000000" : 0,
            "95.000000" : 0,
            "99.000000" : 0,
            "99.500000" : 0,
            "99.900000" : 0,
            "99.950000" : 0,
            "99.990000" : 0
          }
        },
        "lat_ns" : {
          "min" : 0,
          "max" : 0,
          "mean" : 0.000000,
          "stddev" : 0.000000
        },
        "bw_min" : 0,
        "bw_max" : 0,
        "bw_agg" : 0.000000,
        "bw_mean" : 0.000000,
        "bw_dev" : 0.000000,
        "bw_samples" : 0,
        "iops_min" : 0,
        "iops_max" : 0,
        "iops_mean" : 0.000000,
        "iops_stddev" : 0.000000,
        "iops_samples" : 0
      },
      "sync" : {
        "lat_ns" : {
          "min" : 180,
          "max" : 28903,
          "mean" : 591.082141,
          "stddev" : 344.462742,
          "percentile" : {
            "1.000000" : 426,
            "5.000000" : 466,
            "10.000000" : 490,
            "20.000000" : 524,
            "30.000000" : 548,
            "40.000000" : 588,
            "50.000000" : 612,
            "60.000000" : 620,
            "70.000000" : 620,
            "80.000000" : 628,
            "90.000000" : 636,
            "95.000000" : 676,
            "99.000000" : 748,
            "99.500000" : 780,
            "99.900000" : 1080,
            "99.950000" : 1704,
            "99.990000" : 25728
          }
        },
        "total_ios" : 13903
      },
      "job_runtime" : 30000,
      "usr_cpu" : 22.046667,
      "sys_cpu" : 32.513333,
      "ctx" : 14850,
      "majf" : 0,
      "minf" : 12,
      "iodepth_level" : {
        "1" : 0.100000,
        "2" : 0.100000,
        "4" : 0.100000,
        "8" : 0.100000,
        "16" : 0.100000,
        "32" : 103.118032,
        ">=64" : 0.000000
      },
      "iodepth_submit" : {
        "0" : 0.000000,
        "4" : 100.000000,
        "8" : 0.000000,
        "16" : 0.000000,
        "32" : 0.000000,
        "64" : 0.000000,
        ">=64" : 0.000000
      },
      "iodepth_complete" : {
        "0" : 0.000000,
        "4" : 99.999775,
        "8" : 0.000000,
        "16" : 0.000000,
        "32" : 0.100000,
        "64" : 0.000000,
        ">=64" : 0.000000
      },
      "latency_ns" : {
        "2" : 0.000000,
        "4" : 0.000000,
        "10" : 0.000000,
        "20" : 0.000000,
        "50" : 0.000000,
        "100" : 0.000000,
        "250" : 0.000000,
        "500" : 0.000000,
        "750" : 0.000000,
        "1000" : 0.000000
      },
      "latency_us" : {
        "2" : 0.000000,
        "4" : 0.000000,
        "10" : 0.000000,
        "20" : 0.000000,
        "50" : 0.000000,
        "100" : 0.000000,
        "250" : 0.000000,
        "500" : 0.000000,
        "750" : 0.017982,
        "1000" : 0.576764
      },
      "latency_ms" : {
        "2" : 33.204614,
        "4" : 66.200640,
        "10" : 0.000000,
        "20" : 0.000000,
        "50" : 0.000000,
        "100" : 0.000000,
        "250" : 0.000000,
        "500" : 0.000000,
        "750" : 0.000000,
        "1000" : 0.000000,
        "2000" : 0.000000,
        ">=2000" : 0.000000
      },
      "latency_depth" : 32,
      "latency_target" : 0,
      "latency_percentile" : 100.000000,
      "latency_window" : 0
    }
  ],
  "disk_util" : [
    {
      "name" : "vdb",
      "read_ios" : 0,
      "write_ios" : 485107,
      "read_merges" : 0,
      "write_merges" : 0,
      "read_ticks" : 0,
      "write_ticks" : 388160,