{
  "fio version" : "fio-3.13",
  "timestamp" : 1567450320,
  "timestamp_ms" : 1567450320441,
  "time" : "Mon Sep  2 18:52:00 2019",
  "jobs" : [
    {
      "jobname" : "rand-write-4k",
      "groupid" : 0,
      "error" : 0,
      "eta" : 0,
      "elapsed" : 31,
      "job options" : {
        "runtime" : "30",
        "bs" : "4k",
        "rw" : "randwrite",
        "direct" : "1",
        "randrepeat" : "0",
        "ioengine" : "libaio",
        "iodepth" : "32",
        "fsync" : "32",
        "filename" : "/dev/vdb"
      },
      "read" : {
        "io_bytes" : 0,
        "io_kbytes" : 0,
        "bw_bytes" : 0,
        "bw" : 0,
        "iops" : 0.000000,
        "runtime" : 0,
        "total_ios" : 0,
        "short_ios" : 0,
        "drop_ios" : 0,
        "slat_ns" : {
          "min" : 0,
          "max" : 0,
          "mean" : 0.000000,
          "stddev" : 0.000000
        },
        "clat_ns" : {
          "min" : 0,
          "max" : 0,
          "mean" : 0.000000,
          "stddev" : 0.000000,
          "percentile" : {
            "1.000000" : 0,
            "5.000000" : 0,
            "10.000000" : 0,
            "20.000000" : 0,
            "30.000000" : 0,
            "40.000000" : 0,
            "50.000000" : 0,
            "60.000000" : 0,
            "70.000000" : 0,
            "80.000000" : 0,
            "90.000000" : 0,
            "95.000000" : 0,
            "99.000000" : 0,
            "99.500000" : 0,
            "99.900000" : 0,
            "99.950000" : 0,
            "99.990000" : 0
          }
        },
        "lat_ns" : {
          "min" : 0,
          "max" : 0,
          "mean" : 0.000000,
          "stddev" : 0.000000
        },
        "bw_min" : 0,
        "bw_max" : 0,
        "bw_agg" : 0.000000,
        "bw_mean" : 0.000000,
        "bw_dev" : 0.000000,
        "bw_samples" : 0,
        "iops_min" : 0,
        "iops_max" : 0,
        "iops_mean" : 0.000000,
        "iops_stddev" : 0.000000,
        "iops_samples" : 0
      },
      "write" : {
        "io_bytes" : 17739497472,
        "io_kbytes" : 17323728,
        "bw_bytes" : 591296872,
        "bw" : 577438,
        "iops" : 144359.588014,
        "runtime" : 30001,
        "total_ios" : 4330932,
        "short_ios" : 0,
        "drop_ios" : 0,
        "slat_ns" : {
          "min" : 2655,
          "max" : 3136089,
          "mean" : 5193.376246,
          "stddev" : 3085.055232
        },
        "clat_ns" : {
          "min" : 88929,
          "max" : 6224651,
          "mean" : 215276.350096,
          "stddev" : 49197.940120,
          "percentile" : {
            "1.000000" : 158720,
            "5.000000" : 175104,
            "10.000000" : 181248,
            "20.000000" : 209920,
            "30.000000" : 214016,
            "40.000000" : 216064,
            "50.000000" : 218112,
            "60.000000" : 220160,
            "70.000000" : 222208,
            "80.000000" : 226304,
            "90.000000" : 230400,
            "95.000000" : 236544,
            "99.000000" : 259072,
            "99.500000" : 268288,
            "99.900000" : 395264,
            "99.950000" : 428032,
            "99.990000" : 3293184
          }
        },
        "lat_ns" : {
          "min" : 95168,
          "max" : 6228264,
          "mean" : 220522.125482,
          "stddev" : 49497.251059
        },
        "bw_min" : 530808,
        "bw_max" : 696016,
        "bw_agg" : 100.000000,
        "bw_mean" : 577910.508475,
        "bw_dev" : 43635.576715,
        "bw_samples" : 59,
        "iops_min" : 132702,
        "iops_max" : 174004,
        "iops_mean" : 144477.661017,
        "iops_stddev" : 10908.992046,
        "iops_samples" : 59
      },
      "trim" : {
        "io_bytes" : 0,
        "io_kbytes" : 0,
        "bw_bytes" : 0,
        "bw" : 0,
        "iops" : 0.000000,
        "runtime" : 0,
        "total_ios" : 0,
        "short_ios" : 0,
        "drop_ios" : 0,
        "slat_ns" : {
          "min" : 0,
          "max" : 0,
          "mean" : 0.000000,
          "stddev" : 0.000000
        },
        "clat_ns" : {
          "min" : 0,
          "max" : 0,
          "mean" : 0.000000,
          "stddev" : 0.000000,
          "percentile" : {
            "1.000000" : 0,
            "5.000000" : 0,
            "10.000000" : 0,
            "20.000000" : 0,
            "30.000000" : 0,
            "40.000000" : 0,
            "50.000000" : 0,
            "60.000000" : 0,
            "70.000000" : 0,
            "80.000000" : 0,
            "90.000000" : 0,
            "95.000000" : 0,
            "99.000000" : 0,
            "99.500000" : 0,
            "99.900000" : 0,
            "99.950000" : 0,
            "99.990000" : 0
          }
        },
        "lat_ns" : {
          "min" : 0,
          "max" : 0,
          "mean" : 0.000000,
          "stddev" : 0.000000
        },
        "bw_min" : 0,
        "bw_max" : 0,
        "bw_agg" : 0.000000,
        "bw_mean" : 0.000000,
        "bw_dev" : 0.000000,
        "bw_samples" : 0,
        "iops_min" : 0,
        "iops_max" : 0,
        "iops_mean" : 0.000000,
        "iops_stddev" : 0.000000,
        "iops_samples" : 0
      },
      "sync" : {
        "lat_ns" : {
          "min" : 19,
          "max" : 14143,
          "mean" : 33.269423,
          "stddev" : 78.300615,
          "percentile" : {
            "1.000000" : 25,
            "5.000000" : 27,
            "10.000000" : 27,
            "20.000000" : 28,
            "30.000000" : 28,
            "40.000000" : 29,
            "50.000000" : 30,
            "60.000000" : 32,
            "70.000000" : 33,
            "80.000000" : 35,
            "90.000000" : 37,
            "95.000000" : 41,
            "99.000000" : 58,
            "99.500000" : 98,
            "99.900000" : 338,
            "99.950000" : 494,
            "99.990000" : 2736
          }
        },
        "total_ios" : 135341
      },
      "job_runtime" : 30000,
      "usr_cpu" : 14.310000,
      "sys_cpu" : 80.016667,
      "ctx" : 135526,
      "majf" : 15,
      "minf" : 24,
      "iodepth_level" : {
        "1" : 0.100000,
        "2" : 0.100000,
        "4" : 0.100000,
        "8" : 0.100000,
        "16" : 0.100000,
        "32" : 103.124270,
        ">=64" : 0.000000
      },
      "iodepth_submit" : {
        "0" : 0.000000,
        "4" : 100.000000,
        "8" : 0.000000,
        "16" : 0.000000,
        "32" : 0.000000,
        "64" : 0.000000,
        ">=64" : 0.000000
      },
      "iodepth_complete" : {
        "0" : 0.000000,
        "4" : 99.999977,
        "8" : 0.000000,
        "16" : 0.000000,
        "32" : 0.100000,
        "64" : 0.000000,
        ">=64" : 0.000000
      },
      "latency_ns" : {
        "2" : 0.000000,
        "4" : 0.000000,
        "10" : 0.000000,
        "20" : 0.000000,
        "50" : 0.000000,
        "100" : 0.000000,
        "250" : 0.000000,
        "500" : 0.000000,
        "750" : 0.000000,
        "1000" : 0.000000
      },
      "latency_us" : {
        "2" : 0.000000,
        "4" : 0.000000,
        "10" : 0.000000,
        "20" : 0.000000,
        "50" : 0.000000,
        "100" : 0.010000,
        "250" : 98.065197,
        "500" : 1.905756,
        "750" : 0.010691,
        "1000" : 0.010000
      },
      "latency_ms" : {
        "2" : 0.000000,
        "4" : 0.013646,
        "10" : 0.010000,
        "20" : 0.000000,
        "50" : 0.000000,
        "100" : 0.000000,
        "250" : 0.000000,
        "500" : 0.000000,
        "750" : 0.000000,
        "1000" : 0.000000,
        "2000" : 0.000000,
        ">=2000" : 0.000000
      },
      "latency_depth" : 32,
      "latency_target" : 0,
      "latency_percentile" : 100.000000,
      "latency_window" : 0
    }
  ],
  "disk_util" : [
    {
      "name" : "vdb",
      "read_ios" : 0,
      "write_ios" : 4446553,
      "read_merges" : 0,
      "write_merges" : 0,
      "read_ticks" : 0,
      "write_ticks" : 52616,
      "in_queue" : 27448,