{
  "fio version" : "fio-3.13",
  "timestamp" : 1556059907,
  "timestamp_ms" : 1556059907885,
  "time" : "Tue Apr 23 22:51:47 2019",
  "jobs" : [
    {
      "jobname" : "rand-write-4k",
      "groupid" : 0,
      "error" : 0,
      "eta" : 0,
      "elapsed" : 70,
      "job options" : {
        "bs" : "4k",
        "rw" : "randwrite",
        "direct" : "1",
        "size" : "10G",
        "randrepeat" : "0",
        "ioengine" : "libaio",
        "iodepth" : "32",
        "fsync" : "32",
        "filename" : "/dev/vdb"
      },
      "read" : {
        "io_bytes" : 0,
        "io_kbytes" : 0,
        "bw_bytes" : 0,
        "bw" : 0,
        "iops" : 0.000000,
        "runtime" : 0,
        "total_ios" : 0,
        "short_ios" : 0,
        "drop_ios" : 0,
        "slat_ns" : {
          "min" : 0,
          "max" : 0,
          "mean" : 0.000000,
          "stddev" : 0.000000
        },
        "clat_ns" : {
          "min" : 0,
          "max" : 0,
          "mean" : 0.000000,
          "stddev" : 0.000000,
          "percentile" : {
            "1.000000" : 0,
            "5.000000" : 0,
            "10.000000" : 0,
            "20.000000" : 0,
            "30.000000" : 0,
            "40.000000" : 0,
            "50.000000" : 0,
            "60.000000" : 0,
            "70.000000" : 0,
            "80.000000" : 0,
            "90.000000" : 0,
            "95.000000" : 0,
            "99.000000" : 0,
            "99.500000" : 0,
            "99.900000" : 0,
            "99.950000" : 0,
            "99.990000" : 0
          }
        },
        "lat_ns" : {
          "min" : 0,
          "max" : 0,
          "mean" : 0.000000,
          "stddev" : 0.000000
        },
        "bw_min" : 0,
        "bw_max" : 0,
        "bw_agg" : 0.000000,
        "bw_mean" : 0.000000,
        "bw_dev" : 0.000000,
        "bw_samples" : 0,
        "iops_min" : 0,
        "iops_max" : 0,
        "iops_mean" : 0.000000,
        "iops_stddev" : 0.000000,
        "iops_samples" : 0
      },
      "write" : {
        "io_bytes" : 10737418240,
        "io_kbytes" : 10485760,
        "bw_bytes" : 154085071,
        "bw" : 150473,
        "iops" : 37618.425773,
        "runtime" : 69685,
        "total_ios" : 2621440,
        "short_ios" : 0,
        "drop_ios" : 0,
        "slat_ns" : {
          "min" : 1924,
          "max" : 2148924,
          "mean" : 7841.583659,
          "stddev" : 5423.968398
        },
        "clat_ns" : {
          "min" : 104006,
          "max" : 7549018,
          "mean" : 825888.721033,
          "stddev" : 132912.937600,
          "percentile" : {
            "1.000000" : 333824,
            "5.000000" : 643072,
            "10.000000" : 700416,
            "20.000000" : 741376,
            "30.000000" : 774144,
            "40.000000" : 798720,
            "50.000000" : 823296,
            "60.000000" : 856064,
            "70.000000" : 888832,
            "80.000000" : 929792,
            "90.000000" : 978944,
            "95.000000" : 1011712,
            "99.000000" : 1089536,
            "99.500000" : 1105920,
            "99.900000" : 1171456,
            "99.950000" : 1220608,
            "99.990000" : 2998272
          }
        },
        "lat_ns" : {
          "min" : 107655,
          "max" : 7553153,
          "mean" : 834732.796112,
          "stddev" : 134365.031861
        },
        "bw_min" : 135976,
        "bw_max" : 165888,
        "bw_agg" : 99.937875,
        "bw_mean" : 150379.517986,
        "bw_dev" : 5489.651920,
        "bw_samples" : 139,
        "iops_min" : 33994,
        "iops_max" : 41472,
        "iops_mean" : 37594.877698,
        "iops_stddev" : 1372.412630,
        "iops_samples" : 139
      },
      "trim" : {
        "io_bytes" : 0,
        "io_kbytes" : 0,
        "bw_bytes" : 0,
        "bw" : 0,
        "iops" : 0.000000,
        "runtime" : 0,
        "total_ios" : 0,
        "short_ios" : 0,
        "drop_ios" : 0,
        "slat_ns" : {
          "min" : 0,
          "max" : 0,
          "mean" : 0.000000,
          "stddev" : 0.000000
        },
        "clat_ns" : {
          "min" : 0,
          "max" : 0,
          "mean" : 0.000000,
          "stddev" : 0.000000,
          "percentile" : {
            "1.000000" : 0,
            "5.000000" : 0,
            "10.000000" : 0,
            "20.000000" : 0,
            "30.000000" : 0,
            "40.000000" : 0,
            "50.000000" : 0,
            "60.000000" : 0,
            "70.000000" : 0,
            "80.000000" : 0,
            "90.000000" : 0,
            "95.000000" : 0,
            "99.000000" : 0,
            "99.500000" : 0,
            "99.900000" : 0,
            "99.950000" : 0,
            "99.990000" : 0
          }
        },
        "lat_ns" : {
          "min" : 0,
          "max" : 0,
          "mean" : 0.000000,
          "stddev" : 0.000000
        },
        "bw_min" : 0,
        "bw_max" : 0,
        "bw_agg" : 0.000000,
        "bw_mean" : 0.000000,
        "bw_dev" : 0.000000,
        "bw_samples" : 0,
        "iops_min" : 0,
        "iops_max" : 0,
        "iops_mean" : 0.000000,
        "iops_stddev" : 0.000000,
        "iops_samples" : 0
      },
      "sync" : {
        "lat_ns" : {
          "min" : 417,
          "max" : 59950,
          "mean" : 943.764011,
          "stddev" : 890.090863,
          "percentile" : {
            "1.000000" : 580,
            "5.000000" : 668,
            "10.000000" : 700,
            "20.000000" : 740,
            "30.000000" : 772,
            "40.000000" : 804,
            "50.000000" : 852,
            "60.000000" : 932,
            "70.000000" : 1080,
            "80.000000" : 1128,
            "90.000000" : 1160,
            "95.000000" : 1208,
            "99.000000" : 1304,
            "99.500000" : 1320,
            "99.900000" : 13632,
            "99.950000" : 16192,
            "99.990000" : 42752
          }
        },
        "total_ios" : 81919
      },
      "job_runtime" : 69684,
      "usr_cpu" : 15.322025,
      "sys_cpu" : 37.493542,
      "ctx" : 136048,
      "majf" : 0,
      "minf" : 12,
      "iodepth_level" : {
        "1" : 0.100000,
        "2" : 0.100000,
        "4" : 0.100000,
        "8" : 0.100000,
        "16" : 0.100000,
        "32" : 103.123779,
        ">=64" : 0.000000
      },
      "iodepth_submit" : {
        "0" : 0.000000,
        "4" : 100.000000,
        "8" : 0.000000,
        "16" : 0.000000,
        "32" : 0.000000,
        "64" : 0.000000,
        ">=64" : 0.000000
      },
      "iodepth_complete" : {
        "0" : 0.000000,
        "4" : 99.999962,
        "8" : 0.000000,
        "16" : 0.000000,
        "32" : 0.100000,
        "64" : 0.000000,
        ">=64" : 0.000000
      },
      "latency_ns" : {
        "2" : 0.000000,
        "4" : 0.000000,
        "10" : 0.000000,
        "20" : 0.000000,
        "50" : 0.000000,
        "100" : 0.000000,
        "250" : 0.000000,
        "500" : 0.000000,
        "750" : 0.000000,
        "1000" : 0.000000
      },
      "latency_us" : {
        "2" : 0.000000,
        "4" : 0.000000,
        "10" : 0.000000,
        "20" : 0.000000,
        "50" : 0.000000,
        "100" : 0.000000,
        "250" : 0.055695,
        "500" : 2.148361,
        "750" : 20.322838,
        "1000" : 70.974388
      },
      "latency_ms" : {
        "2" : 6.482506,
        "4" : 0.010000,
        "10" : 0.010000,
        "20" : 0.000000,
        "50" : 0.000000,
        "100" : 0.000000,
        "250" : 0.000000,
        "500" : 0.000000,
        "750" : 0.000000,
        "1000" : 0.000000,
        "2000" : 0.000000,
        ">=2000" : 0.000000
      },
      "latency_depth" : 32,
      "latency_target" : 0,
      "latency_percentile" : 100.000000,
      "latency_window" : 0
    }
  ],
  "disk_util" : [
    {
      "name" : "vdb",
      "read_ios" : 0,
      "write_ios" : 2701445,
      "read_merges" : 0,
      "write_merges" : 0,
      "read_ticks" : 0,
      "write_ticks" : 232220,