{
  "fio version" : "fio-3.13",
  "timestamp" : 1581249208,
  "timestamp_ms" : 1581249208016,
  "time" : "Sun Feb  9 11:53:28 2020",
  "jobs" : [
    {
      "jobname" : "rand-write-4k",
      "groupid" : 0,
      "error" : 0,
      "eta" : 0,
      "elapsed" : 31,
      "job options" : {
        "runtime" : "30",
        "bs" : "4k",
        "rw" : "randwrite",
        "direct" : "1",
        "randrepeat" : "0",
        "ioengine" : "libaio",
        "iodepth" : "32",
        "fsync" : "32",
        "filename" : "/dev/vdb"
      },
      "read" : {
        "io_bytes" : 0,
        "io_kbytes" : 0,
        "bw_bytes" : 0,
        "bw" : 0,
        "iops" : 0.000000,
        "runtime" : 0,
        "total_ios" : 0,
        "short_ios" : 0,
        "drop_ios" : 0,
        "slat_ns" : {
          "min" : 0,
          "max" : 0,
          "mean" : 0.000000,
          "stddev" : 0.000000
        },
        "clat_ns" : {
          "min" : 0,
          "max" : 0,
          "mean" : 0.000000,
          "stddev" : 0.000000,
          "percentile" : {
            "1.000000" : 0,
            "5.000000" : 0,
            "10.000000" : 0,
            "20.000000" : 0,
            "30.000000" : 0,
            "40.000000" : 0,
            "50.000000" : 0,
            "60.000000" : 0,
            "70.000000" : 0,
            "80.000000" : 0,
            "90.000000" : 0,
            "95.000000" : 0,
            "99.000000" : 0,
            "99.500000" : 0,
            "99.900000" : 0,
            "99.950000" : 0,
            "99.990000" : 0
          }
        },
        "lat_ns" : {
          "min" : 0,
          "max" : 0,
          "mean" : 0.000000,
          "stddev" : 0.000000
        },
        "bw_min" : 0,
        "bw_max" : 0,
        "bw_agg" : 0.000000,
        "bw_mean" : 0.000000,
        "bw_dev" : 0.000000,
        "bw_samples" : 0,
        "iops_min" : 0,
        "iops_max" : 0,
        "iops_mean" : 0.000000,
        "iops_stddev" : 0.000000,
        "iops_samples" : 0
      },
      "write" : {
        "io_bytes" : 4576763904,
        "io_kbytes" : 4469496,
        "bw_bytes" : 152553711,
        "bw" : 148978,
        "iops" : 37244.558515,
        "runtime" : 30001,
        "total_ios" : 1117374,
        "short_ios" : 0,
        "drop_ios" : 0,
        "slat_ns" : {
          "min" : 2240,
          "max" : 490643,
          "mean" : 7283.867373,
          "stddev" : 3810.310565
        },
        "clat_ns" : {
          "min" : 66188,
          "max" : 16149411,
          "mean" : 834001.319481,
          "stddev" : 149805.600781,
          "percentile" : {
            "1.000000" : 382976,
            "5.000000" : 757760,
            "10.000000" : 782336,
            "20.000000" : 798720,
            "30.000000" : 815104,
            "40.000000" : 831488,
            "50.000000" : 839680,
            "60.000000" : 856064,
            "70.000000" : 864256,
            "80.000000" : 880640,
            "90.000000" : 905216,
            "95.000000" : 921600,
            "99.000000" : 978944,
            "99.500000" : 1028096,
            "99.900000" : 1286144,
            "99.950000" : 1515520,
            "99.990000" : 6455296
          }
        },
        "lat_ns" : {
          "min" : 71870,
          "max" : 16169911,
          "mean" : 842246.132223,
          "stddev" : 149943.081818
        },
        "bw_min" : 142320,
        "bw_max" : 152544,
        "bw_agg" : 99.951079,
        "bw_mean" : 148905.118644,
        "bw_dev" : 2802.416495,
        "bw_samples" : 59,
        "iops_min" : 35580,
        "iops_max" : 38136,
        "iops_mean" : 37226.254237,
        "iops_stddev" : 700.617575,
        "iops_samples" : 59
      },
      "trim" : {
        "io_bytes" : 0,
        "io_kbytes" : 0,
        "bw_bytes" : 0,
        "bw" : 0,
        "iops" : 0.000000,
        "runtime" : 0,
        "total_ios" : 0,
        "short_ios" : 0,
        "drop_ios" : 0,
        "slat_ns" : {
          "min" : 0,
          "max" : 0,
          "mean" : 0.000000,
          "stddev" : 0.000000
        },
        "clat_ns" : {
          "min" : 0,
          "max" : 0,
          "mean" : 0.000000,
          "stddev" : 0.000000,
          "percentile" : {
            "1.000000" : 0,
            "5.000000" : 0,
            "10.000000" : 0,
            "20.000000" : 0,
            "30.000000" : 0,
            "40.000000" : 0,
            "50.000000" : 0,
            "60.000000" : 0,
            "70.000000" : 0,
            "80.000000" : 0,
            "90.000000" : 0,
            "95.000000" : 0,
            "99.000000" : 0,
            "99.500000" : 0,
            "99.900000" : 0,
            "99.950000" : 0,
            "99.990000" : 0
          }
        },
        "lat_ns" : {
          "min" : 0,
          "max" : 0,
          "mean" : 0.000000,
          "stddev" : 0.000000
        },
        "bw_min" : 0,
        "bw_max" : 0,
        "bw_agg" : 0.000000,
        "bw_mean" : 0.000000,
        "bw_dev" : 0.000000,
        "bw_samples" : 0,
        "iops_min" : 0,
        "iops_max" : 0,
        "iops_mean" : 0.000000,
        "iops_stddev" : 0.000000,
        "iops_samples" : 0
      },
      "sync" : {
        "lat_ns" : {
          "min" : 509,
          "max" : 68575,
          "mean" : 950.436005,
          "stddev" : 488.187939,
          "percentile" : {
            "1.000000" : 796,
            "5.000000" : 844,
            "10.000000" : 868,
            "20.000000" : 884,
            "30.000000" : 900,
            "40.000000" : 916,
            "50.000000" : 932,
            "60.000000" : 940,
            "70.000000" : 964,
            "80.000000" : 988,
            "90.000000" : 1048,
            "95.000000" : 1064,
            "99.000000" : 1176,
            "99.500000" : 1240,
            "99.900000" : 3120,
            "99.950000" : 10816,
            "99.990000" : 17280
          }
        },
        "total_ios" : 34917
      },
      "job_runtime" : 30000,
      "usr_cpu" : 15.980000,
      "sys_cpu" : 35.826667,
      "ctx" : 36439,
      "majf" : 12,
      "minf" : 21,
      "iodepth_level" : {
        "1" : 0.100000,
        "2" : 0.100000,
        "4" : 0.100000,
        "8" : 0.100000,
        "16" : 0.100000,
        "32" : 103.122142,
        ">=64" : 0.000000
      },
      "iodepth_submit" : {
        "0" : 0.000000,
        "4" : 100.000000,
        "8" : 0.000000,
        "16" : 0.000000,
        "32" : 0.000000,
        "64" : 0.000000,
        ">=64" : 0.000000
      },
      "iodepth_complete" : {
        "0" : 0.000000,
        "4" : 99.999911,
        "8" : 0.000000,
        "16" : 0.000000,
        "32" : 0.100000,
        "64" : 0.000000,
        ">=64" : 0.000000
      },
      "latency_ns" : {
        "2" : 0.000000,
        "4" : 0.000000,
        "10" : 0.000000,
        "20" : 0.000000,
        "50" : 0.000000,
        "100" : 0.000000,
        "250" : 0.000000,
        "500" : 0.000000,
        "750" : 0.000000,
        "1000" : 0.000000
      },
      "latency_us" : {
        "2" : 0.000000,
        "4" : 0.000000,
        "10" : 0.000000,
        "20" : 0.000000,
        "50" : 0.000000,
        "100" : 0.010000,
        "250" : 0.010000,
        "500" : 3.084196,
        "750" : 1.304935,
        "1000" : 94.894726
      },
      "latency_ms" : {
        "2" : 0.668890,
        "4" : 0.010000,
        "10" : 0.030428,
        "20" : 0.010000,
        "50" : 0.000000,
        "100" : 0.000000,
        "250" : 0.000000,
        "500" : 0.000000,
        "750" : 0.000000,
        "1000" : 0.000000,
        "2000" : 0.000000,
        ">=2000" : 0.000000
      },
      "latency_depth" : 32,
      "latency_target" : 0,
      "latency_percentile" : 100.000000,
      "latency_window" : 0
    }
  ],
  "disk_util" : [
    {
      "name" : "vdb",
      "read_ios" : 0,
      "write_ios" : 1147040,
      "read_merges" : 0,
      "write_merges" : 0,
      "read_ticks" : 0,
      "write_ticks" : 103448,
      "in_queue" : 71916,