{
  "fio version" : "fio-3.1",
  "timestamp" : 1555967979,
  "timestamp_ms" : 1555967979653,
  "time" : "Mon Apr 22 21:19:39 2019",
  "jobs" : [
    {
      "jobname" : "rand-write-4k",
      "groupid" : 0,
      "error" : 0,
      "eta" : 0,
      "elapsed" : 15,
      "job options" : {
        "bs" : "4k",
        "rw" : "randwrite",
        "size" : "10G",
        "direct" : "1",
        "ioengine" : "libaio",
        "iodepth" : "32",
        "fsync" : "32",
        "randrepeat" : "0",
        "filename" : "/dev/nvme0n1"
      },
      "read" : {
        "io_bytes" : 0,
        "io_kbytes" : 0,
        "bw" : 0,
        "iops" : 0.000000,
        "runtime" : 0,
        "total_ios" : 0,
        "short_ios" : 0,
        "drop_ios" : 0,
        "slat_ns" : {
          "min" : 0,
          "max" : 0,
          "mean" : 0.000000,
          "stddev" : 0.000000
        },
        "clat_ns" : {
          "min" : 0,
          "max" : 0,
          "mean" : 0.000000,
          "stddev" : 0.000000,
          "percentile" : {
            "1.000000" : 0,
            "5.000000" : 0,
            "10.000000" : 0,
            "20.000000" : 0,
            "30.000000" : 0,
            "40.000000" : 0,
            "50.000000" : 0,
            "60.000000" : 0,
            "70.000000" : 0,
            "80.000000" : 0,
            "90.000000" : 0,
            "95.000000" : 0,
            "99.000000" : 0,
            "99.500000" : 0,
            "99.900000" : 0,
            "99.950000" : 0,
            "99.990000" : 0,
            "0.00" : 0,
            "0.00" : 0,
            "0.00" : 0
          }
        },
        "lat_ns" : {
          "min" : 0,
          "max" : 0,
          "mean" : 0.000000,
          "stddev" : 0.000000
        },
        "bw_min" : 0,
        "bw_max" : 0,
        "bw_agg" : 0.000000,
        "bw_mean" : 0.000000,
        "bw_dev" : 0.000000,
        "bw_samples" : 0,
        "iops_min" : 0,
        "iops_max" : 0,
        "iops_mean" : 0.000000,
        "iops_stddev" : 0.000000,
        "iops_samples" : 0
      },
      "write" : {
        "io_bytes" : 10737418240,
        "io_kbytes" : 10485760,
        "bw" : 729342,
        "iops" : 182335.675037,
        "runtime" : 14377,
        "total_ios" : 2621440,
        "short_ios" : 0,
        "drop_ios" : 0,
        "slat_ns" : {
          "min" : 1319,
          "max" : 62773,
          "mean" : 1620.610253,
          "stddev" : 515.996303
        },
        "clat_ns" : {
          "min" : 69755,
          "max" : 8874822,
          "mean" : 173493.413230,
          "stddev" : 91244.161093,
          "percentile" : {
            "1.000000" : 78336,
            "5.000000" : 84480,
            "10.000000" : 90624,
            "20.000000" : 177152,
            "30.000000" : 181248,
            "40.000000" : 183296,
            "50.000000" : 185344,
            "60.000000" : 187392,
            "70.000000" : 187392,
            "80.000000" : 189440,
            "90.000000" : 193536,
            "95.000000" : 195584,
            "99.000000" : 201728,
            "99.500000" : 261120,
            "99.900000" : 569344,
            "99.950000" : 1335296,
            "99.990000" : 4620288,
            "0.00" : 0,
            "0.00" : 0,
            "0.00" : 0
          }
        },
        "lat_ns" : {
          "min" : 71913,
          "max" : 8876244,
          "mean" : 175147.558952,
          "stddev" : 91231.112128
        },
        "bw_min" : 679361,
        "bw_max" : 1125552,
        "bw_agg" : 100.000000,
        "bw_mean" : 730682.892857,
        "bw_dev" : 132923.632095,
        "bw_samples" : 28,
        "iops_min" : 169840,
        "iops_max" : 281388,
        "iops_mean" : 182670.785714,
        "iops_stddev" : 33230.883763,
        "iops_samples" : 28
      },
      "trim" : {
        "io_bytes" : 0,
        "io_kbytes" : 0,
        "bw" : 0,
        "iops" : 0.000000,
        "runtime" : 0,
        "total_ios" : 0,
        "short_ios" : 0,
        "drop_ios" : 0,
        "slat_ns" : {
          "min" : 0,
          "max" : 0,
          "mean" : 0.000000,
          "stddev" : 0.000000
        },
        "clat_ns" : {
          "min" : 0,
          "max" : 0,
          "mean" : 0.000000,
          "stddev" : 0.000000,
          "percentile" : {
            "1.000000" : 0,
            "5.000000" : 0,
            "10.000000" : 0,
            "20.000000" : 0,
            "30.000000" : 0,
            "40.000000" : 0,
            "50.000000" : 0,
            "60.000000" : 0,
            "70.000000" : 0,
            "80.000000" : 0,
            "90.000000" : 0,
            "95.000000" : 0,
            "99.000000" : 0,
            "99.500000" : 0,
            "99.900000" : 0,
            "99.950000" : 0,
            "99.990000" : 0,
            "0.00" : 0,
            "0.00" : 0,
            "0.00" : 0
          }
        },
        "lat_ns" : {
          "min" : 0,
          "max" : 0,
          "mean" : 0.000000,
          "stddev" : 0.000000
        },
        "bw_min" : 0,
        "bw_max" : 0,
        "bw_agg" : 0.000000,
        "bw_mean" : 0.000000,
        "bw_dev" : 0.000000,
        "bw_samples" : 0,
        "iops_min" : 0,
        "iops_max" : 0,
        "iops_mean" : 0.000000,
        "iops_stddev" : 0.000000,
        "iops_samples" : 0
      },
      "usr_cpu" : 22.189761,
      "sys_cpu" : 35.079299,
      "ctx" : 1001785,
      "majf" : 0,
      "minf" : 13,
      "iodepth_level" : {
        "1" : 0.100000,
        "2" : 0.100000,
        "4" : 0.100000,
        "8" : 0.100000,
        "16" : 0.100000,
        "32" : 99.998817,
        ">=64" : 0.000000
      },
      "latency_ns" : {
        "2" : 0.000000,
        "4" : 0.000000,
        "10" : 0.000000,
        "20" : 0.000000,
        "50" : 0.000000,
        "100" : 0.000000,
        "250" : 0.000000,
        "500" : 0.000000,
        "750" : 0.000000,
        "1000" : 0.000000
      },
      "latency_us" : {
        "2" : 0.000000,
        "4" : 0.000000,
        "10" : 0.000000,
        "20" : 0.000000,
        "50" : 0.000000,
        "100" : 13.481445,
        "250" : 85.914993,
        "500" : 0.489845,
        "750" : 0.033302,
        "1000" : 0.016022
      },
      "latency_ms" : {
        "2" : 0.030251,
        "4" : 0.019989,
        "10" : 0.014153,
        "20" : 0.000000,
        "50" : 0.000000,
        "100" : 0.000000,
        "250" : 0.000000,
        "500" : 0.000000,
        "750" : 0.000000,
        "1000" : 0.000000,
        "2000" : 0.000000,
        ">=2000" : 0.000000
      },
      "latency_depth" : 32,
      "latency_target" : 0,
      "latency_percentile" : 100.000000,
      "latency_window" : 0
    }
  ],
  "disk_util" : [
    {
      "name" : "nvme0n1",
      "read_ios" : 47,
      "write_ios" : 2582250,
      "read_merges" : 0,
      "write_merges" : 0,
      "read_ticks" : 4,
      "write_ticks" : 431896,
      "in_queue" : 421604,
      "util" : 99.360910
    }
  ]
}
