{
  "fio version" : "fio-3.13",
  "timestamp" : 1556059972,
  "timestamp_ms" : 1556059972967,
  "time" : "Tue Apr 23 22:52:52 2019",
  "jobs" : [
    {
      "jobname" : "rand-write-4k-qd1",
      "groupid" : 0,
      "error" : 0,
      "eta" : 0,
      "elapsed" : 65,
      "job options" : {
        "bs" : "4k",
        "rw" : "randwrite",
        "direct" : "1",
        "size" : "2G",
        "randrepeat" : "0",
        "ioengine" : "libaio",
        "iodepth" : "1",
        "fsync" : "32",
        "filename" : "/dev/vdb"
      },
      "read" : {
        "io_bytes" : 0,
        "io_kbytes" : 0,
        "bw_bytes" : 0,
        "bw" : 0,
        "iops" : 0.000000,
        "runtime" : 0,
        "total_ios" : 0,
        "short_ios" : 0,
        "drop_ios" : 0,
        "slat_ns" : {
          "min" : 0,
          "max" : 0,
          "mean" : 0.000000,
          "stddev" : 0.000000
        },
        "clat_ns" : {
          "min" : 0,
          "max" : 0,
          "mean" : 0.000000,
          "stddev" : 0.000000,
          "percentile" : {
            "1.000000" : 0,
            "5.000000" : 0,
            "10.000000" : 0,
            "20.000000" : 0,
            "30.000000" : 0,
            "40.000000" : 0,
            "50.000000" : 0,
            "60.000000" : 0,
            "70.000000" : 0,
            "80.000000" : 0,
            "90.000000" : 0,
            "95.000000" : 0,
            "99.000000" : 0,
            "99.500000" : 0,
            "99.900000" : 0,
            "99.950000" : 0,
            "99.990000" : 0
          }
        },
        "lat_ns" : {
          "min" : 0,
          "max" : 0,
          "mean" : 0.000000,
          "stddev" : 0.000000
        },
        "bw_min" : 0,
        "bw_max" : 0,
        "bw_agg" : 0.000000,
        "bw_mean" : 0.000000,
        "bw_dev" : 0.000000,
        "bw_samples" : 0,
        "iops_min" : 0,
        "iops_max" : 0,
        "iops_mean" : 0.000000,
        "iops_stddev" : 0.000000,
        "iops_samples" : 0
      },
      "write" : {
        "io_bytes" : 2147483648,
        "io_kbytes" : 2097152,
        "bw_bytes" : 33424390,
        "bw" : 32641,
        "iops" : 8160.251521,
        "runtime" : 64249,
        "total_ios" : 524288,
        "short_ios" : 0,
        "drop_ios" : 0,
        "slat_ns" : {
          "min" : 3254,
          "max" : 12414000,
          "mean" : 5967.828011,
          "stddev" : 17499.879941
        },
        "clat_ns" : {
          "min" : 954,
          "max" : 7710994,
          "mean" : 101476.855783,
          "stddev" : 28545.242033,
          "percentile" : {
            "1.000000" : 44288,
            "5.000000" : 49408,
            "10.000000" : 53504,
            "20.000000" : 100864,
            "30.000000" : 102912,
            "40.000000" : 104960,
            "50.000000" : 107008,
            "60.000000" : 109056,
            "70.000000" : 112128,
            "80.000000" : 116224,
            "90.000000" : 121344,
            "95.000000" : 127488,
            "99.000000" : 136192,
            "99.500000" : 140288,
            "99.900000" : 162816,
            "99.950000" : 179200,
            "99.990000" : 236544
          }
        },
        "lat_ns" : {
          "min" : 44352,
          "max" : 17243255,
          "mean" : 107975.716900,
          "stddev" : 37636.824664
        },
        "bw_min" : 30856,
        "bw_max" : 33528,
        "bw_agg" : 99.989134,
        "bw_mean" : 32637.453125,
        "bw_dev" : 572.753425,
        "bw_samples" : 128,
        "iops_min" : 7714,
        "iops_max" : 8382,
        "iops_mean" : 8159.351562,
        "iops_stddev" : 143.187042,
        "iops_samples" : 128
      },
      "trim" : {
        "io_bytes" : 0,
        "io_kbytes" : 0,
        "bw_bytes" : 0,
        "bw" : 0,
        "iops" : 0.000000,
        "runtime" : 0,
        "total_ios" : 0,
        "short_ios" : 0,
        "drop_ios" : 0,
        "slat_ns" : {
          "min" : 0,
          "max" : 0,
          "mean" : 0.000000,
          "stddev" : 0.000000
        },
        "clat_ns" : {
          "min" : 0,
          "max" : 0,
          "mean" : 0.000000,
          "stddev" : 0.000000,
          "percentile" : {
            "1.000000" : 0,
            "5.000000" : 0,
            "10.000000" : 0,
            "20.000000" : 0,
            "30.000000" : 0,
            "40.000000" : 0,
            "50.000000" : 0,
            "60.000000" : 0,
            "70.000000" : 0,
            "80.000000" : 0,
            "90.000000" : 0,
            "95.000000" : 0,
            "99.000000" : 0,
            "99.500000" : 0,
            "99.900000" : 0,
            "99.950000" : 0,
            "99.990000" : 0
          }
        },
        "lat_ns" : {
          "min" : 0,
          "max" : 0,
          "mean" : 0.000000,
          "stddev" : 0.000000
        },
        "bw_min" : 0,
        "bw_max" : 0,
        "bw_agg" : 0.000000,
        "bw_mean" : 0.000000,
        "bw_dev" : 0.000000,
        "bw_samples" : 0,
        "iops_min" : 0,
        "iops_max" : 0,
        "iops_mean" : 0.000000,
        "iops_stddev" : 0.000000,
        "iops_samples" : 0
      },
      "sync" : {
        "lat_ns" : {
          "min" : 426,
          "max" : 48946,
          "mean" : 634.036318,
          "stddev" : 622.047991,
          "percentile" : {
            "1.000000" : 478,
            "5.000000" : 482,
            "10.000000" : 486,
            "20.000000" : 490,
            "30.000000" : 498,
            "40.000000" : 502,
            "50.000000" : 510,
            "60.000000" : 524,
            "70.000000" : 540,
            "80.000000" : 644,
            "90.000000" : 1020,
            "95.000000" : 1352,
            "99.000000" : 1432,
            "99.500000" : 1464,
            "99.900000" : 9152,
            "99.950000" : 13504,
            "99.990000" : 22912
          }
        },
        "total_ios" : 16383
      },
      "job_runtime" : 64248,
      "usr_cpu" : 2.133919,
      "sys_cpu" : 7.321629,
      "ctx" : 545352,
      "majf" : 0,
      "minf" : 12,
      "iodepth_level" : {
        "1" : 103.124809,
        "2" : 0.000000,
        "4" : 0.000000,
        "8" : 0.000000,
        "16" : 0.000000,
        "32" : 0.000000,
        ">=64" : 0.000000
      },
      "iodepth_submit" : {
        "0" : 0.000000,
        "4" : 100.000000,
        "8" : 0.000000,
        "16" : 0.000000,
        "32" : 0.000000,
        "64" : 0.000000,
        ">=64" : 0.000000
      },
      "iodepth_complete" : {
        "0" : 0.000000,
        "4" : 100.000000,
        "8" : 0.000000,
        "16" : 0.000000,
        "32" : 0.000000,
        "64" : 0.000000,
        ">=64" : 0.000000
      },
      "latency_ns" : {
        "2" : 0.000000,
        "4" : 0.000000,
        "10" : 0.000000,
        "20" : 0.000000,
        "50" : 0.000000,
        "100" : 0.000000,
        "250" : 0.000000,
        "500" : 0.000000,
        "750" : 0.000000,
        "1000" : 0.010000
      },
      "latency_us" : {
        "2" : 0.010000,
        "4" : 0.010000,
        "10" : 0.010000,
        "20" : 0.010000,
        "50" : 6.206322,
        "100" : 11.443520,
        "250" : 82.334328,
        "500" : 0.010000,
        "750" : 0.010000,
        "1000" : 0.010000
      },
      "latency_ms" : {
        "2" : 0.010000,
        "4" : 0.010000,
        "10" : 0.010000,
        "20" : 0.000000,
        "50" : 0.000000,
        "100" : 0.000000,
        "250" : 0.000000,
        "500" : 0.000000,
        "750" : 0.000000,
        "1000" : 0.000000,
        "2000" : 0.000000,
        ">=2000" : 0.000000
      },
      "latency_depth" : 1,
      "latency_target" : 0,
      "latency_percentile" : 100.000000,
      "latency_window" : 0
    }
  ],
  "disk_util" : [
    {
      "name" : "vdb",
      "read_ios" : 0,
      "write_ios" : 539829,
      "read_merges" : 0,
      "write_merges" : 0,
      "read_ticks" : 0,
      "write_ticks" : 60028,
      "in_queue" : 28,