{
  "fio version" : "fio-3.13",
  "timestamp" : 1555970117,
  "timestamp_ms" : 1555970117795,
  "time" : "Mon Apr 22 21:55:17 2019",
  "jobs" : [
    {
      "jobname" : "rand-write-4k-qd1",
      "groupid" : 0,
      "error" : 0,
      "eta" : 0,
      "elapsed" : 63,
      "job options" : {
        "bs" : "4k",
        "rw" : "randwrite",
        "direct" : "1",
        "size" : "2G",
        "randrepeat" : "0",
        "ioengine" : "libaio",
        "iodepth" : "1",
        "fsync" : "32",
        "filename" : "/dev/vdb"
      },
      "read" : {
        "io_bytes" : 0,
        "io_kbytes" : 0,
        "bw_bytes" : 0,
        "bw" : 0,
        "iops" : 0.000000,
        "runtime" : 0,
        "total_ios" : 0,
        "short_ios" : 0,
        "drop_ios" : 0,
        "slat_ns" : {
          "min" : 0,
          "max" : 0,
          "mean" : 0.000000,
          "stddev" : 0.000000
        },
        "clat_ns" : {
          "min" : 0,
          "max" : 0,
          "mean" : 0.000000,
          "stddev" : 0.000000,
          "percentile" : {
            "1.000000" : 0,
            "5.000000" : 0,
            "10.000000" : 0,
            "20.000000" : 0,
            "30.000000" : 0,
            "40.000000" : 0,
            "50.000000" : 0,
            "60.000000" : 0,
            "70.000000" : 0,
            "80.000000" : 0,
            "90.000000" : 0,
            "95.000000" : 0,
            "99.000000" : 0,
            "99.500000" : 0,
            "99.900000" : 0,
            "99.950000" : 0,
            "99.990000" : 0
          }
        },
        "lat_ns" : {
          "min" : 0,
          "max" : 0,
          "mean" : 0.000000,
          "stddev" : 0.000000
        },
        "bw_min" : 0,
        "bw_max" : 0,
        "bw_agg" : 0.000000,
        "bw_mean" : 0.000000,
        "bw_dev" : 0.000000,
        "bw_samples" : 0,
        "iops_min" : 0,
        "iops_max" : 0,
        "iops_mean" : 0.000000,
        "iops_stddev" : 0.000000,
        "iops_samples" : 0
      },
      "write" : {
        "io_bytes" : 2147483648,
        "io_kbytes" : 2097152,
        "bw_bytes" : 34626221,
        "bw" : 33814,
        "iops" : 8453.667424,
        "runtime" : 62019,
        "total_ios" : 524288,
        "short_ios" : 0,
        "drop_ios" : 0,
        "slat_ns" : {
          "min" : 3188,
          "max" : 646399,
          "mean" : 4667.347080,
          "stddev" : 2689.430712
        },
        "clat_ns" : {
          "min" : 952,
          "max" : 7434846,
          "mean" : 99336.200727,
          "stddev" : 27217.979241,
          "percentile" : {
            "1.000000" : 34048,
            "5.000000" : 43264,
            "10.000000" : 47872,
            "20.000000" : 100864,
            "30.000000" : 101888,
            "40.000000" : 102912,
            "50.000000" : 104960,
            "60.000000" : 105984,
            "70.000000" : 108032,
            "80.000000" : 111104,
            "90.000000" : 116224,
            "95.000000" : 122368,
            "99.000000" : 132096,
            "99.500000" : 138240,
            "99.900000" : 152576,
            "99.950000" : 160768,
            "99.990000" : 185344
          }
        },
        "lat_ns" : {
          "min" : 33219,
          "max" : 7441128,
          "mean" : 104451.274435,
          "stddev" : 27634.482026
        },
        "bw_min" : 31624,
        "bw_max" : 35208,
        "bw_agg" : 99.990722,
        "bw_mean" : 33810.862903,
        "bw_dev" : 832.219614,
        "bw_samples" : 124,
        "iops_min" : 7906,
        "iops_max" : 8802,
        "iops_mean" : 8452.693548,
        "iops_stddev" : 208.051283,
        "iops_samples" : 124
      },
      "trim" : {
        "io_bytes" : 0,
        "io_kbytes" : 0,
        "bw_bytes" : 0,
        "bw" : 0,
        "iops" : 0.000000,
        "runtime" : 0,
        "total_ios" : 0,
        "short_ios" : 0,
        "drop_ios" : 0,
        "slat_ns" : {
          "min" : 0,
          "max" : 0,
          "mean" : 0.000000,
          "stddev" : 0.000000
        },
        "clat_ns" : {
          "min" : 0,
          "max" : 0,
          "mean" : 0.000000,
          "stddev" : 0.000000,
          "percentile" : {
            "1.000000" : 0,
            "5.000000" : 0,
            "10.000000" : 0,
            "20.000000" : 0,
            "30.000000" : 0,
            "40.000000" : 0,
            "50.000000" : 0,
            "60.000000" : 0,
            "70.000000" : 0,
            "80.000000" : 0,
            "90.000000" : 0,
            "95.000000" : 0,
            "99.000000" : 0,
            "99.500000" : 0,
            "99.900000" : 0,
            "99.950000" : 0,
            "99.990000" : 0
          }
        },
        "lat_ns" : {
          "min" : 0,
          "max" : 0,
          "mean" : 0.000000,
          "stddev" : 0.000000
        },
        "bw_min" : 0,
        "bw_max" : 0,
        "bw_agg" : 0.000000,
        "bw_mean" : 0.000000,
        "bw_dev" : 0.000000,
        "bw_samples" : 0,
        "iops_min" : 0,
        "iops_max" : 0,
        "iops_mean" : 0.000000,
        "iops_stddev" : 0.000000,
        "iops_samples" : 0
      },
      "sync" : {
        "lat_ns" : {
          "min" : 354,
          "max" : 60470,
          "mean" : 537.593969,
          "stddev" : 587.668197,
          "percentile" : {
            "1.000000" : 414,
            "5.000000" : 418,
            "10.000000" : 422,
            "20.000000" : 430,
            "30.000000" : 434,
            "40.000000" : 434,
            "50.000000" : 446,
            "60.000000" : 458,
            "70.000000" : 470,
            "80.000000" : 490,
            "90.000000" : 868,
            "95.000000" : 1144,
            "99.000000" : 1256,
            "99.500000" : 1288,
            "99.900000" : 1336,
            "99.950000" : 8160,
            "99.990000" : 21120
          }
        },
        "total_ios" : 16383
      },
      "job_runtime" : 62018,
      "usr_cpu" : 2.062304,
      "sys_cpu" : 6.015995,
      "ctx" : 545350,
      "majf" : 0,
      "minf" : 13,
      "iodepth_level" : {
        "1" : 103.124809,
        "2" : 0.000000,
        "4" : 0.000000,
        "8" : 0.000000,
        "16" : 0.000000,
        "32" : 0.000000,
        ">=64" : 0.000000
      },
      "iodepth_submit" : {
        "0" : 0.000000,
        "4" : 100.000000,
        "8" : 0.000000,
        "16" : 0.000000,
        "32" : 0.000000,
        "64" : 0.000000,
        ">=64" : 0.000000
      },
      "iodepth_complete" : {
        "0" : 0.000000,
        "4" : 100.000000,
        "8" : 0.000000,
        "16" : 0.000000,
        "32" : 0.000000,
        "64" : 0.000000,
        ">=64" : 0.000000
      },
      "latency_ns" : {
        "2" : 0.000000,
        "4" : 0.000000,
        "10" : 0.000000,
        "20" : 0.000000,
        "50" : 0.000000,
        "100" : 0.000000,
        "250" : 0.000000,
        "500" : 0.000000,
        "750" : 0.000000,
        "1000" : 0.010000
      },
      "latency_us" : {
        "2" : 0.010000,
        "4" : 0.010000,
        "10" : 0.010000,
        "20" : 0.010000,
        "50" : 11.091042,
        "100" : 5.591583,
        "250" : 83.306313,
        "500" : 0.010000,
        "750" : 0.010000,
        "1000" : 0.010000
      },
      "latency_ms" : {
        "2" : 0.010000,
        "4" : 0.010000,
        "10" : 0.010000,
        "20" : 0.000000,
        "50" : 0.000000,
        "100" : 0.000000,
        "250" : 0.000000,
        "500" : 0.000000,
        "750" : 0.000000,
        "1000" : 0.000000,
        "2000" : 0.000000,
        ">=2000" : 0.000000
      },
      "latency_depth" : 1,
      "latency_target" : 0,
      "latency_percentile" : 100.000000,
      "latency_window" : 0
    }
  ],
  "disk_util" : [
    {
      "name" : "vdb",
      "read_ios" : 0,
      "write_ios" : 539590,
      "read_merges" : 0,
      "write_merges" : 0,
      "read_ticks" : 0,
      "write_ticks" : 57900,
      "in_queue" : 0,