{
  "fio version" : "fio-3.13",
  "timestamp" : 1567449993,
  "timestamp_ms" : 1567449993930,
  "time" : "Mon Sep  2 18:46:33 2019",
  "jobs" : [
    {
      "jobname" : "rand-write-4k",
      "groupid" : 0,
      "error" : 0,
      "eta" : 0,
      "elapsed" : 31,
      "job options" : {
        "runtime" : "30",
        "bs" : "4k",
        "rw" : "randwrite",
        "direct" : "1",
        "randrepeat" : "0",
        "ioengine" : "libaio",
        "iodepth" : "32",
        "fsync" : "32",
        "filename" : "/dev/vdb"
      },
      "read" : {
        "io_bytes" : 0,
        "io_kbytes" : 0,
        "bw_bytes" : 0,
        "bw" : 0,
        "iops" : 0.000000,
        "runtime" : 0,
        "total_ios" : 0,
        "short_ios" : 0,
        "drop_ios" : 0,
        "slat_ns" : {
          "min" : 0,
          "max" : 0,
          "mean" : 0.000000,
          "stddev" : 0.000000
        },
        "clat_ns" : {
          "min" : 0,
          "max" : 0,
          "mean" : 0.000000,
          "stddev" : 0.000000,
          "percentile" : {
            "1.000000" : 0,
            "5.000000" : 0,
            "10.000000" : 0,
            "20.000000" : 0,
            "30.000000" : 0,
            "40.000000" : 0,
            "50.000000" : 0,
            "60.000000" : 0,
            "70.000000" : 0,
            "80.000000" : 0,
            "90.000000" : 0,
            "95.000000" : 0,
            "99.000000" : 0,
            "99.500000" : 0,
            "99.900000" : 0,
            "99.950000" : 0,
            "99.990000" : 0
          }
        },
        "lat_ns" : {
          "min" : 0,
          "max" : 0,
          "mean" : 0.000000,
          "stddev" : 0.000000
        },
        "bw_min" : 0,
        "bw_max" : 0,
        "bw_agg" : 0.000000,
        "bw_mean" : 0.000000,
        "bw_dev" : 0.000000,
        "bw_samples" : 0,
        "iops_min" : 0,
        "iops_max" : 0,
        "iops_mean" : 0.000000,
        "iops_stddev" : 0.000000,
        "iops_samples" : 0
      },
      "write" : {
        "io_bytes" : 4348182528,
        "io_kbytes" : 4246272,
        "bw_bytes" : 144934586,
        "bw" : 141537,
        "iops" : 35384.420519,
        "runtime" : 30001,
        "total_ios" : 1061568,
        "short_ios" : 0,
        "drop_ios" : 0,
        "slat_ns" : {
          "min" : 2199,
          "max" : 890376,
          "mean" : 6302.961110,
          "stddev" : 4366.392954
        },
        "clat_ns" : {
          "min" : 144498,
          "max" : 5741780,
          "mean" : 877850.100514,
          "stddev" : 133226.881779,
          "percentile" : {
            "1.000000" : 329728,
            "5.000000" : 724992,
            "10.000000" : 774144,
            "20.000000" : 806912,
            "30.000000" : 839680,
            "40.000000" : 864256,
            "50.000000" : 880640,
            "60.000000" : 905216,
            "70.000000" : 929792,
            "80.000000" : 962560,
            "90.000000" : 1011712,
            "95.000000" : 1044480,
            "99.000000" : 1122304,
            "99.500000" : 1155072,
            "99.900000" : 1253376,
            "99.950000" : 1302528,
            "99.990000" : 2211840
          }
        },
        "lat_ns" : {
          "min" : 148555,
          "max" : 5749667,
          "mean" : 885161.833883,
          "stddev" : 133611.322764
        },
        "bw_min" : 134992,
        "bw_max" : 149904,
        "bw_agg" : 100.000000,
        "bw_mean" : 141537.474576,
        "bw_dev" : 3291.499356,
        "bw_samples" : 59,
        "iops_min" : 33748,
        "iops_max" : 37476,
        "iops_mean" : 35384.355932,
        "iops_stddev" : 822.896037,
        "iops_samples" : 59
      },
      "trim" : {
        "io_bytes" : 0,
        "io_kbytes" : 0,
        "bw_bytes" : 0,
        "bw" : 0,
        "iops" : 0.000000,
        "runtime" : 0,
        "total_ios" : 0,
        "short_ios" : 0,
        "drop_ios" : 0,
        "slat_ns" : {
          "min" : 0,
          "max" : 0,
          "mean" : 0.000000,
          "stddev" : 0.000000
        },
        "clat_ns" : {
          "min" : 0,
          "max" : 0,
          "mean" : 0.000000,
          "stddev" : 0.000000,
          "percentile" : {
            "1.000000" : 0,
            "5.000000" : 0,
            "10.000000" : 0,
            "20.000000" : 0,
            "30.000000" : 0,
            "40.000000" : 0,
            "50.000000" : 0,
            "60.000000" : 0,
            "70.000000" : 0,
            "80.000000" : 0,
            "90.000000" : 0,
            "95.000000" : 0,
            "99.000000" : 0,
            "99.500000" : 0,
            "99.900000" : 0,
            "99.950000" : 0,
            "99.990000" : 0
          }
        },
        "lat_ns" : {
          "min" : 0,
          "max" : 0,
          "mean" : 0.000000,
          "stddev" : 0.000000
        },
        "bw_min" : 0,
        "bw_max" : 0,
        "bw_agg" : 0.000000,
        "bw_mean" : 0.000000,
        "bw_dev" : 0.000000,
        "bw_samples" : 0,
        "iops_min" : 0,
        "iops_max" : 0,
        "iops_mean" : 0.000000,
        "iops_stddev" : 0.000000,
        "iops_samples" : 0
      },
      "sync" : {
        "lat_ns" : {
          "min" : 603,
          "max" : 59336,
          "mean" : 963.499548,
          "stddev" : 994.862106,
          "percentile" : {
            "1.000000" : 700,
            "5.000000" : 748,
            "10.000000" : 780,
            "20.000000" : 820,
            "30.000000" : 844,
            "40.000000" : 876,
            "50.000000" : 900,
            "60.000000" : 940,
            "70.000000" : 964,
            "80.000000" : 1032,
            "90.000000" : 1144,
            "95.000000" : 1192,
            "99.000000" : 1288,
            "99.500000" : 1320,
            "99.900000" : 14400,
            "99.950000" : 20608,
            "99.990000" : 47360
          }
        },
        "total_ios" : 33174
      },
      "job_runtime" : 30000,
      "usr_cpu" : 14.506667,
      "sys_cpu" : 30.510000,
      "ctx" : 55157,
      "majf" : 1,
      "minf" : 11,
      "iodepth_level" : {
        "1" : 0.100000,
        "2" : 0.100000,
        "4" : 0.100000,
        "8" : 0.100000,
        "16" : 0.100000,
        "32" : 103.122080,
        ">=64" : 0.000000
      },
      "iodepth_submit" : {
        "0" : 0.000000,
        "4" : 100.000000,
        "8" : 0.000000,
        "16" : 0.000000,
        "32" : 0.000000,
        "64" : 0.000000,
        ">=64" : 0.000000
      },
      "iodepth_complete" : {
        "0" : 0.000000,
        "4" : 99.999906,
        "8" : 0.000000,
        "16" : 0.000000,
        "32" : 0.100000,
        "64" : 0.000000,
        ">=64" : 0.000000
      },
      "latency_ns" : {
        "2" : 0.000000,
        "4" : 0.000000,
        "10" : 0.000000,
        "20" : 0.000000,
        "50" : 0.000000,
        "100" : 0.000000,
        "250" : 0.000000,
        "500" : 0.000000,
        "750" : 0.000000,
        "1000" : 0.000000
      },
      "latency_us" : {
        "2" : 0.000000,
        "4" : 0.000000,
        "10" : 0.000000,
        "20" : 0.000000,
        "50" : 0.000000,
        "100" : 0.000000,
        "250" : 0.081012,
        "500" : 2.827704,
        "750" : 4.175804,
        "1000" : 81.303035
      },
      "latency_ms" : {
        "2" : 11.600387,
        "4" : 0.010000,
        "10" : 0.010000,
        "20" : 0.000000,
        "50" : 0.000000,
        "100" : 0.000000,
        "250" : 0.000000,
        "500" : 0.000000,
        "750" : 0.000000,
        "1000" : 0.000000,
        "2000" : 0.000000,
        ">=2000" : 0.000000
      },
      "latency_depth" : 32,
      "latency_target" : 0,
      "latency_percentile" : 100.000000,
      "latency_window" : 0
    }
  ],
  "disk_util" : [
    {
      "name" : "vdb",
      "read_ios" : 0,
      "write_ios" : 1090107,
      "read_merges" : 0,
      "write_merges" : 0,
      "read_ticks" : 0,
      "write_ticks" : 152472,