{
  "fio version" : "fio-3.13",
  "timestamp" : 1580905005,
  "timestamp_ms" : 1580905005262,
  "time" : "Wed Feb  5 12:16:45 2020",
  "jobs" : [
    {
      "jobname" : "rand-write-4k-qd1",
      "groupid" : 0,
      "error" : 0,
      "eta" : 0,
      "elapsed" : 31,
      "job options" : {
        "runtime" : "30",
        "bs" : "4k",
        "rw" : "randwrite",
        "direct" : "1",
        "randrepeat" : "0",
        "ioengine" : "libaio",
        "iodepth" : "1",
        "fsync" : "32",
        "filename" : "/dev/vdb"
      },
      "read" : {
        "io_bytes" : 0,
        "io_kbytes" : 0,
        "bw_bytes" : 0,
        "bw" : 0,
        "iops" : 0.000000,
        "runtime" : 0,
        "total_ios" : 0,
        "short_ios" : 0,
        "drop_ios" : 0,
        "slat_ns" : {
          "min" : 0,
          "max" : 0,
          "mean" : 0.000000,
          "stddev" : 0.000000
        },
        "clat_ns" : {
          "min" : 0,
          "max" : 0,
          "mean" : 0.000000,
          "stddev" : 0.000000,
          "percentile" : {
            "1.000000" : 0,
            "5.000000" : 0,
            "10.000000" : 0,
            "20.000000" : 0,
            "30.000000" : 0,
            "40.000000" : 0,
            "50.000000" : 0,
            "60.000000" : 0,
            "70.000000" : 0,
            "80.000000" : 0,
            "90.000000" : 0,
            "95.000000" : 0,
            "99.000000" : 0,
            "99.500000" : 0,
            "99.900000" : 0,
            "99.950000" : 0,
            "99.990000" : 0
          }
        },
        "lat_ns" : {
          "min" : 0,
          "max" : 0,
          "mean" : 0.000000,
          "stddev" : 0.000000
        },
        "bw_min" : 0,
        "bw_max" : 0,
        "bw_agg" : 0.000000,
        "bw_mean" : 0.000000,
        "bw_dev" : 0.000000,
        "bw_samples" : 0,
        "iops_min" : 0,
        "iops_max" : 0,
        "iops_mean" : 0.000000,
        "iops_stddev" : 0.000000,
        "iops_samples" : 0
      },
      "write" : {
        "io_bytes" : 1791229952,
        "io_kbytes" : 1749248,
        "bw_bytes" : 59705674,
        "bw" : 58306,
        "iops" : 14576.580781,
        "runtime" : 30001,
        "total_ios" : 437312,
        "short_ios" : 0,
        "drop_ios" : 0,
        "slat_ns" : {
          "min" : 3863,
          "max" : 4124593,
          "mean" : 6002.396509,
          "stddev" : 6314.744973
        },
        "clat_ns" : {
          "min" : 1897,
          "max" : 4829839,
          "mean" : 49743.118058,
          "stddev" : 12152.078830,
          "percentile" : {
            "1.000000" : 36096,
            "5.000000" : 38656,
            "10.000000" : 41728,
            "20.000000" : 43264,
            "30.000000" : 45824,
            "40.000000" : 47872,
            "50.000000" : 49408,
            "60.000000" : 50944,
            "70.000000" : 52992,
            "80.000000" : 55040,
            "90.000000" : 57600,
            "95.000000" : 61184,
            "99.000000" : 69120,
            "99.500000" : 70144,
            "99.900000" : 75264,
            "99.950000" : 78336,
            "99.990000" : 92672
          }
        },
        "lat_ns" : {
          "min" : 38570,
          "max" : 4835667,
          "mean" : 56170.807211,
          "stddev" : 13893.618730
        },
        "bw_min" : 51504,
        "bw_max" : 68216,
        "bw_agg" : 99.751050,
        "bw_mean" : 58160.847458,
        "bw_dev" : 4716.508282,
        "bw_samples" : 59,
        "iops_min" : 12876,
        "iops_max" : 17054,
        "iops_mean" : 14540.203390,
        "iops_stddev" : 1179.132919,
        "iops_samples" : 59
      },
      "trim" : {
        "io_bytes" : 0,
        "io_kbytes" : 0,
        "bw_bytes" : 0,
        "bw" : 0,
        "iops" : 0.000000,
        "runtime" : 0,
        "total_ios" : 0,
        "short_ios" : 0,
        "drop_ios" : 0,
        "slat_ns" : {
          "min" : 0,
          "max" : 0,
          "mean" : 0.000000,
          "stddev" : 0.000000
        },
        "clat_ns" : {
          "min" : 0,
          "max" : 0,
          "mean" : 0.000000,
          "stddev" : 0.000000,
          "percentile" : {
            "1.000000" : 0,
            "5.000000" : 0,
            "10.000000" : 0,
            "20.000000" : 0,
            "30.000000" : 0,
            "40.000000" : 0,
            "50.000000" : 0,
            "60.000000" : 0,
            "70.000000" : 0,
            "80.000000" : 0,
            "90.000000" : 0,
            "95.000000" : 0,
            "99.000000" : 0,
            "99.500000" : 0,
            "99.900000" : 0,
            "99.950000" : 0,
            "99.990000" : 0
          }
        },
        "lat_ns" : {
          "min" : 0,
          "max" : 0,
          "mean" : 0.000000,
          "stddev" : 0.000000
        },
        "bw_min" : 0,
        "bw_max" : 0,
        "bw_agg" : 0.000000,
        "bw_mean" : 0.000000,
        "bw_dev" : 0.000000,
        "bw_samples" : 0,
        "iops_min" : 0,
        "iops_max" : 0,
        "iops_mean" : 0.000000,
        "iops_stddev" : 0.000000,
        "iops_samples" : 0
      },
      "sync" : {
        "lat_ns" : {
          "min" : 456,
          "max" : 14157,
          "mean" : 493.584004,
          "stddev" : 194.658911,
          "percentile" : {
            "1.000000" : 462,
            "5.000000" : 462,
            "10.000000" : 466,
            "20.000000" : 466,
            "30.000000" : 470,
            "40.000000" : 470,
            "50.000000" : 474,
            "60.000000" : 478,
            "70.000000" : 490,
            "80.000000" : 524,
            "90.000000" : 524,
            "95.000000" : 540,
            "99.000000" : 604,
            "99.500000" : 644,
            "99.900000" : 1384,
            "99.950000" : 5856,
            "99.990000" : 9408
          }
        },
        "total_ios" : 13666
      },
      "job_runtime" : 30000,
      "usr_cpu" : 3.543333,
      "sys_cpu" : 14.756667,
      "ctx" : 451526,
      "majf" : 6,
      "minf" : 16,
      "iodepth_level" : {
        "1" : 103.125000,
        "2" : 0.000000,
        "4" : 0.000000,
        "8" : 0.000000,
        "16" : 0.000000,
        "32" : 0.000000,
        ">=64" : 0.000000
      },
      "iodepth_submit" : {
        "0" : 0.000000,
        "4" : 100.000000,
        "8" : 0.000000,
        "16" : 0.000000,
        "32" : 0.000000,
        "64" : 0.000000,
        ">=64" : 0.000000
      },
      "iodepth_complete" : {
        "0" : 0.000000,
        "4" : 100.000000,
        "8" : 0.000000,
        "16" : 0.000000,
        "32" : 0.000000,
        "64" : 0.000000,
        ">=64" : 0.000000
      },
      "latency_ns" : {
        "2" : 0.000000,
        "4" : 0.000000,
        "10" : 0.000000,
        "20" : 0.000000,
        "50" : 0.000000,
        "100" : 0.000000,
        "250" : 0.000000,
        "500" : 0.000000,
        "750" : 0.000000,
        "1000" : 0.000000
      },
      "latency_us" : {
        "2" : 0.010000,
        "4" : 0.000000,
        "10" : 0.000000,
        "20" : 0.010000,
        "50" : 53.178051,
        "100" : 46.805942,
        "250" : 0.010000,
        "500" : 0.010000,
        "750" : 0.010000,
        "1000" : 0.010000
      },
      "latency_ms" : {
        "2" : 0.010000,
        "4" : 0.010000,
        "10" : 0.010000,
        "20" : 0.000000,
        "50" : 0.000000,
        "100" : 0.000000,
        "250" : 0.000000,
        "500" : 0.000000,
        "750" : 0.000000,
        "1000" : 0.000000,
        "2000" : 0.000000,
        ">=2000" : 0.000000
      },
      "latency_depth" : 1,
      "latency_target" : 0,
      "latency_percentile" : 100.000000,
      "latency_window" : 0
    }
  ],
  "disk_util" : [
    {
      "name" : "vdb",
      "read_ios" : 0,
      "write_ios" : 448699,
      "read_merges" : 0,
      "write_merges" : 0,
      "read_ticks" : 0,
      "write_ticks" : 26264,
      "in_queue" : 0,
      "util" : 0.000000
    }
  ]
}
