{
  "fio version" : "fio-3.13",
  "timestamp" : 1556060064,
  "timestamp_ms" : 1556060064607,
  "time" : "Tue Apr 23 22:54:24 2019",
  "jobs" : [
    {
      "jobname" : "rand-write-128k-qd1",
      "groupid" : 0,
      "error" : 0,
      "eta" : 0,
      "elapsed" : 19,
      "job options" : {
        "bs" : "128k",
        "rw" : "randwrite",
        "direct" : "1",
        "size" : "6G",
        "randrepeat" : "0",
        "ioengine" : "libaio",
        "iodepth" : "1",
        "fsync" : "32",
        "filename" : "/dev/vdb"
      },
      "read" : {
        "io_bytes" : 0,
        "io_kbytes" : 0,
        "bw_bytes" : 0,
        "bw" : 0,
        "iops" : 0.000000,
        "runtime" : 0,
        "total_ios" : 0,
        "short_ios" : 0,
        "drop_ios" : 0,
        "slat_ns" : {
          "min" : 0,
          "max" : 0,
          "mean" : 0.000000,
          "stddev" : 0.000000
        },
        "clat_ns" : {
          "min" : 0,
          "max" : 0,
          "mean" : 0.000000,
          "stddev" : 0.000000,
          "percentile" : {
            "1.000000" : 0,
            "5.000000" : 0,
            "10.000000" : 0,
            "20.000000" : 0,
            "30.000000" : 0,
            "40.000000" : 0,
            "50.000000" : 0,
            "60.000000" : 0,
            "70.000000" : 0,
            "80.000000" : 0,
            "90.000000" : 0,
            "95.000000" : 0,
            "99.000000" : 0,
            "99.500000" : 0,
            "99.900000" : 0,
            "99.950000" : 0,
            "99.990000" : 0
          }
        },
        "lat_ns" : {
          "min" : 0,
          "max" : 0,
          "mean" : 0.000000,
          "stddev" : 0.000000
        },
        "bw_min" : 0,
        "bw_max" : 0,
        "bw_agg" : 0.000000,
        "bw_mean" : 0.000000,
        "bw_dev" : 0.000000,
        "bw_samples" : 0,
        "iops_min" : 0,
        "iops_max" : 0,
        "iops_mean" : 0.000000,
        "iops_stddev" : 0.000000,
        "iops_samples" : 0
      },
      "write" : {
        "io_bytes" : 6442450944,
        "io_kbytes" : 6291456,
        "bw_bytes" : 354000271,
        "bw" : 345703,
        "iops" : 2700.807737,
        "runtime" : 18199,
        "total_ios" : 49152,
        "short_ios" : 0,
        "drop_ios" : 0,
        "slat_ns" : {
          "min" : 12184,
          "max" : 1709255,
          "mean" : 25593.318034,
          "stddev" : 11297.728983
        },
        "clat_ns" : {
          "min" : 8408,
          "max" : 4677297,
          "mean" : 210414.547913,
          "stddev" : 33907.640522,
          "percentile" : {
            "1.000000" : 185344,
            "5.000000" : 193536,
            "10.000000" : 197632,
            "20.000000" : 201728,
            "30.000000" : 203776,
            "40.000000" : 205824,
            "50.000000" : 209920,
            "60.000000" : 211968,
            "70.000000" : 214016,
            "80.000000" : 216064,
            "90.000000" : 222208,
            "95.000000" : 232448,
            "99.000000" : 259072,
            "99.500000" : 272384,
            "99.900000" : 301056,
            "99.950000" : 325632,
            "99.990000" : 1011712
          }
        },
        "lat_ns" : {
          "min" : 147068,
          "max" : 4702468,
          "mean" : 237162.213643,
          "stddev" : 35426.062957
        },
        "bw_min" : 342784,
        "bw_max" : 354048,
        "bw_agg" : 99.975613,
        "bw_mean" : 345618.694444,
        "bw_dev" : 2930.991737,
        "bw_samples" : 36,
        "iops_min" : 2678,
        "iops_max" : 2766,
        "iops_mean" : 2700.111111,
        "iops_stddev" : 22.923198,
        "iops_samples" : 36
      },
      "trim" : {
        "io_bytes" : 0,
        "io_kbytes" : 0,
        "bw_bytes" : 0,
        "bw" : 0,
        "iops" : 0.000000,
        "runtime" : 0,
        "total_ios" : 0,
        "short_ios" : 0,
        "drop_ios" : 0,
        "slat_ns" : {
          "min" : 0,
          "max" : 0,
          "mean" : 0.000000,
          "stddev" : 0.000000
        },
        "clat_ns" : {
          "min" : 0,
          "max" : 0,
          "mean" : 0.000000,
          "stddev" : 0.000000,
          "percentile" : {
            "1.000000" : 0,
            "5.000000" : 0,
            "10.000000" : 0,
            "20.000000" : 0,
            "30.000000" : 0,
            "40.000000" : 0,
            "50.000000" : 0,
            "60.000000" : 0,
            "70.000000" : 0,
            "80.000000" : 0,
            "90.000000" : 0,
            "95.000000" : 0,
            "99.000000" : 0,
            "99.500000" : 0,
            "99.900000" : 0,
            "99.950000" : 0,
            "99.990000" : 0
          }
        },
        "lat_ns" : {
          "min" : 0,
          "max" : 0,
          "mean" : 0.000000,
          "stddev" : 0.000000
        },
        "bw_min" : 0,
        "bw_max" : 0,
        "bw_agg" : 0.000000,
        "bw_mean" : 0.000000,
        "bw_dev" : 0.000000,
        "bw_samples" : 0,
        "iops_min" : 0,
        "iops_max" : 0,
        "iops_mean" : 0.000000,
        "iops_stddev" : 0.000000,
        "iops_samples" : 0
      },
      "sync" : {
        "lat_ns" : {
          "min" : 1087,
          "max" : 60292,
          "mean" : 1617.345277,
          "stddev" : 1813.684420,
          "percentile" : {
            "1.000000" : 1240,
            "5.000000" : 1304,
            "10.000000" : 1336,
            "20.000000" : 1368,
            "30.000000" : 1384,
            "40.000000" : 1416,
            "50.000000" : 1464,
            "60.000000" : 1640,
            "70.000000" : 1688,
            "80.000000" : 1704,
            "90.000000" : 1736,
            "95.000000" : 1768,
            "99.000000" : 1816,
            "99.500000" : 1848,
            "99.900000" : 23424,
            "99.950000" : 60160,
            "99.990000" : 60160
          }
        },
        "total_ios" : 1535
      },
      "job_runtime" : 18198,
      "usr_cpu" : 4.352127,
      "sys_cpu" : 5.951203,
      "ctx" : 52973,
      "majf" : 0,
      "minf" : 11,
      "iodepth_level" : {
        "1" : 103.122965,
        "2" : 0.000000,
        "4" : 0.000000,
        "8" : 0.000000,
        "16" : 0.000000,
        "32" : 0.000000,
        ">=64" : 0.000000
      },
      "iodepth_submit" : {
        "0" : 0.000000,
        "4" : 100.000000,
        "8" : 0.000000,
        "16" : 0.000000,
        "32" : 0.000000,
        "64" : 0.000000,
        ">=64" : 0.000000
      },
      "iodepth_complete" : {
        "0" : 0.000000,
        "4" : 100.000000,
        "8" : 0.000000,
        "16" : 0.000000,
        "32" : 0.000000,
        "64" : 0.000000,
        ">=64" : 0.000000
      },
      "latency_ns" : {
        "2" : 0.000000,
        "4" : 0.000000,
        "10" : 0.000000,
        "20" : 0.000000,
        "50" : 0.000000,
        "100" : 0.000000,
        "250" : 0.000000,
        "500" : 0.000000,
        "750" : 0.000000,
        "1000" : 0.000000
      },
      "latency_us" : {
        "2" : 0.000000,
        "4" : 0.000000,
        "10" : 0.010000,
        "20" : 0.000000,
        "50" : 0.000000,
        "100" : 0.010000,
        "250" : 98.488363,
        "500" : 1.481120,
        "750" : 0.000000,
        "1000" : 0.016276
      },
      "latency_ms" : {
        "2" : 0.010000,
        "4" : 0.000000,
        "10" : 0.010000,
        "20" : 0.000000,
        "50" : 0.000000,
        "100" : 0.000000,
        "250" : 0.000000,
        "500" : 0.000000,
        "750" : 0.000000,
        "1000" : 0.000000,
        "2000" : 0.000000,
        ">=2000" : 0.000000
      },
      "latency_depth" : 1,
      "latency_target" : 0,
      "latency_percentile" : 100.000000,
      "latency_window" : 0
    }
  ],
  "disk_util" : [
    {
      "name" : "vdb",
      "read_ios" : 0,
      "write_ios" : 50550,
      "read_merges" : 0,
      "write_merges" : 0,
      "read_ticks" : 0,
      "write_ticks" : 16300,
      "in_queue" : 0,