{
  "fio version" : "fio-3.13",
  "timestamp" : 1555950561,
  "timestamp_ms" : 1555950561540,
  "time" : "Mon Apr 22 16:29:21 2019",
  "jobs" : [
    {
      "jobname" : "rand-write-4k-qd1",
      "groupid" : 0,
      "error" : 0,
      "eta" : 0,
      "elapsed" : 26,
      "job options" : {
        "bs" : "4k",
        "rw" : "randwrite",
        "direct" : "1",
        "size" : "2G",
        "randrepeat" : "0",
        "ioengine" : "libaio",
        "iodepth" : "1",
        "fsync" : "32",
        "filename" : "/dev/vdb"
      },
      "read" : {
        "io_bytes" : 0,
        "io_kbytes" : 0,
        "bw_bytes" : 0,
        "bw" : 0,
        "iops" : 0.000000,
        "runtime" : 0,
        "total_ios" : 0,
        "short_ios" : 0,
        "drop_ios" : 0,
        "slat_ns" : {
          "min" : 0,
          "max" : 0,
          "mean" : 0.000000,
          "stddev" : 0.000000
        },
        "clat_ns" : {
          "min" : 0,
          "max" : 0,
          "mean" : 0.000000,
          "stddev" : 0.000000,
          "percentile" : {
            "1.000000" : 0,
            "5.000000" : 0,
            "10.000000" : 0,
            "20.000000" : 0,
            "30.000000" : 0,
            "40.000000" : 0,
            "50.000000" : 0,
            "60.000000" : 0,
            "70.000000" : 0,
            "80.000000" : 0,
            "90.000000" : 0,
            "95.000000" : 0,
            "99.000000" : 0,
            "99.500000" : 0,
            "99.900000" : 0,
            "99.950000" : 0,
            "99.990000" : 0
          }
        },
        "lat_ns" : {
          "min" : 0,
          "max" : 0,
          "mean" : 0.000000,
          "stddev" : 0.000000
        },
        "bw_min" : 0,
        "bw_max" : 0,
        "bw_agg" : 0.000000,
        "bw_mean" : 0.000000,
        "bw_dev" : 0.000000,
        "bw_samples" : 0,
        "iops_min" : 0,
        "iops_max" : 0,
        "iops_mean" : 0.000000,
        "iops_stddev" : 0.000000,
        "iops_samples" : 0
      },
      "write" : {
        "io_bytes" : 2147483648,
        "io_kbytes" : 2097152,
        "bw_bytes" : 84606557,
        "bw" : 82623,
        "iops" : 20655.897880,
        "runtime" : 25382,
        "total_ios" : 524288,
        "short_ios" : 0,
        "drop_ios" : 0,
        "slat_ns" : {
          "min" : 6317,
          "max" : 77823,
          "mean" : 9074.287592,
          "stddev" : 1561.851223
        },
        "clat_ns" : {
          "min" : 772,
          "max" : 2158531,
          "mean" : 37398.106598,
          "stddev" : 4240.151979,
          "percentile" : {
            "1.000000" : 28544,
            "5.000000" : 30592,
            "10.000000" : 35584,
            "20.000000" : 36608,
            "30.000000" : 37120,
            "40.000000" : 37632,
            "50.000000" : 37632,
            "60.000000" : 38144,
            "70.000000" : 38144,
            "80.000000" : 38656,
            "90.000000" : 39168,
            "95.000000" : 39680,
            "99.000000" : 44800,
            "99.500000" : 49408,
            "99.900000" : 60160,
            "99.950000" : 62720,
            "99.990000" : 85504
          }
        },
        "lat_ns" : {
          "min" : 33080,
          "max" : 2168341,
          "mean" : 46542.465712,
          "stddev" : 4844.186921
        },
        "bw_min" : 79168,
        "bw_max" : 92032,
        "bw_agg" : 99.858296,
        "bw_mean" : 82505.920000,
        "bw_dev" : 2329.685937,
        "bw_samples" : 50,
        "iops_min" : 19792,
        "iops_max" : 23008,
        "iops_mean" : 20626.480000,
        "iops_stddev" : 582.397937,
        "iops_samples" : 50
      },
      "trim" : {
        "io_bytes" : 0,
        "io_kbytes" : 0,
        "bw_bytes" : 0,
        "bw" : 0,
        "iops" : 0.000000,
        "runtime" : 0,
        "total_ios" : 0,
        "short_ios" : 0,
        "drop_ios" : 0,
        "slat_ns" : {
          "min" : 0,
          "max" : 0,
          "mean" : 0.000000,
          "stddev" : 0.000000
        },
        "clat_ns" : {
          "min" : 0,
          "max" : 0,
          "mean" : 0.000000,
          "stddev" : 0.000000,
          "percentile" : {
            "1.000000" : 0,
            "5.000000" : 0,
            "10.000000" : 0,
            "20.000000" : 0,
            "30.000000" : 0,
            "40.000000" : 0,
            "50.000000" : 0,
            "60.000000" : 0,
            "70.000000" : 0,
            "80.000000" : 0,
            "90.000000" : 0,
            "95.000000" : 0,
            "99.000000" : 0,
            "99.500000" : 0,
            "99.900000" : 0,
            "99.950000" : 0,
            "99.990000" : 0
          }
        },
        "lat_ns" : {
          "min" : 0,
          "max" : 0,
          "mean" : 0.000000,
          "stddev" : 0.000000
        },
        "bw_min" : 0,
        "bw_max" : 0,
        "bw_agg" : 0.000000,
        "bw_mean" : 0.000000,
        "bw_dev" : 0.000000,
        "bw_samples" : 0,
        "iops_min" : 0,
        "iops_max" : 0,
        "iops_mean" : 0.000000,
        "iops_stddev" : 0.000000,
        "iops_samples" : 0
      },
      "sync" : {
        "lat_ns" : {
          "min" : 26,
          "max" : 643,
          "mean" : 59.209424,
          "stddev" : 29.849239,
          "percentile" : {
            "1.000000" : 35,
            "5.000000" : 40,
            "10.000000" : 41,
            "20.000000" : 45,
            "30.000000" : 47,
            "40.000000" : 48,
            "50.000000" : 49,
            "60.000000" : 54,
            "70.000000" : 59,
            "80.000000" : 61,
            "90.000000" : 73,
            "95.000000" : 133,
            "99.000000" : 165,
            "99.500000" : 191,
            "99.900000" : 298,
            "99.950000" : 402,
            "99.990000" : 596
          }
        },
        "total_ios" : 16383
      },
      "job_runtime" : 25381,
      "usr_cpu" : 5.027383,
      "sys_cpu" : 32.847406,
      "ctx" : 540987,
      "majf" : 0,
      "minf" : 11,
      "iodepth_level" : {
        "1" : 103.124809,
        "2" : 0.000000,
        "4" : 0.000000,
        "8" : 0.000000,
        "16" : 0.000000,
        "32" : 0.000000,
        ">=64" : 0.000000
      },
      "iodepth_submit" : {
        "0" : 0.000000,
        "4" : 100.000000,
        "8" : 0.000000,
        "16" : 0.000000,
        "32" : 0.000000,
        "64" : 0.000000,
        ">=64" : 0.000000
      },
      "iodepth_complete" : {
        "0" : 0.000000,
        "4" : 100.000000,
        "8" : 0.000000,
        "16" : 0.000000,
        "32" : 0.000000,
        "64" : 0.000000,
        ">=64" : 0.000000
      },
      "latency_ns" : {
        "2" : 0.000000,
        "4" : 0.000000,
        "10" : 0.000000,
        "20" : 0.000000,
        "50" : 0.000000,
        "100" : 0.000000,
        "250" : 0.000000,
        "500" : 0.000000,
        "750" : 0.000000,
        "1000" : 0.010000
      },
      "latency_us" : {
        "2" : 0.010000,
        "4" : 0.010000,
        "10" : 0.010000,
        "20" : 0.010000,
        "50" : 99.509811,
        "100" : 0.476074,
        "250" : 0.010000,
        "500" : 0.010000,
        "750" : 0.000000,
        "1000" : 0.000000
      },
      "latency_ms" : {
        "2" : 0.000000,
        "4" : 0.010000,
        "10" : 0.000000,
        "20" : 0.000000,
        "50" : 0.000000,
        "100" : 0.000000,
        "250" : 0.000000,
        "500" : 0.000000,
        "750" : 0.000000,
        "1000" : 0.000000,
        "2000" : 0.000000,
        ">=2000" : 0.000000
      },
      "latency_depth" : 1,
      "latency_target" : 0,
      "latency_percentile" : 100.000000,
      "latency_window" : 0
    }
  ],
  "disk_util" : [
    {
      "name" : "vdb",
      "read_ios" : 0,
      "write_ios" : 535068,
      "read_merges" : 0,
      "write_merges" : 0,
      "read_ticks" : 0,
      "write_ticks" : 13436,
      "in_queue" : 0,
      "util" : 0.000000
    }
  ]
}
