{
  "fio version" : "fio-3.13",
  "timestamp" : 1567450476,
  "timestamp_ms" : 1567450476097,
  "time" : "Mon Sep  2 18:54:36 2019",
  "jobs" : [
    {
      "jobname" : "rand-write-128k-qd1",
      "groupid" : 0,
      "error" : 0,
      "eta" : 0,
      "elapsed" : 31,
      "job options" : {
        "runtime" : "30",
        "bs" : "128k",
        "rw" : "randwrite",
        "direct" : "1",
        "randrepeat" : "0",
        "ioengine" : "libaio",
        "iodepth" : "1",
        "fsync" : "32",
        "filename" : "/dev/vdb"
      },
      "read" : {
        "io_bytes" : 0,
        "io_kbytes" : 0,
        "bw_bytes" : 0,
        "bw" : 0,
        "iops" : 0.000000,
        "runtime" : 0,
        "total_ios" : 0,
        "short_ios" : 0,
        "drop_ios" : 0,
        "slat_ns" : {
          "min" : 0,
          "max" : 0,
          "mean" : 0.000000,
          "stddev" : 0.000000
        },
        "clat_ns" : {
          "min" : 0,
          "max" : 0,
          "mean" : 0.000000,
          "stddev" : 0.000000,
          "percentile" : {
            "1.000000" : 0,
            "5.000000" : 0,
            "10.000000" : 0,
            "20.000000" : 0,
            "30.000000" : 0,
            "40.000000" : 0,
            "50.000000" : 0,
            "60.000000" : 0,
            "70.000000" : 0,
            "80.000000" : 0,
            "90.000000" : 0,
            "95.000000" : 0,
            "99.000000" : 0,
            "99.500000" : 0,
            "99.900000" : 0,
            "99.950000" : 0,
            "99.990000" : 0
          }
        },
        "lat_ns" : {
          "min" : 0,
          "max" : 0,
          "mean" : 0.000000,
          "stddev" : 0.000000
        },
        "bw_min" : 0,
        "bw_max" : 0,
        "bw_agg" : 0.000000,
        "bw_mean" : 0.000000,
        "bw_dev" : 0.000000,
        "bw_samples" : 0,
        "iops_min" : 0,
        "iops_max" : 0,
        "iops_mean" : 0.000000,
        "iops_stddev" : 0.000000,
        "iops_samples" : 0
      },
      "write" : {
        "io_bytes" : 34506801152,
        "io_kbytes" : 33698048,
        "bw_bytes" : 1150188365,
        "bw" : 1123230,
        "iops" : 8775.240825,
        "runtime" : 30001,
        "total_ios" : 263266,
        "short_ios" : 0,
        "drop_ios" : 0,
        "slat_ns" : {
          "min" : 8783,
          "max" : 354168,
          "mean" : 19914.654395,
          "stddev" : 5577.522648
        },
        "clat_ns" : {
          "min" : 43205,
          "max" : 7039260,
          "mean" : 92612.685930,
          "stddev" : 23439.349451,
          "percentile" : {
            "1.000000" : 62720,
            "5.000000" : 71168,
            "10.000000" : 76288,
            "20.000000" : 81408,
            "30.000000" : 84480,
            "40.000000" : 86528,
            "50.000000" : 89600,
            "60.000000" : 94720,
            "70.000000" : 97792,
            "80.000000" : 102912,
            "90.000000" : 110080,
            "95.000000" : 117248,
            "99.000000" : 152576,
            "99.500000" : 162816,
            "99.900000" : 183296,
            "99.950000" : 189440,
            "99.990000" : 218112
          }
        },
        "lat_ns" : {
          "min" : 55911,
          "max" : 7065488,
          "mean" : 112598.273415,
          "stddev" : 24423.181418
        },
        "bw_min" : 957440,
        "bw_max" : 1297152,
        "bw_agg" : 99.909845,
        "bw_mean" : 1122217.355932,
        "bw_dev" : 60680.521265,
        "bw_samples" : 59,
        "iops_min" : 7480,
        "iops_max" : 10134,
        "iops_mean" : 8767.305085,
        "iops_stddev" : 474.060314,
        "iops_samples" : 59
      },
      "trim" : {
        "io_bytes" : 0,
        "io_kbytes" : 0,
        "bw_bytes" : 0,
        "bw" : 0,
        "iops" : 0.000000,
        "runtime" : 0,
        "total_ios" : 0,
        "short_ios" : 0,
        "drop_ios" : 0,
        "slat_ns" : {
          "min" : 0,
          "max" : 0,
          "mean" : 0.000000,
          "stddev" : 0.000000
        },
        "clat_ns" : {
          "min" : 0,
          "max" : 0,
          "mean" : 0.000000,
          "stddev" : 0.000000,
          "percentile" : {
            "1.000000" : 0,
            "5.000000" : 0,
            "10.000000" : 0,
            "20.000000" : 0,
            "30.000000" : 0,
            "40.000000" : 0,
            "50.000000" : 0,
            "60.000000" : 0,
            "70.000000" : 0,
            "80.000000" : 0,
            "90.000000" : 0,
            "95.000000" : 0,
            "99.000000" : 0,
            "99.500000" : 0,
            "99.900000" : 0,
            "99.950000" : 0,
            "99.990000" : 0
          }
        },
        "lat_ns" : {
          "min" : 0,
          "max" : 0,
          "mean" : 0.000000,
          "stddev" : 0.000000
        },
        "bw_min" : 0,
        "bw_max" : 0,
        "bw_agg" : 0.000000,
        "bw_mean" : 0.000000,
        "bw_dev" : 0.000000,
        "bw_samples" : 0,
        "iops_min" : 0,
        "iops_max" : 0,
        "iops_mean" : 0.000000,
        "iops_stddev" : 0.000000,
        "iops_samples" : 0
      },
      "sync" : {
        "lat_ns" : {
          "min" : 21,
          "max" : 6834,
          "mean" : 56.334630,
          "stddev" : 91.553032,
          "percentile" : {
            "1.000000" : 25,
            "5.000000" : 26,
            "10.000000" : 28,
            "20.000000" : 30,
            "30.000000" : 34,
            "40.000000" : 36,
            "50.000000" : 40,
            "60.000000" : 45,
            "70.000000" : 52,
            "80.000000" : 64,
            "90.000000" : 97,
            "95.000000" : 135,
            "99.000000" : 274,
            "99.500000" : 334,
            "99.900000" : 756,
            "99.950000" : 844,
            "99.990000" : 6816
          }
        },
        "total_ios" : 8227
      },
      "job_runtime" : 30000,
      "usr_cpu" : 9.086667,
      "sys_cpu" : 15.406667,
      "ctx" : 271707,
      "majf" : 0,
      "minf" : 11,
      "iodepth_level" : {
        "1" : 103.124976,
        "2" : 0.000000,
        "4" : 0.000000,
        "8" : 0.000000,
        "16" : 0.000000,
        "32" : 0.000000,
        ">=64" : 0.000000
      },
      "iodepth_submit" : {
        "0" : 0.000000,
        "4" : 100.000000,
        "8" : 0.000000,
        "16" : 0.000000,
        "32" : 0.000000,
        "64" : 0.000000,
        ">=64" : 0.000000
      },
      "iodepth_complete" : {
        "0" : 0.000000,
        "4" : 100.000000,
        "8" : 0.000000,
        "16" : 0.000000,
        "32" : 0.000000,
        "64" : 0.000000,
        ">=64" : 0.000000
      },
      "latency_ns" : {
        "2" : 0.000000,
        "4" : 0.000000,
        "10" : 0.000000,
        "20" : 0.000000,
        "50" : 0.000000,
        "100" : 0.000000,
        "250" : 0.000000,
        "500" : 0.000000,
        "750" : 0.000000,
        "1000" : 0.000000
      },
      "latency_us" : {
        "2" : 0.000000,
        "4" : 0.000000,
        "10" : 0.000000,
        "20" : 0.000000,
        "50" : 0.105597,
        "100" : 74.263672,
        "250" : 25.624653,
        "500" : 0.010000,
        "750" : 0.000000,
        "1000" : 0.000000
      },
      "latency_ms" : {
        "2" : 0.000000,
        "4" : 0.000000,
        "10" : 0.010000,
        "20" : 0.000000,
        "50" : 0.000000,
        "100" : 0.000000,
        "250" : 0.000000,
        "500" : 0.000000,
        "750" : 0.000000,
        "1000" : 0.000000,
        "2000" : 0.000000,
        ">=2000" : 0.000000
      },
      "latency_depth" : 1,
      "latency_target" : 0,
      "latency_percentile" : 100.000000,
      "latency_window" : 0
    }
  ],
  "disk_util" : [
    {
      "name" : "vdb",
      "read_ios" : 0,
      "write_ios" : 1319867,
      "read_merges" : 0,
      "write_merges" : 0,
      "read_ticks" : 0,
      "write_ticks" : 119440,
      "in_queue" : 94080,