{
  "fio version" : "fio-3.13",
  "timestamp" : 1567450024,
  "timestamp_ms" : 1567450024768,
  "time" : "Mon Sep  2 18:47:04 2019",
  "jobs" : [
    {
      "jobname" : "rand-write-4k-qd1",
      "groupid" : 0,
      "error" : 0,
      "eta" : 0,
      "elapsed" : 31,
      "job options" : {
        "runtime" : "30",
        "bs" : "4k",
        "rw" : "randwrite",
        "direct" : "1",
        "randrepeat" : "0",
        "ioengine" : "libaio",
        "iodepth" : "1",
        "fsync" : "32",
        "filename" : "/dev/vdb"
      },
      "read" : {
        "io_bytes" : 0,
        "io_kbytes" : 0,
        "bw_bytes" : 0,
        "bw" : 0,
        "iops" : 0.000000,
        "runtime" : 0,
        "total_ios" : 0,
        "short_ios" : 0,
        "drop_ios" : 0,
        "slat_ns" : {
          "min" : 0,
          "max" : 0,
          "mean" : 0.000000,
          "stddev" : 0.000000
        },
        "clat_ns" : {
          "min" : 0,
          "max" : 0,
          "mean" : 0.000000,
          "stddev" : 0.000000,
          "percentile" : {
            "1.000000" : 0,
            "5.000000" : 0,
            "10.000000" : 0,
            "20.000000" : 0,
            "30.000000" : 0,
            "40.000000" : 0,
            "50.000000" : 0,
            "60.000000" : 0,
            "70.000000" : 0,
            "80.000000" : 0,
            "90.000000" : 0,
            "95.000000" : 0,
            "99.000000" : 0,
            "99.500000" : 0,
            "99.900000" : 0,
            "99.950000" : 0,
            "99.990000" : 0
          }
        },
        "lat_ns" : {
          "min" : 0,
          "max" : 0,
          "mean" : 0.000000,
          "stddev" : 0.000000
        },
        "bw_min" : 0,
        "bw_max" : 0,
        "bw_agg" : 0.000000,
        "bw_mean" : 0.000000,
        "bw_dev" : 0.000000,
        "bw_samples" : 0,
        "iops_min" : 0,
        "iops_max" : 0,
        "iops_mean" : 0.000000,
        "iops_stddev" : 0.000000,
        "iops_samples" : 0
      },
      "write" : {
        "io_bytes" : 996057088,
        "io_kbytes" : 972712,
        "bw_bytes" : 33200796,
        "bw" : 32422,
        "iops" : 8105.663145,
        "runtime" : 30001,
        "total_ios" : 243178,
        "short_ios" : 0,
        "drop_ios" : 0,
        "slat_ns" : {
          "min" : 3162,
          "max" : 428535,
          "mean" : 5190.180522,
          "stddev" : 3190.773114
        },
        "clat_ns" : {
          "min" : 1354,
          "max" : 7251363,
          "mean" : 102181.880614,
          "stddev" : 36553.554072,
          "percentile" : {
            "1.000000" : 46848,
            "5.000000" : 49408,
            "10.000000" : 52480,
            "20.000000" : 71168,
            "30.000000" : 107008,
            "40.000000" : 109056,
            "50.000000" : 110080,
            "60.000000" : 112128,
            "70.000000" : 114176,
            "80.000000" : 117248,
            "90.000000" : 124416,
            "95.000000" : 130560,
            "99.000000" : 140288,
            "99.500000" : 146432,
            "99.900000" : 166912,
            "99.950000" : 185344,
            "99.990000" : 561152
          }
        },
        "lat_ns" : {
          "min" : 41850,
          "max" : 7256087,
          "mean" : 107862.172672,
          "stddev" : 37108.533673
        },
        "bw_min" : 29192,
        "bw_max" : 33752,
        "bw_agg" : 100.000000,
        "bw_mean" : 32425.677966,
        "bw_dev" : 901.393355,
        "bw_samples" : 59,
        "iops_min" : 7298,
        "iops_max" : 8438,
        "iops_mean" : 8106.406780,
        "iops_stddev" : 225.348169,
        "iops_samples" : 59
      },
      "trim" : {
        "io_bytes" : 0,
        "io_kbytes" : 0,
        "bw_bytes" : 0,
        "bw" : 0,
        "iops" : 0.000000,
        "runtime" : 0,
        "total_ios" : 0,
        "short_ios" : 0,
        "drop_ios" : 0,
        "slat_ns" : {
          "min" : 0,
          "max" : 0,
          "mean" : 0.000000,
          "stddev" : 0.000000
        },
        "clat_ns" : {
          "min" : 0,
          "max" : 0,
          "mean" : 0.000000,
          "stddev" : 0.000000,
          "percentile" : {
            "1.000000" : 0,
            "5.000000" : 0,
            "10.000000" : 0,
            "20.000000" : 0,
            "30.000000" : 0,
            "40.000000" : 0,
            "50.000000" : 0,
            "60.000000" : 0,
            "70.000000" : 0,
            "80.000000" : 0,
            "90.000000" : 0,
            "95.000000" : 0,
            "99.000000" : 0,
            "99.500000" : 0,
            "99.900000" : 0,
            "99.950000" : 0,
            "99.990000" : 0
          }
        },
        "lat_ns" : {
          "min" : 0,
          "max" : 0,
          "mean" : 0.000000,
          "stddev" : 0.000000
        },
        "bw_min" : 0,
        "bw_max" : 0,
        "bw_agg" : 0.000000,
        "bw_mean" : 0.000000,
        "bw_dev" : 0.000000,
        "bw_samples" : 0,
        "iops_min" : 0,
        "iops_max" : 0,
        "iops_mean" : 0.000000,
        "iops_stddev" : 0.000000,
        "iops_samples" : 0
      },
      "sync" : {
        "lat_ns" : {
          "min" : 376,
          "max" : 11487,
          "mean" : 649.457955,
          "stddev" : 424.957312,
          "percentile" : {
            "1.000000" : 422,
            "5.000000" : 434,
            "10.000000" : 438,
            "20.000000" : 446,
            "30.000000" : 450,
            "40.000000" : 462,
            "50.000000" : 474,
            "60.000000" : 486,
            "70.000000" : 572,
            "80.000000" : 972,
            "90.000000" : 1208,
            "95.000000" : 1240,
            "99.000000" : 1320,
            "99.500000" : 1336,
            "99.900000" : 4192,
            "99.950000" : 10816,
            "99.990000" : 11456
          }
        },
        "total_ios" : 7599
      },
      "job_runtime" : 30000,
      "usr_cpu" : 2.493333,
      "sys_cpu" : 6.140000,
      "ctx" : 252896,
      "majf" : 1,
      "minf" : 13,
      "iodepth_level" : {
        "1" : 103.124871,
        "2" : 0.000000,
        "4" : 0.000000,
        "8" : 0.000000,
        "16" : 0.000000,
        "32" : 0.000000,
        ">=64" : 0.000000
      },
      "iodepth_submit" : {
        "0" : 0.000000,
        "4" : 100.000000,
        "8" : 0.000000,
        "16" : 0.000000,
        "32" : 0.000000,
        "64" : 0.000000,
        ">=64" : 0.000000
      },
      "iodepth_complete" : {
        "0" : 0.000000,
        "4" : 100.000000,
        "8" : 0.000000,
        "16" : 0.000000,
        "32" : 0.000000,
        "64" : 0.000000,
        ">=64" : 0.000000
      },
      "latency_ns" : {
        "2" : 0.000000,
        "4" : 0.000000,
        "10" : 0.000000,
        "20" : 0.000000,
        "50" : 0.000000,
        "100" : 0.000000,
        "250" : 0.000000,
        "500" : 0.000000,
        "750" : 0.000000,
        "1000" : 0.000000
      },
      "latency_us" : {
        "2" : 0.010000,
        "4" : 0.010000,
        "10" : 0.010000,
        "20" : 0.010000,
        "50" : 6.691806,
        "100" : 13.978238,
        "250" : 79.307750,
        "500" : 0.010000,
        "750" : 0.010000,
        "1000" : 0.010000
      },
      "latency_ms" : {
        "2" : 0.010000,
        "4" : 0.010000,
        "10" : 0.010000,
        "20" : 0.000000,
        "50" : 0.000000,
        "100" : 0.000000,
        "250" : 0.000000,
        "500" : 0.000000,
        "750" : 0.000000,
        "1000" : 0.000000,
        "2000" : 0.000000,
        ">=2000" : 0.000000
      },
      "latency_depth" : 1,
      "latency_target" : 0,
      "latency_percentile" : 100.000000,
      "latency_window" : 0
    }
  ],
  "disk_util" : [
    {
      "name" : "vdb",
      "read_ios" : 0,
      "write_ios" : 249751,
      "read_merges" : 0,
      "write_merges" : 0,
      "read_ticks" : 0,
      "write_ticks" : 27840,
      "in_queue" : 0,