{
  "fio version" : "fio-3.13",
  "timestamp" : 1567449665,
  "timestamp_ms" : 1567449665719,
  "time" : "Mon Sep  2 18:41:05 2019",
  "jobs" : [
    {
      "jobname" : "rand-write-4k",
      "groupid" : 0,
      "error" : 0,
      "eta" : 0,
      "elapsed" : 31,
      "job options" : {
        "runtime" : "30",
        "bs" : "4k",
        "rw" : "randwrite",
        "direct" : "1",
        "randrepeat" : "0",
        "ioengine" : "libaio",
        "iodepth" : "32",
        "fsync" : "32",
        "filename" : "/dev/vdb"
      },
      "read" : {
        "io_bytes" : 0,
        "io_kbytes" : 0,
        "bw_bytes" : 0,
        "bw" : 0,
        "iops" : 0.000000,
        "runtime" : 0,
        "total_ios" : 0,
        "short_ios" : 0,
        "drop_ios" : 0,
        "slat_ns" : {
          "min" : 0,
          "max" : 0,
          "mean" : 0.000000,
          "stddev" : 0.000000
        },
        "clat_ns" : {
          "min" : 0,
          "max" : 0,
          "mean" : 0.000000,
          "stddev" : 0.000000,
          "percentile" : {
            "1.000000" : 0,
            "5.000000" : 0,
            "10.000000" : 0,
            "20.000000" : 0,
            "30.000000" : 0,
            "40.000000" : 0,
            "50.000000" : 0,
            "60.000000" : 0,
            "70.000000" : 0,
            "80.000000" : 0,
            "90.000000" : 0,
            "95.000000" : 0,
            "99.000000" : 0,
            "99.500000" : 0,
            "99.900000" : 0,
            "99.950000" : 0,
            "99.990000" : 0
          }
        },
        "lat_ns" : {
          "min" : 0,
          "max" : 0,
          "mean" : 0.000000,
          "stddev" : 0.000000
        },
        "bw_min" : 0,
        "bw_max" : 0,
        "bw_agg" : 0.000000,
        "bw_mean" : 0.000000,
        "bw_dev" : 0.000000,
        "bw_samples" : 0,
        "iops_min" : 0,
        "iops_max" : 0,
        "iops_mean" : 0.000000,
        "iops_stddev" : 0.000000,
        "iops_samples" : 0
      },
      "write" : {
        "io_bytes" : 12808556544,
        "io_kbytes" : 12508356,
        "bw_bytes" : 426937653,
        "bw" : 416931,
        "iops" : 104232.825572,
        "runtime" : 30001,
        "total_ios" : 3127089,
        "short_ios" : 0,
        "drop_ios" : 0,
        "slat_ns" : {
          "min" : 4383,
          "max" : 164162,
          "mean" : 7564.681137,
          "stddev" : 1382.083027
        },
        "clat_ns" : {
          "min" : 10969,
          "max" : 963756,
          "mean" : 297936.107961,
          "stddev" : 18684.065570,
          "percentile" : {
            "1.000000" : 264192,
            "5.000000" : 280576,
            "10.000000" : 284672,
            "20.000000" : 288768,
            "30.000000" : 292864,
            "40.000000" : 292864,
            "50.000000" : 296960,
            "60.000000" : 301056,
            "70.000000" : 301056,
            "80.000000" : 305152,
            "90.000000" : 309248,
            "95.000000" : 313344,
            "99.000000" : 346112,
            "99.500000" : 374784,
            "99.900000" : 536576,
            "99.950000" : 667648,
            "99.990000" : 847872
          }
        },
        "lat_ns" : {
          "min" : 19072,
          "max" : 999101,
          "mean" : 305568.497221,
          "stddev" : 18779.199385
        },
        "bw_min" : 391176,
        "bw_max" : 428800,
        "bw_agg" : 99.970092,
        "bw_mean" : 416806.305085,
        "bw_dev" : 5551.167592,
        "bw_samples" : 59,
        "iops_min" : 97794,
        "iops_max" : 107200,
        "iops_mean" : 104201.457627,
        "iops_stddev" : 1387.814759,
        "iops_samples" : 59
      },
      "trim" : {
        "io_bytes" : 0,
        "io_kbytes" : 0,
        "bw_bytes" : 0,
        "bw" : 0,
        "iops" : 0.000000,
        "runtime" : 0,
        "total_ios" : 0,
        "short_ios" : 0,
        "drop_ios" : 0,
        "slat_ns" : {
          "min" : 0,
          "max" : 0,
          "mean" : 0.000000,
          "stddev" : 0.000000
        },
        "clat_ns" : {
          "min" : 0,
          "max" : 0,
          "mean" : 0.000000,
          "stddev" : 0.000000,
          "percentile" : {
            "1.000000" : 0,
            "5.000000" : 0,
            "10.000000" : 0,
            "20.000000" : 0,
            "30.000000" : 0,
            "40.000000" : 0,
            "50.000000" : 0,
            "60.000000" : 0,
            "70.000000" : 0,
            "80.000000" : 0,
            "90.000000" : 0,
            "95.000000" : 0,
            "99.000000" : 0,
            "99.500000" : 0,
            "99.900000" : 0,
            "99.950000" : 0,
            "99.990000" : 0
          }
        },
        "lat_ns" : {
          "min" : 0,
          "max" : 0,
          "mean" : 0.000000,
          "stddev" : 0.000000
        },
        "bw_min" : 0,
        "bw_max" : 0,
        "bw_agg" : 0.000000,
        "bw_mean" : 0.000000,
        "bw_dev" : 0.000000,
        "bw_samples" : 0,
        "iops_min" : 0,
        "iops_max" : 0,
        "iops_mean" : 0.000000,
        "iops_stddev" : 0.000000,
        "iops_samples" : 0
      },
      "sync" : {
        "lat_ns" : {
          "min" : 21,
          "max" : 6250,
          "mean" : 35.028438,
          "stddev" : 30.971862,
          "percentile" : {
            "1.000000" : 26,
            "5.000000" : 31,
            "10.000000" : 32,
            "20.000000" : 32,
            "30.000000" : 32,
            "40.000000" : 32,
            "50.000000" : 32,
            "60.000000" : 33,
            "70.000000" : 33,
            "80.000000" : 34,
            "90.000000" : 37,
            "95.000000" : 57,
            "99.000000" : 65,
            "99.500000" : 70,
            "99.900000" : 221,
            "99.950000" : 270,
            "99.990000" : 724
          }
        },
        "total_ios" : 97721
      },
      "job_runtime" : 30000,
      "usr_cpu" : 13.903333,
      "sys_cpu" : 79.516667,
      "ctx" : 98344,
      "majf" : 1,
      "minf" : 15,
      "iodepth_level" : {
        "1" : 0.100000,
        "2" : 0.100000,
        "4" : 0.100000,
        "8" : 0.100000,
        "16" : 0.100000,
        "32" : 103.123992,
        ">=64" : 0.000000
      },
      "iodepth_submit" : {
        "0" : 0.000000,
        "4" : 100.000000,
        "8" : 0.000000,
        "16" : 0.000000,
        "32" : 0.000000,
        "64" : 0.000000,
        ">=64" : 0.000000
      },
      "iodepth_complete" : {
        "0" : 0.000000,
        "4" : 99.999968,
        "8" : 0.000000,
        "16" : 0.000000,
        "32" : 0.100000,
        "64" : 0.000000,
        ">=64" : 0.000000
      },
      "latency_ns" : {
        "2" : 0.000000,
        "4" : 0.000000,
        "10" : 0.000000,
        "20" : 0.000000,
        "50" : 0.000000,
        "100" : 0.000000,
        "250" : 0.000000,
        "500" : 0.000000,
        "750" : 0.000000,
        "1000" : 0.000000
      },
      "latency_us" : {
        "2" : 0.000000,
        "4" : 0.000000,
        "10" : 0.000000,
        "20" : 0.010000,
        "50" : 0.010000,
        "100" : 0.010000,
        "250" : 0.122702,
        "500" : 99.768731,
        "750" : 0.085543,
        "1000" : 0.022673
      },
      "latency_ms" : {
        "2" : 0.000000,
        "4" : 0.000000,
        "10" : 0.000000,
        "20" : 0.000000,
        "50" : 0.000000,
        "100" : 0.000000,
        "250" : 0.000000,
        "500" : 0.000000,
        "750" : 0.000000,
        "1000" : 0.000000,
        "2000" : 0.000000,
        ">=2000" : 0.000000
      },
      "latency_depth" : 32,
      "latency_target" : 0,
      "latency_percentile" : 100.000000,
      "latency_window" : 0
    }
  ],
  "disk_util" : [
    {
      "name" : "vdb",
      "read_ios" : 0,
      "write_ios" : 3210339,
      "read_merges" : 0,
      "write_merges" : 0,
      "read_ticks" : 0,
      "write_ticks" : 34052,
      "in_queue" : 31304,