{
  "fio version" : "fio-3.13",
  "timestamp" : 1580904834,
  "timestamp_ms" : 1580904834958,
  "time" : "Wed Feb  5 12:13:54 2020",
  "jobs" : [
    {
      "jobname" : "rand-write-128k-qd1",
      "groupid" : 0,
      "error" : 0,
      "eta" : 0,
      "elapsed" : 31,
      "job options" : {
        "runtime" : "30",
        "bs" : "128k",
        "rw" : "randwrite",
        "direct" : "1",
        "randrepeat" : "0",
        "ioengine" : "libaio",
        "iodepth" : "1",
        "fsync" : "32",
        "filename" : "/dev/vdb"
      },
      "read" : {
        "io_bytes" : 0,
        "io_kbytes" : 0,
        "bw_bytes" : 0,
        "bw" : 0,
        "iops" : 0.000000,
        "runtime" : 0,
        "total_ios" : 0,
        "short_ios" : 0,
        "drop_ios" : 0,
        "slat_ns" : {
          "min" : 0,
          "max" : 0,
          "mean" : 0.000000,
          "stddev" : 0.000000
        },
        "clat_ns" : {
          "min" : 0,
          "max" : 0,
          "mean" : 0.000000,
          "stddev" : 0.000000,
          "percentile" : {
            "1.000000" : 0,
            "5.000000" : 0,
            "10.000000" : 0,
            "20.000000" : 0,
            "30.000000" : 0,
            "40.000000" : 0,
            "50.000000" : 0,
            "60.000000" : 0,
            "70.000000" : 0,
            "80.000000" : 0,
            "90.000000" : 0,
            "95.000000" : 0,
            "99.000000" : 0,
            "99.500000" : 0,
            "99.900000" : 0,
            "99.950000" : 0,
            "99.990000" : 0
          }
        },
        "lat_ns" : {
          "min" : 0,
          "max" : 0,
          "mean" : 0.000000,
          "stddev" : 0.000000
        },
        "bw_min" : 0,
        "bw_max" : 0,
        "bw_agg" : 0.000000,
        "bw_mean" : 0.000000,
        "bw_dev" : 0.000000,
        "bw_samples" : 0,
        "iops_min" : 0,
        "iops_max" : 0,
        "iops_mean" : 0.000000,
        "iops_stddev" : 0.000000,
        "iops_samples" : 0
      },
      "write" : {
        "io_bytes" : 9402580992,
        "io_kbytes" : 9182208,
        "bw_bytes" : 313408919,
        "bw" : 306063,
        "iops" : 2391.120296,
        "runtime" : 30001,
        "total_ios" : 71736,
        "short_ios" : 0,
        "drop_ios" : 0,
        "slat_ns" : {
          "min" : 32173,
          "max" : 374922,
          "mean" : 106434.550602,
          "stddev" : 29787.553572
        },
        "clat_ns" : {
          "min" : 87290,
          "max" : 1235042,
          "mean" : 306166.032104,
          "stddev" : 81261.111305,
          "percentile" : {
            "1.000000" : 112128,
            "5.000000" : 126464,
            "10.000000" : 154624,
            "20.000000" : 254976,
            "30.000000" : 309248,
            "40.000000" : 329728,
            "50.000000" : 342016,
            "60.000000" : 350208,
            "70.000000" : 358400,
            "80.000000" : 362496,
            "90.000000" : 370688,
            "95.000000" : 374784,
            "99.000000" : 391168,
            "99.500000" : 407552,
            "99.900000" : 436224,
            "99.950000" : 464896,
            "99.990000" : 518144
          }
        },
        "lat_ns" : {
          "min" : 126554,
          "max" : 1338337,
          "mean" : 412853.879670,
          "stddev" : 108641.899895
        },
        "bw_min" : 255488,
        "bw_max" : 707328,
        "bw_agg" : 99.864800,
        "bw_mean" : 305649.203390,
        "bw_dev" : 93169.454603,
        "bw_samples" : 59,
        "iops_min" : 1996,
        "iops_max" : 5526,
        "iops_mean" : 2387.864407,
        "iops_stddev" : 727.891581,
        "iops_samples" : 59
      },
      "trim" : {
        "io_bytes" : 0,
        "io_kbytes" : 0,
        "bw_bytes" : 0,
        "bw" : 0,
        "iops" : 0.000000,
        "runtime" : 0,
        "total_ios" : 0,
        "short_ios" : 0,
        "drop_ios" : 0,
        "slat_ns" : {
          "min" : 0,
          "max" : 0,
          "mean" : 0.000000,
          "stddev" : 0.000000
        },
        "clat_ns" : {
          "min" : 0,
          "max" : 0,
          "mean" : 0.000000,
          "stddev" : 0.000000,
          "percentile" : {
            "1.000000" : 0,
            "5.000000" : 0,
            "10.000000" : 0,
            "20.000000" : 0,
            "30.000000" : 0,
            "40.000000" : 0,
            "50.000000" : 0,
            "60.000000" : 0,
            "70.000000" : 0,
            "80.000000" : 0,
            "90.000000" : 0,
            "95.000000" : 0,
            "99.000000" : 0,
            "99.500000" : 0,
            "99.900000" : 0,
            "99.950000" : 0,
            "99.990000" : 0
          }
        },
        "lat_ns" : {
          "min" : 0,
          "max" : 0,
          "mean" : 0.000000,
          "stddev" : 0.000000
        },
        "bw_min" : 0,
        "bw_max" : 0,
        "bw_agg" : 0.000000,
        "bw_mean" : 0.000000,
        "bw_dev" : 0.000000,
        "bw_samples" : 0,
        "iops_min" : 0,
        "iops_max" : 0,
        "iops_mean" : 0.000000,
        "iops_stddev" : 0.000000,
        "iops_samples" : 0
      },
      "sync" : {
        "lat_ns" : {
          "min" : 28,
          "max" : 1982,
          "mean" : 350.865685,
          "stddev" : 152.781784,
          "percentile" : {
            "1.000000" : 49,
            "5.000000" : 58,
            "10.000000" : 147,
            "20.000000" : 169,
            "30.000000" : 286,
            "40.000000" : 370,
            "50.000000" : 402,
            "60.000000" : 430,
            "70.000000" : 450,
            "80.000000" : 474,
            "90.000000" : 502,
            "95.000000" : 524,
            "99.000000" : 580,
            "99.500000" : 636,
            "99.900000" : 796,
            "99.950000" : 1224,
            "99.990000" : 1976
          }
        },
        "total_ios" : 2241
      },
      "job_runtime" : 30000,
      "usr_cpu" : 6.606667,
      "sys_cpu" : 25.933333,
      "ctx" : 74566,
      "majf" : 0,
      "minf" : 11,
      "iodepth_level" : {
        "1" : 103.123954,
        "2" : 0.000000,
        "4" : 0.000000,
        "8" : 0.000000,
        "16" : 0.000000,
        "32" : 0.000000,
        ">=64" : 0.000000
      },
      "iodepth_submit" : {
        "0" : 0.000000,
        "4" : 100.000000,
        "8" : 0.000000,
        "16" : 0.000000,
        "32" : 0.000000,
        "64" : 0.000000,
        ">=64" : 0.000000
      },
      "iodepth_complete" : {
        "0" : 0.000000,
        "4" : 100.000000,
        "8" : 0.000000,
        "16" : 0.000000,
        "32" : 0.000000,
        "64" : 0.000000,
        ">=64" : 0.000000
      },
      "latency_ns" : {
        "2" : 0.000000,
        "4" : 0.000000,
        "10" : 0.000000,
        "20" : 0.000000,
        "50" : 0.000000,
        "100" : 0.000000,
        "250" : 0.000000,
        "500" : 0.000000,
        "750" : 0.000000,
        "1000" : 0.000000
      },
      "latency_us" : {
        "2" : 0.000000,
        "4" : 0.000000,
        "10" : 0.000000,
        "20" : 0.000000,
        "50" : 0.000000,
        "100" : 0.135218,
        "250" : 19.550853,
        "500" : 80.295807,
        "750" : 0.016728,
        "1000" : 0.000000
      },
      "latency_ms" : {
        "2" : 0.010000,
        "4" : 0.000000,
        "10" : 0.000000,
        "20" : 0.000000,
        "50" : 0.000000,
        "100" : 0.000000,
        "250" : 0.000000,
        "500" : 0.000000,
        "750" : 0.000000,
        "1000" : 0.000000,
        "2000" : 0.000000,
        ">=2000" : 0.000000
      },
      "latency_depth" : 1,
      "latency_target" : 0,
      "latency_percentile" : 100.000000,
      "latency_window" : 0
    }
  ],
  "disk_util" : [
    {
      "name" : "vdb",
      "read_ios" : 0,
      "write_ios" : 2291171,
      "read_merges" : 0,
      "write_merges" : 0,
      "read_ticks" : 0,
      "write_ticks" : 605984,
      "in_queue" : 568596,