{
  "fio version" : "fio-3.13",
  "timestamp" : 1556059457,
  "timestamp_ms" : 1556059457705,
  "time" : "Tue Apr 23 22:44:17 2019",
  "jobs" : [
    {
      "jobname" : "rand-write-128k-qd1",
      "groupid" : 0,
      "error" : 0,
      "eta" : 0,
      "elapsed" : 6,
      "job options" : {
        "bs" : "128k",
        "rw" : "randwrite",
        "direct" : "1",
        "size" : "6G",
        "randrepeat" : "0",
        "ioengine" : "libaio",
        "iodepth" : "1",
        "fsync" : "32",
        "filename" : "/dev/vdb"
      },
      "read" : {
        "io_bytes" : 0,
        "io_kbytes" : 0,
        "bw_bytes" : 0,
        "bw" : 0,
        "iops" : 0.000000,
        "runtime" : 0,
        "total_ios" : 0,
        "short_ios" : 0,
        "drop_ios" : 0,
        "slat_ns" : {
          "min" : 0,
          "max" : 0,
          "mean" : 0.000000,
          "stddev" : 0.000000
        },
        "clat_ns" : {
          "min" : 0,
          "max" : 0,
          "mean" : 0.000000,
          "stddev" : 0.000000,
          "percentile" : {
            "1.000000" : 0,
            "5.000000" : 0,
            "10.000000" : 0,
            "20.000000" : 0,
            "30.000000" : 0,
            "40.000000" : 0,
            "50.000000" : 0,
            "60.000000" : 0,
            "70.000000" : 0,
            "80.000000" : 0,
            "90.000000" : 0,
            "95.000000" : 0,
            "99.000000" : 0,
            "99.500000" : 0,
            "99.900000" : 0,
            "99.950000" : 0,
            "99.990000" : 0
          }
        },
        "lat_ns" : {
          "min" : 0,
          "max" : 0,
          "mean" : 0.000000,
          "stddev" : 0.000000
        },
        "bw_min" : 0,
        "bw_max" : 0,
        "bw_agg" : 0.000000,
        "bw_mean" : 0.000000,
        "bw_dev" : 0.000000,
        "bw_samples" : 0,
        "iops_min" : 0,
        "iops_max" : 0,
        "iops_mean" : 0.000000,
        "iops_stddev" : 0.000000,
        "iops_samples" : 0
      },
      "write" : {
        "io_bytes" : 6442450944,
        "io_kbytes" : 6291456,
        "bw_bytes" : 1203072071,
        "bw" : 1174875,
        "iops" : 9178.711485,
        "runtime" : 5355,
        "total_ios" : 49152,
        "short_ios" : 0,
        "drop_ios" : 0,
        "slat_ns" : {
          "min" : 9982,
          "max" : 375918,
          "mean" : 24027.979431,
          "stddev" : 6758.931912
        },
        "clat_ns" : {
          "min" : 15302,
          "max" : 386266,
          "mean" : 83152.619934,
          "stddev" : 8005.357964,
          "percentile" : {
            "1.000000" : 60672,
            "5.000000" : 66048,
            "10.000000" : 71168,
            "20.000000" : 81408,
            "30.000000" : 82432,
            "40.000000" : 83456,
            "50.000000" : 84480,
            "60.000000" : 85504,
            "70.000000" : 86528,
            "80.000000" : 87552,
            "90.000000" : 88576,
            "95.000000" : 91648,
            "99.000000" : 100864,
            "99.500000" : 108032,
            "99.900000" : 132096,
            "99.950000" : 138240,
            "99.990000" : 193536
          }
        },
        "lat_ns" : {
          "min" : 68392,
          "max" : 454051,
          "mean" : 107286.582764,
          "stddev" : 13368.883248
        },
        "bw_min" : 1123584,
        "bw_max" : 1278208,
        "bw_agg" : 100.000000,
        "bw_mean" : 1178880.000000,
        "bw_dev" : 44165.915224,
        "bw_samples" : 10,
        "iops_min" : 8778,
        "iops_max" : 9986,
        "iops_mean" : 9210.000000,
        "iops_stddev" : 345.046213,
        "iops_samples" : 10
      },
      "trim" : {
        "io_bytes" : 0,
        "io_kbytes" : 0,
        "bw_bytes" : 0,
        "bw" : 0,
        "iops" : 0.000000,
        "runtime" : 0,
        "total_ios" : 0,
        "short_ios" : 0,
        "drop_ios" : 0,
        "slat_ns" : {
          "min" : 0,
          "max" : 0,
          "mean" : 0.000000,
          "stddev" : 0.000000
        },
        "clat_ns" : {
          "min" : 0,
          "max" : 0,
          "mean" : 0.000000,
          "stddev" : 0.000000,
          "percentile" : {
            "1.000000" : 0,
            "5.000000" : 0,
            "10.000000" : 0,
            "20.000000" : 0,
            "30.000000" : 0,
            "40.000000" : 0,
            "50.000000" : 0,
            "60.000000" : 0,
            "70.000000" : 0,
            "80.000000" : 0,
            "90.000000" : 0,
            "95.000000" : 0,
            "99.000000" : 0,
            "99.500000" : 0,
            "99.900000" : 0,
            "99.950000" : 0,
            "99.990000" : 0
          }
        },
        "lat_ns" : {
          "min" : 0,
          "max" : 0,
          "mean" : 0.000000,
          "stddev" : 0.000000
        },
        "bw_min" : 0,
        "bw_max" : 0,
        "bw_agg" : 0.000000,
        "bw_mean" : 0.000000,
        "bw_dev" : 0.000000,
        "bw_samples" : 0,
        "iops_min" : 0,
        "iops_max" : 0,
        "iops_mean" : 0.000000,
        "iops_stddev" : 0.000000,
        "iops_samples" : 0
      },
      "sync" : {
        "lat_ns" : {
          "min" : 21,
          "max" : 689,
          "mean" : 64.391531,
          "stddev" : 56.333125,
          "percentile" : {
            "1.000000" : 25,
            "5.000000" : 30,
            "10.000000" : 32,
            "20.000000" : 32,
            "30.000000" : 33,
            "40.000000" : 35,
            "50.000000" : 39,
            "60.000000" : 42,
            "70.000000" : 49,
            "80.000000" : 92,
            "90.000000" : 159,
            "95.000000" : 179,
            "99.000000" : 233,
            "99.500000" : 282,
            "99.900000" : 498,
            "99.950000" : 692,
            "99.990000" : 692
          }
        },
        "total_ios" : 1535
      },
      "job_runtime" : 5354,
      "usr_cpu" : 13.989541,
      "sys_cpu" : 14.979455,
      "ctx" : 50786,
      "majf" : 0,
      "minf" : 10,
      "iodepth_level" : {
        "1" : 103.122965,
        "2" : 0.000000,
        "4" : 0.000000,
        "8" : 0.000000,
        "16" : 0.000000,
        "32" : 0.000000,
        ">=64" : 0.000000
      },
      "iodepth_submit" : {
        "0" : 0.000000,
        "4" : 100.000000,
        "8" : 0.000000,
        "16" : 0.000000,
        "32" : 0.000000,
        "64" : 0.000000,
        ">=64" : 0.000000
      },
      "iodepth_complete" : {
        "0" : 0.000000,
        "4" : 100.000000,
        "8" : 0.000000,
        "16" : 0.000000,
        "32" : 0.000000,
        "64" : 0.000000,
        ">=64" : 0.000000
      },
      "latency_ns" : {
        "2" : 0.000000,
        "4" : 0.000000,
        "10" : 0.000000,
        "20" : 0.000000,
        "50" : 0.000000,
        "100" : 0.000000,
        "250" : 0.000000,
        "500" : 0.000000,
        "750" : 0.000000,
        "1000" : 0.000000
      },
      "latency_us" : {
        "2" : 0.000000,
        "4" : 0.000000,
        "10" : 0.000000,
        "20" : 0.010000,
        "50" : 0.000000,
        "100" : 98.885091,
        "250" : 1.106771,
        "500" : 0.010000,
        "750" : 0.000000,
        "1000" : 0.000000
      },
      "latency_ms" : {
        "2" : 0.000000,
        "4" : 0.000000,
        "10" : 0.000000,
        "20" : 0.000000,
        "50" : 0.000000,
        "100" : 0.000000,
        "250" : 0.000000,
        "500" : 0.000000,
        "750" : 0.000000,
        "1000" : 0.000000,
        "2000" : 0.000000,
        ">=2000" : 0.000000
      },
      "latency_depth" : 1,
      "latency_target" : 0,
      "latency_percentile" : 100.000000,
      "latency_window" : 0
    }
  ],
  "disk_util" : [
    {
      "name" : "vdb",
      "read_ios" : 0,
      "write_ios" : 190911,
      "read_merges" : 0,
      "write_merges" : 0,
      "read_ticks" : 0,
      "write_ticks" : 14120,
      "in_queue" : 10396,
      "util" : 66.082317
    }
  ]
}
