{
  "fio version" : "fio-3.13",
  "timestamp" : 1581249567,
  "timestamp_ms" : 1581249567542,
  "time" : "Sun Feb  9 11:59:27 2020",
  "jobs" : [
    {
      "jobname" : "rand-write-4k-qd1",
      "groupid" : 0,
      "error" : 0,
      "eta" : 0,
      "elapsed" : 31,
      "job options" : {
        "runtime" : "30",
        "bs" : "4k",
        "rw" : "randwrite",
        "direct" : "1",
        "randrepeat" : "0",
        "ioengine" : "libaio",
        "iodepth" : "1",
        "fsync" : "32",
        "filename" : "/dev/vdb"
      },
      "read" : {
        "io_bytes" : 0,
        "io_kbytes" : 0,
        "bw_bytes" : 0,
        "bw" : 0,
        "iops" : 0.000000,
        "runtime" : 0,
        "total_ios" : 0,
        "short_ios" : 0,
        "drop_ios" : 0,
        "slat_ns" : {
          "min" : 0,
          "max" : 0,
          "mean" : 0.000000,
          "stddev" : 0.000000
        },
        "clat_ns" : {
          "min" : 0,
          "max" : 0,
          "mean" : 0.000000,
          "stddev" : 0.000000,
          "percentile" : {
            "1.000000" : 0,
            "5.000000" : 0,
            "10.000000" : 0,
            "20.000000" : 0,
            "30.000000" : 0,
            "40.000000" : 0,
            "50.000000" : 0,
            "60.000000" : 0,
            "70.000000" : 0,
            "80.000000" : 0,
            "90.000000" : 0,
            "95.000000" : 0,
            "99.000000" : 0,
            "99.500000" : 0,
            "99.900000" : 0,
            "99.950000" : 0,
            "99.990000" : 0
          }
        },
        "lat_ns" : {
          "min" : 0,
          "max" : 0,
          "mean" : 0.000000,
          "stddev" : 0.000000
        },
        "bw_min" : 0,
        "bw_max" : 0,
        "bw_agg" : 0.000000,
        "bw_mean" : 0.000000,
        "bw_dev" : 0.000000,
        "bw_samples" : 0,
        "iops_min" : 0,
        "iops_max" : 0,
        "iops_mean" : 0.000000,
        "iops_stddev" : 0.000000,
        "iops_samples" : 0
      },
      "write" : {
        "io_bytes" : 4121473024,
        "io_kbytes" : 4024876,
        "bw_bytes" : 137377854,
        "bw" : 134158,
        "iops" : 33539.515349,
        "runtime" : 30001,
        "total_ios" : 1006219,
        "short_ios" : 0,
        "drop_ios" : 0,
        "slat_ns" : {
          "min" : 4075,
          "max" : 273282,
          "mean" : 5531.194036,
          "stddev" : 1456.358730
        },
        "clat_ns" : {
          "min" : 533,
          "max" : 13215835,
          "mean" : 22805.801183,
          "stddev" : 20242.747344,
          "percentile" : {
            "1.000000" : 12480,
            "5.000000" : 14016,
            "10.000000" : 15296,
            "20.000000" : 18560,
            "30.000000" : 19584,
            "40.000000" : 20608,
            "50.000000" : 21888,
            "60.000000" : 23424,
            "70.000000" : 24448,
            "80.000000" : 29056,
            "90.000000" : 31360,
            "95.000000" : 32128,
            "99.000000" : 34560,
            "99.500000" : 36096,
            "99.900000" : 40192,
            "99.950000" : 42240,
            "99.990000" : 52992
          }
        },
        "lat_ns" : {
          "min" : 14739,
          "max" : 13221010,
          "mean" : 28406.102667,
          "stddev" : 20548.012662
        },
        "bw_min" : 96768,
        "bw_max" : 187368,
        "bw_agg" : 100.000000,
        "bw_mean" : 134423.050847,
        "bw_dev" : 23400.683283,
        "bw_samples" : 59,
        "iops_min" : 24192,
        "iops_max" : 46842,
        "iops_mean" : 33605.796610,
        "iops_stddev" : 5850.193497,
        "iops_samples" : 59
      },
      "trim" : {
        "io_bytes" : 0,
        "io_kbytes" : 0,
        "bw_bytes" : 0,
        "bw" : 0,
        "iops" : 0.000000,
        "runtime" : 0,
        "total_ios" : 0,
        "short_ios" : 0,
        "drop_ios" : 0,
        "slat_ns" : {
          "min" : 0,
          "max" : 0,
          "mean" : 0.000000,
          "stddev" : 0.000000
        },
        "clat_ns" : {
          "min" : 0,
          "max" : 0,
          "mean" : 0.000000,
          "stddev" : 0.000000,
          "percentile" : {
            "1.000000" : 0,
            "5.000000" : 0,
            "10.000000" : 0,
            "20.000000" : 0,
            "30.000000" : 0,
            "40.000000" : 0,
            "50.000000" : 0,
            "60.000000" : 0,
            "70.000000" : 0,
            "80.000000" : 0,
            "90.000000" : 0,
            "95.000000" : 0,
            "99.000000" : 0,
            "99.500000" : 0,
            "99.900000" : 0,
            "99.950000" : 0,
            "99.990000" : 0
          }
        },
        "lat_ns" : {
          "min" : 0,
          "max" : 0,
          "mean" : 0.000000,
          "stddev" : 0.000000
        },
        "bw_min" : 0,
        "bw_max" : 0,
        "bw_agg" : 0.000000,
        "bw_mean" : 0.000000,
        "bw_dev" : 0.000000,
        "bw_samples" : 0,
        "iops_min" : 0,
        "iops_max" : 0,
        "iops_mean" : 0.000000,
        "iops_stddev" : 0.000000,
        "iops_samples" : 0
      },
      "sync" : {
        "lat_ns" : {
          "min" : 22,
          "max" : 6555,
          "mean" : 51.990332,
          "stddev" : 42.087137,
          "percentile" : {
            "1.000000" : 25,
            "5.000000" : 34,
            "10.000000" : 36,
            "20.000000" : 42,
            "30.000000" : 44,
            "40.000000" : 45,
            "50.000000" : 48,
            "60.000000" : 52,
            "70.000000" : 56,
            "80.000000" : 57,
            "90.000000" : 63,
            "95.000000" : 83,
            "99.000000" : 129,
            "99.500000" : 159,
            "99.900000" : 241,
            "99.950000" : 338,
            "99.990000" : 644
          }
        },
        "total_ios" : 31444
      },
      "job_runtime" : 30000,
      "usr_cpu" : 6.576667,
      "sys_cpu" : 39.230000,
      "ctx" : 1037683,
      "majf" : 5,
      "minf" : 14,
      "iodepth_level" : {
        "1" : 103.124966,
        "2" : 0.000000,
        "4" : 0.000000,
        "8" : 0.000000,
        "16" : 0.000000,
        "32" : 0.000000,
        ">=64" : 0.000000
      },
      "iodepth_submit" : {
        "0" : 0.000000,
        "4" : 100.000000,
        "8" : 0.000000,
        "16" : 0.000000,
        "32" : 0.000000,
        "64" : 0.000000,
        ">=64" : 0.000000
      },
      "iodepth_complete" : {
        "0" : 0.000000,
        "4" : 100.000000,
        "8" : 0.000000,
        "16" : 0.000000,
        "32" : 0.000000,
        "64" : 0.000000,
        ">=64" : 0.000000
      },
      "latency_ns" : {
        "2" : 0.000000,
        "4" : 0.000000,
        "10" : 0.000000,
        "20" : 0.000000,
        "50" : 0.000000,
        "100" : 0.000000,
        "250" : 0.000000,
        "500" : 0.000000,
        "750" : 0.010000,
        "1000" : 0.010000
      },
      "latency_us" : {
        "2" : 0.010000,
        "4" : 0.010000,
        "10" : 0.010000,
        "20" : 32.964295,
        "50" : 67.010959,
        "100" : 0.011826,
        "250" : 0.010000,
        "500" : 0.010000,
        "750" : 0.010000,
        "1000" : 0.000000
      },
      "latency_ms" : {
        "2" : 0.000000,
        "4" : 0.000000,
        "10" : 0.010000,
        "20" : 0.010000,
        "50" : 0.000000,
        "100" : 0.000000,
        "250" : 0.000000,
        "500" : 0.000000,
        "750" : 0.000000,
        "1000" : 0.000000,
        "2000" : 0.000000,
        ">=2000" : 0.000000
      },
      "latency_depth" : 1,
      "latency_target" : 0,
      "latency_percentile" : 100.000000,
      "latency_window" : 0
    }
  ],
  "disk_util" : [
    {
      "name" : "vdb",
      "read_ios" : 0,
      "write_ios" : 1034035,
      "read_merges" : 0,
      "write_merges" : 0,
      "read_ticks" : 0,
      "write_ticks" : 19400,
      "in_queue" : 0,
      "util" : 0.000000
    }
  ]
}
