{
  "fio version" : "fio-3.13",
  "timestamp" : 1580905128,
  "timestamp_ms" : 1580905128786,
  "time" : "Wed Feb  5 12:18:48 2020",
  "jobs" : [
    {
      "jobname" : "rand-write-128k-qd1",
      "groupid" : 0,
      "error" : 0,
      "eta" : 0,
      "elapsed" : 31,
      "job options" : {
        "runtime" : "30",
        "bs" : "128k",
        "rw" : "randwrite",
        "direct" : "1",
        "randrepeat" : "0",
        "ioengine" : "libaio",
        "iodepth" : "1",
        "fsync" : "32",
        "filename" : "/dev/vdb"
      },
      "read" : {
        "io_bytes" : 0,
        "io_kbytes" : 0,
        "bw_bytes" : 0,
        "bw" : 0,
        "iops" : 0.000000,
        "runtime" : 0,
        "total_ios" : 0,
        "short_ios" : 0,
        "drop_ios" : 0,
        "slat_ns" : {
          "min" : 0,
          "max" : 0,
          "mean" : 0.000000,
          "stddev" : 0.000000
        },
        "clat_ns" : {
          "min" : 0,
          "max" : 0,
          "mean" : 0.000000,
          "stddev" : 0.000000,
          "percentile" : {
            "1.000000" : 0,
            "5.000000" : 0,
            "10.000000" : 0,
            "20.000000" : 0,
            "30.000000" : 0,
            "40.000000" : 0,
            "50.000000" : 0,
            "60.000000" : 0,
            "70.000000" : 0,
            "80.000000" : 0,
            "90.000000" : 0,
            "95.000000" : 0,
            "99.000000" : 0,
            "99.500000" : 0,
            "99.900000" : 0,
            "99.950000" : 0,
            "99.990000" : 0
          }
        },
        "lat_ns" : {
          "min" : 0,
          "max" : 0,
          "mean" : 0.000000,
          "stddev" : 0.000000
        },
        "bw_min" : 0,
        "bw_max" : 0,
        "bw_agg" : 0.000000,
        "bw_mean" : 0.000000,
        "bw_dev" : 0.000000,
        "bw_samples" : 0,
        "iops_min" : 0,
        "iops_max" : 0,
        "iops_mean" : 0.000000,
        "iops_stddev" : 0.000000,
        "iops_samples" : 0
      },
      "write" : {
        "io_bytes" : 10360586240,
        "io_kbytes" : 10117760,
        "bw_bytes" : 345341363,
        "bw" : 337247,
        "iops" : 2634.745508,
        "runtime" : 30001,
        "total_ios" : 79045,
        "short_ios" : 0,
        "drop_ios" : 0,
        "slat_ns" : {
          "min" : 14963,
          "max" : 882003,
          "mean" : 33029.174318,
          "stddev" : 9063.120443
        },
        "clat_ns" : {
          "min" : 3566,
          "max" : 5499226,
          "mean" : 213006.579316,
          "stddev" : 26493.862290,
          "percentile" : {
            "1.000000" : 171008,
            "5.000000" : 187392,
            "10.000000" : 189440,
            "20.000000" : 193536,
            "30.000000" : 199680,
            "40.000000" : 205824,
            "50.000000" : 214016,
            "60.000000" : 222208,
            "70.000000" : 226304,
            "80.000000" : 230400,
            "90.000000" : 234496,
            "95.000000" : 238592,
            "99.000000" : 248832,
            "99.500000" : 254976,
            "99.900000" : 268288,
            "99.950000" : 276480,
            "99.990000" : 321536
          }
        },
        "lat_ns" : {
          "min" : 172788,
          "max" : 5528684,
          "mean" : 247135.998722,
          "stddev" : 28433.079098
        },
        "bw_min" : 320768,
        "bw_max" : 357632,
        "bw_agg" : 99.997079,
        "bw_mean" : 337237.150000,
        "bw_dev" : 13792.657800,
        "bw_samples" : 60,
        "iops_min" : 2506,
        "iops_max" : 2794,
        "iops_mean" : 2634.633333,
        "iops_stddev" : 107.789809,
        "iops_samples" : 60
      },
      "trim" : {
        "io_bytes" : 0,
        "io_kbytes" : 0,
        "bw_bytes" : 0,
        "bw" : 0,
        "iops" : 0.000000,
        "runtime" : 0,
        "total_ios" : 0,
        "short_ios" : 0,
        "drop_ios" : 0,
        "slat_ns" : {
          "min" : 0,
          "max" : 0,
          "mean" : 0.000000,
          "stddev" : 0.000000
        },
        "clat_ns" : {
          "min" : 0,
          "max" : 0,
          "mean" : 0.000000,
          "stddev" : 0.000000,
          "percentile" : {
            "1.000000" : 0,
            "5.000000" : 0,
            "10.000000" : 0,
            "20.000000" : 0,
            "30.000000" : 0,
            "40.000000" : 0,
            "50.000000" : 0,
            "60.000000" : 0,
            "70.000000" : 0,
            "80.000000" : 0,
            "90.000000" : 0,
            "95.000000" : 0,
            "99.000000" : 0,
            "99.500000" : 0,
            "99.900000" : 0,
            "99.950000" : 0,
            "99.990000" : 0
          }
        },
        "lat_ns" : {
          "min" : 0,
          "max" : 0,
          "mean" : 0.000000,
          "stddev" : 0.000000
        },
        "bw_min" : 0,
        "bw_max" : 0,
        "bw_agg" : 0.000000,
        "bw_mean" : 0.000000,
        "bw_dev" : 0.000000,
        "bw_samples" : 0,
        "iops_min" : 0,
        "iops_max" : 0,
        "iops_mean" : 0.000000,
        "iops_stddev" : 0.000000,
        "iops_samples" : 0
      },
      "sync" : {
        "lat_ns" : {
          "min" : 786,
          "max" : 15285,
          "mean" : 1248.547368,
          "stddev" : 407.374088,
          "percentile" : {
            "1.000000" : 932,
            "5.000000" : 1032,
            "10.000000" : 1112,
            "20.000000" : 1160,
            "30.000000" : 1192,
            "40.000000" : 1208,
            "50.000000" : 1224,
            "60.000000" : 1240,
            "70.000000" : 1288,
            "80.000000" : 1352,
            "90.000000" : 1384,
            "95.000000" : 1416,
            "99.000000" : 1496,
            "99.500000" : 1560,
            "99.900000" : 10176,
            "99.950000" : 11200,
            "99.990000" : 15296
          }
        },
        "total_ios" : 2470
      },
      "job_runtime" : 30000,
      "usr_cpu" : 6.376667,
      "sys_cpu" : 6.773333,
      "ctx" : 82242,
      "majf" : 0,
      "minf" : 12,
      "iodepth_level" : {
        "1" : 103.124802,
        "2" : 0.000000,
        "4" : 0.000000,
        "8" : 0.000000,
        "16" : 0.000000,
        "32" : 0.000000,
        ">=64" : 0.000000
      },
      "iodepth_submit" : {
        "0" : 0.000000,
        "4" : 100.000000,
        "8" : 0.000000,
        "16" : 0.000000,
        "32" : 0.000000,
        "64" : 0.000000,
        ">=64" : 0.000000
      },
      "iodepth_complete" : {
        "0" : 0.000000,
        "4" : 100.000000,
        "8" : 0.000000,
        "16" : 0.000000,
        "32" : 0.000000,
        "64" : 0.000000,
        ">=64" : 0.000000
      },
      "latency_ns" : {
        "2" : 0.000000,
        "4" : 0.000000,
        "10" : 0.000000,
        "20" : 0.000000,
        "50" : 0.000000,
        "100" : 0.000000,
        "250" : 0.000000,
        "500" : 0.000000,
        "750" : 0.000000,
        "1000" : 0.000000
      },
      "latency_us" : {
        "2" : 0.000000,
        "4" : 0.010000,
        "10" : 0.000000,
        "20" : 0.000000,
        "50" : 0.000000,
        "100" : 0.000000,
        "250" : 99.087861,
        "500" : 0.907078,
        "750" : 0.000000,
        "1000" : 0.010000
      },
      "latency_ms" : {
        "2" : 0.010000,
        "4" : 0.000000,
        "10" : 0.010000,
        "20" : 0.000000,
        "50" : 0.000000,
        "100" : 0.000000,
        "250" : 0.000000,
        "500" : 0.000000,
        "750" : 0.000000,
        "1000" : 0.000000,
        "2000" : 0.000000,
        ">=2000" : 0.000000
      },
      "latency_depth" : 1,
      "latency_target" : 0,
      "latency_percentile" : 100.000000,
      "latency_window" : 0
    }
  ],
  "disk_util" : [
    {
      "name" : "vdb",
      "read_ios" : 0,
      "write_ios" : 81225,
      "read_merges" : 0,
      "write_merges" : 0,
      "read_ticks" : 0,
      "write_ticks" : 26716,
      "in_queue" : 16,