{
  "fio version" : "fio-3.13",
  "timestamp" : 1580904711,
  "timestamp_ms" : 1580904711144,
  "time" : "Wed Feb  5 12:11:51 2020",
  "jobs" : [
    {
      "jobname" : "rand-write-4k-qd1",
      "groupid" : 0,
      "error" : 0,
      "eta" : 0,
      "elapsed" : 31,
      "job options" : {
        "runtime" : "30",
        "bs" : "4k",
        "rw" : "randwrite",
        "direct" : "1",
        "randrepeat" : "0",
        "ioengine" : "libaio",
        "iodepth" : "1",
        "fsync" : "32",
        "filename" : "/dev/vdb"
      },
      "read" : {
        "io_bytes" : 0,
        "io_kbytes" : 0,
        "bw_bytes" : 0,
        "bw" : 0,
        "iops" : 0.000000,
        "runtime" : 0,
        "total_ios" : 0,
        "short_ios" : 0,
        "drop_ios" : 0,
        "slat_ns" : {
          "min" : 0,
          "max" : 0,
          "mean" : 0.000000,
          "stddev" : 0.000000
        },
        "clat_ns" : {
          "min" : 0,
          "max" : 0,
          "mean" : 0.000000,
          "stddev" : 0.000000,
          "percentile" : {
            "1.000000" : 0,
            "5.000000" : 0,
            "10.000000" : 0,
            "20.000000" : 0,
            "30.000000" : 0,
            "40.000000" : 0,
            "50.000000" : 0,
            "60.000000" : 0,
            "70.000000" : 0,
            "80.000000" : 0,
            "90.000000" : 0,
            "95.000000" : 0,
            "99.000000" : 0,
            "99.500000" : 0,
            "99.900000" : 0,
            "99.950000" : 0,
            "99.990000" : 0
          }
        },
        "lat_ns" : {
          "min" : 0,
          "max" : 0,
          "mean" : 0.000000,
          "stddev" : 0.000000
        },
        "bw_min" : 0,
        "bw_max" : 0,
        "bw_agg" : 0.000000,
        "bw_mean" : 0.000000,
        "bw_dev" : 0.000000,
        "bw_samples" : 0,
        "iops_min" : 0,
        "iops_max" : 0,
        "iops_mean" : 0.000000,
        "iops_stddev" : 0.000000,
        "iops_samples" : 0
      },
      "write" : {
        "io_bytes" : 2180157440,
        "io_kbytes" : 2129060,
        "bw_bytes" : 72671914,
        "bw" : 70968,
        "iops" : 17742.166667,
        "runtime" : 30000,
        "total_ios" : 532265,
        "short_ios" : 0,
        "drop_ios" : 0,
        "slat_ns" : {
          "min" : 6252,
          "max" : 219319,
          "mean" : 10838.693942,
          "stddev" : 2566.553801
        },
        "clat_ns" : {
          "min" : 710,
          "max" : 594284,
          "mean" : 43063.692629,
          "stddev" : 4539.590185,
          "percentile" : {
            "1.000000" : 33024,
            "5.000000" : 35072,
            "10.000000" : 37120,
            "20.000000" : 39680,
            "30.000000" : 41216,
            "40.000000" : 42752,
            "50.000000" : 43776,
            "60.000000" : 44800,
            "70.000000" : 45312,
            "80.000000" : 45824,
            "90.000000" : 46848,
            "95.000000" : 48384,
            "99.000000" : 53504,
            "99.500000" : 56576,
            "99.900000" : 65280,
            "99.950000" : 71168,
            "99.990000" : 104960
          }
        },
        "lat_ns" : {
          "min" : 36646,
          "max" : 607472,
          "mean" : 54042.124286,
          "stddev" : 5976.906364
        },
        "bw_min" : 65572,
        "bw_max" : 82504,
        "bw_agg" : 99.949082,
        "bw_mean" : 70931.864407,
        "bw_dev" : 3454.126430,
        "bw_samples" : 59,
        "iops_min" : 16393,
        "iops_max" : 20626,
        "iops_mean" : 17732.983051,
        "iops_stddev" : 863.581506,
        "iops_samples" : 59
      },
      "trim" : {
        "io_bytes" : 0,
        "io_kbytes" : 0,
        "bw_bytes" : 0,
        "bw" : 0,
        "iops" : 0.000000,
        "runtime" : 0,
        "total_ios" : 0,
        "short_ios" : 0,
        "drop_ios" : 0,
        "slat_ns" : {
          "min" : 0,
          "max" : 0,
          "mean" : 0.000000,
          "stddev" : 0.000000
        },
        "clat_ns" : {
          "min" : 0,
          "max" : 0,
          "mean" : 0.000000,
          "stddev" : 0.000000,
          "percentile" : {
            "1.000000" : 0,
            "5.000000" : 0,
            "10.000000" : 0,
            "20.000000" : 0,
            "30.000000" : 0,
            "40.000000" : 0,
            "50.000000" : 0,
            "60.000000" : 0,
            "70.000000" : 0,
            "80.000000" : 0,
            "90.000000" : 0,
            "95.000000" : 0,
            "99.000000" : 0,
            "99.500000" : 0,
            "99.900000" : 0,
            "99.950000" : 0,
            "99.990000" : 0
          }
        },
        "lat_ns" : {
          "min" : 0,
          "max" : 0,
          "mean" : 0.000000,
          "stddev" : 0.000000
        },
        "bw_min" : 0,
        "bw_max" : 0,
        "bw_agg" : 0.000000,
        "bw_mean" : 0.000000,
        "bw_dev" : 0.000000,
        "bw_samples" : 0,
        "iops_min" : 0,
        "iops_max" : 0,
        "iops_mean" : 0.000000,
        "iops_stddev" : 0.000000,
        "iops_samples" : 0
      },
      "sync" : {
        "lat_ns" : {
          "min" : 50,
          "max" : 10167,
          "mean" : 115.253352,
          "stddev" : 98.541516,
          "percentile" : {
            "1.000000" : 62,
            "5.000000" : 66,
            "10.000000" : 67,
            "20.000000" : 74,
            "30.000000" : 78,
            "40.000000" : 84,
            "50.000000" : 112,
            "60.000000" : 118,
            "70.000000" : 121,
            "80.000000" : 157,
            "90.000000" : 181,
            "95.000000" : 195,
            "99.000000" : 270,
            "99.500000" : 314,
            "99.900000" : 604,
            "99.950000" : 812,
            "99.990000" : 4016
          }
        },
        "total_ios" : 16633
      },
      "job_runtime" : 30000,
      "usr_cpu" : 5.186667,
      "sys_cpu" : 32.963333,
      "ctx" : 549600,
      "majf" : 4,
      "minf" : 15,
      "iodepth_level" : {
        "1" : 103.124947,
        "2" : 0.000000,
        "4" : 0.000000,
        "8" : 0.000000,
        "16" : 0.000000,
        "32" : 0.000000,
        ">=64" : 0.000000
      },
      "iodepth_submit" : {
        "0" : 0.000000,
        "4" : 100.000000,
        "8" : 0.000000,
        "16" : 0.000000,
        "32" : 0.000000,
        "64" : 0.000000,
        ">=64" : 0.000000
      },
      "iodepth_complete" : {
        "0" : 0.000000,
        "4" : 100.000000,
        "8" : 0.000000,
        "16" : 0.000000,
        "32" : 0.000000,
        "64" : 0.000000,
        ">=64" : 0.000000
      },
      "latency_ns" : {
        "2" : 0.000000,
        "4" : 0.000000,
        "10" : 0.000000,
        "20" : 0.000000,
        "50" : 0.000000,
        "100" : 0.000000,
        "250" : 0.000000,
        "500" : 0.000000,
        "750" : 0.010000,
        "1000" : 0.010000
      },
      "latency_us" : {
        "2" : 0.010000,
        "4" : 0.010000,
        "10" : 0.010000,
        "20" : 0.010000,
        "50" : 97.400167,
        "100" : 2.579730,
        "250" : 0.010000,
        "500" : 0.010000,
        "750" : 0.010000,
        "1000" : 0.000000
      },
      "latency_ms" : {
        "2" : 0.000000,
        "4" : 0.000000,
        "10" : 0.000000,
        "20" : 0.000000,
        "50" : 0.000000,
        "100" : 0.000000,
        "250" : 0.000000,
        "500" : 0.000000,
        "750" : 0.000000,
        "1000" : 0.000000,
        "2000" : 0.000000,
        ">=2000" : 0.000000
      },
      "latency_depth" : 1,
      "latency_target" : 0,
      "latency_percentile" : 100.000000,
      "latency_window" : 0
    }
  ],
  "disk_util" : [
    {
      "name" : "vdb",
      "read_ios" : 0,
      "write_ios" : 546398,
      "read_merges" : 0,
      "write_merges" : 0,
      "read_ticks" : 0,
      "write_ticks" : 17120,
      "in_queue" : 0,
      "util" : 0.000000
    }
  ]
}
