{
  "fio version" : "fio-3.13",
  "timestamp" : 1555950622,
  "timestamp_ms" : 1555950622783,
  "time" : "Mon Apr 22 16:30:22 2019",
  "jobs" : [
    {
      "jobname" : "rand-write-128k",
      "groupid" : 0,
      "error" : 0,
      "eta" : 0,
      "elapsed" : 15,
      "job options" : {
        "bs" : "128k",
        "rw" : "randwrite",
        "direct" : "1",
        "size" : "32G",
        "randrepeat" : "0",
        "ioengine" : "libaio",
        "iodepth" : "32",
        "fsync" : "32",
        "filename" : "/dev/vdb"
      },
      "read" : {
        "io_bytes" : 0,
        "io_kbytes" : 0,
        "bw_bytes" : 0,
        "bw" : 0,
        "iops" : 0.000000,
        "runtime" : 0,
        "total_ios" : 0,
        "short_ios" : 0,
        "drop_ios" : 0,
        "slat_ns" : {
          "min" : 0,
          "max" : 0,
          "mean" : 0.000000,
          "stddev" : 0.000000
        },
        "clat_ns" : {
          "min" : 0,
          "max" : 0,
          "mean" : 0.000000,
          "stddev" : 0.000000,
          "percentile" : {
            "1.000000" : 0,
            "5.000000" : 0,
            "10.000000" : 0,
            "20.000000" : 0,
            "30.000000" : 0,
            "40.000000" : 0,
            "50.000000" : 0,
            "60.000000" : 0,
            "70.000000" : 0,
            "80.000000" : 0,
            "90.000000" : 0,
            "95.000000" : 0,
            "99.000000" : 0,
            "99.500000" : 0,
            "99.900000" : 0,
            "99.950000" : 0,
            "99.990000" : 0
          }
        },
        "lat_ns" : {
          "min" : 0,
          "max" : 0,
          "mean" : 0.000000,
          "stddev" : 0.000000
        },
        "bw_min" : 0,
        "bw_max" : 0,
        "bw_agg" : 0.000000,
        "bw_mean" : 0.000000,
        "bw_dev" : 0.000000,
        "bw_samples" : 0,
        "iops_min" : 0,
        "iops_max" : 0,
        "iops_mean" : 0.000000,
        "iops_stddev" : 0.000000,
        "iops_samples" : 0
      },
      "write" : {
        "io_bytes" : 34359738368,
        "io_kbytes" : 33554432,
        "bw_bytes" : 2346015182,
        "bw" : 2291030,
        "iops" : 17898.675406,
        "runtime" : 14646,
        "total_ios" : 262144,
        "short_ios" : 0,
        "drop_ios" : 0,
        "slat_ns" : {
          "min" : 8555,
          "max" : 553564,
          "mean" : 28896.573589,
          "stddev" : 7655.424601
        },
        "clat_ns" : {
          "min" : 391716,
          "max" : 3631239,
          "mean" : 1733202.774517,
          "stddev" : 212339.589723,
          "percentile" : {
            "1.000000" : 970752,
            "5.000000" : 1384448,
            "10.000000" : 1433600,
            "20.000000" : 1662976,
            "30.000000" : 1695744,
            "40.000000" : 1728512,
            "50.000000" : 1761280,
            "60.000000" : 1777664,
            "70.000000" : 1810432,
            "80.000000" : 1875968,
            "90.000000" : 1957888,
            "95.000000" : 1990656,
            "99.000000" : 2088960,
            "99.500000" : 2244608,
            "99.900000" : 2473984,
            "99.950000" : 2768896,
            "99.990000" : 3358720
          }
        },
        "lat_ns" : {
          "min" : 407034,
          "max" : 3652599,
          "mean" : 1762272.518051,
          "stddev" : 212564.296821
        },
        "bw_min" : 2046976,
        "bw_max" : 2557184,
        "bw_agg" : 100.000000,
        "bw_mean" : 2292474.310345,
        "bw_dev" : 113699.316050,
        "bw_samples" : 29,
        "iops_min" : 15992,
        "iops_max" : 19978,
        "iops_mean" : 17909.931034,
        "iops_stddev" : 888.255028,
        "iops_samples" : 29
      },
      "trim" : {
        "io_bytes" : 0,
        "io_kbytes" : 0,
        "bw_bytes" : 0,
        "bw" : 0,
        "iops" : 0.000000,
        "runtime" : 0,
        "total_ios" : 0,
        "short_ios" : 0,
        "drop_ios" : 0,
        "slat_ns" : {
          "min" : 0,
          "max" : 0,
          "mean" : 0.000000,
          "stddev" : 0.000000
        },
        "clat_ns" : {
          "min" : 0,
          "max" : 0,
          "mean" : 0.000000,
          "stddev" : 0.000000,
          "percentile" : {
            "1.000000" : 0,
            "5.000000" : 0,
            "10.000000" : 0,
            "20.000000" : 0,
            "30.000000" : 0,
            "40.000000" : 0,
            "50.000000" : 0,
            "60.000000" : 0,
            "70.000000" : 0,
            "80.000000" : 0,
            "90.000000" : 0,
            "95.000000" : 0,
            "99.000000" : 0,
            "99.500000" : 0,
            "99.900000" : 0,
            "99.950000" : 0,
            "99.990000" : 0
          }
        },
        "lat_ns" : {
          "min" : 0,
          "max" : 0,
          "mean" : 0.000000,
          "stddev" : 0.000000
        },
        "bw_min" : 0,
        "bw_max" : 0,
        "bw_agg" : 0.000000,
        "bw_mean" : 0.000000,
        "bw_dev" : 0.000000,
        "bw_samples" : 0,
        "iops_min" : 0,
        "iops_max" : 0,
        "iops_mean" : 0.000000,
        "iops_stddev" : 0.000000,
        "iops_samples" : 0
      },
      "sync" : {
        "lat_ns" : {
          "min" : 132,
          "max" : 37549,
          "mean" : 589.858137,
          "stddev" : 546.843047,
          "percentile" : {
            "1.000000" : 306,
            "5.000000" : 466,
            "10.000000" : 486,
            "20.000000" : 502,
            "30.000000" : 516,
            "40.000000" : 540,
            "50.000000" : 572,
            "60.000000" : 596,
            "70.000000" : 612,
            "80.000000" : 644,
            "90.000000" : 692,
            "95.000000" : 748,
            "99.000000" : 844,
            "99.500000" : 908,
            "99.900000" : 2352,
            "99.950000" : 11456,
            "99.990000" : 37632
          }
        },
        "total_ios" : 8191
      },
      "job_runtime" : 14645,
      "usr_cpu" : 24.827586,
      "sys_cpu" : 33.881871,
      "ctx" : 8286,
      "majf" : 0,
      "minf" : 12,
      "iodepth_level" : {
        "1" : 0.100000,
        "2" : 0.100000,
        "4" : 0.100000,
        "8" : 0.100000,
        "16" : 0.100000,
        "32" : 103.112793,
        ">=64" : 0.000000
      },
      "iodepth_submit" : {
        "0" : 0.000000,
        "4" : 100.000000,
        "8" : 0.000000,
        "16" : 0.000000,
        "32" : 0.000000,
        "64" : 0.000000,
        ">=64" : 0.000000
      },
      "iodepth_complete" : {
        "0" : 0.000000,
        "4" : 99.999618,
        "8" : 0.000000,
        "16" : 0.000000,
        "32" : 0.100000,
        "64" : 0.000000,
        ">=64" : 0.000000
      },
      "latency_ns" : {
        "2" : 0.000000,
        "4" : 0.000000,
        "10" : 0.000000,
        "20" : 0.000000,
        "50" : 0.000000,
        "100" : 0.000000,
        "250" : 0.000000,
        "500" : 0.000000,
        "750" : 0.000000,
        "1000" : 0.000000
      },
      "latency_us" : {
        "2" : 0.000000,
        "4" : 0.000000,
        "10" : 0.000000,
        "20" : 0.000000,
        "50" : 0.000000,
        "100" : 0.000000,
        "250" : 0.000000,
        "500" : 0.010000,
        "750" : 0.255203,
        "1000" : 1.693344
      },
      "latency_ms" : {
        "2" : 93.349457,
        "4" : 4.693604,
        "10" : 0.000000,
        "20" : 0.000000,
        "50" : 0.000000,
        "100" : 0.000000,
        "250" : 0.000000,
        "500" : 0.000000,
        "750" : 0.000000,
        "1000" : 0.000000,
        "2000" : 0.000000,
        ">=2000" : 0.000000
      },
      "latency_depth" : 32,
      "latency_target" : 0,
      "latency_percentile" : 100.000000,
      "latency_window" : 0
    }
  ],
  "disk_util" : [
    {
      "name" : "vdb",
      "read_ios" : 0,
      "write_ios" : 303045,
      "read_merges" : 0,
      "write_merges" : 0,
      "read_ticks" : 0,
      "write_ticks" : 174924,