{
  "fio version" : "fio-3.13",
  "timestamp" : 1581249036,
  "timestamp_ms" : 1581249036285,
  "time" : "Sun Feb  9 11:50:36 2020",
  "jobs" : [
    {
      "jobname" : "rand-write-128k-qd1",
      "groupid" : 0,
      "error" : 0,
      "eta" : 0,
      "elapsed" : 31,
      "job options" : {
        "runtime" : "30",
        "bs" : "128k",
        "rw" : "randwrite",
        "direct" : "1",
        "randrepeat" : "0",
        "ioengine" : "libaio",
        "iodepth" : "1",
        "fsync" : "32",
        "filename" : "/dev/vdb"
      },
      "read" : {
        "io_bytes" : 0,
        "io_kbytes" : 0,
        "bw_bytes" : 0,
        "bw" : 0,
        "iops" : 0.000000,
        "runtime" : 0,
        "total_ios" : 0,
        "short_ios" : 0,
        "drop_ios" : 0,
        "slat_ns" : {
          "min" : 0,
          "max" : 0,
          "mean" : 0.000000,
          "stddev" : 0.000000
        },
        "clat_ns" : {
          "min" : 0,
          "max" : 0,
          "mean" : 0.000000,
          "stddev" : 0.000000,
          "percentile" : {
            "1.000000" : 0,
            "5.000000" : 0,
            "10.000000" : 0,
            "20.000000" : 0,
            "30.000000" : 0,
            "40.000000" : 0,
            "50.000000" : 0,
            "60.000000" : 0,
            "70.000000" : 0,
            "80.000000" : 0,
            "90.000000" : 0,
            "95.000000" : 0,
            "99.000000" : 0,
            "99.500000" : 0,
            "99.900000" : 0,
            "99.950000" : 0,
            "99.990000" : 0
          }
        },
        "lat_ns" : {
          "min" : 0,
          "max" : 0,
          "mean" : 0.000000,
          "stddev" : 0.000000
        },
        "bw_min" : 0,
        "bw_max" : 0,
        "bw_agg" : 0.000000,
        "bw_mean" : 0.000000,
        "bw_dev" : 0.000000,
        "bw_samples" : 0,
        "iops_min" : 0,
        "iops_max" : 0,
        "iops_mean" : 0.000000,
        "iops_stddev" : 0.000000,
        "iops_samples" : 0
      },
      "write" : {
        "io_bytes" : 8233943040,
        "io_kbytes" : 8040960,
        "bw_bytes" : 274455619,
        "bw" : 268023,
        "iops" : 2093.930202,
        "runtime" : 30001,
        "total_ios" : 62820,
        "short_ios" : 0,
        "drop_ios" : 0,
        "slat_ns" : {
          "min" : 33186,
          "max" : 282694,
          "mean" : 130442.770996,
          "stddev" : 22192.576905
        },
        "clat_ns" : {
          "min" : 102766,
          "max" : 4531699,
          "mean" : 339870.121379,
          "stddev" : 43447.142295,
          "percentile" : {
            "1.000000" : 142336,
            "5.000000" : 276480,
            "10.000000" : 296960,
            "20.000000" : 333824,
            "30.000000" : 346112,
            "40.000000" : 350208,
            "50.000000" : 350208,
            "60.000000" : 354304,
            "70.000000" : 354304,
            "80.000000" : 358400,
            "90.000000" : 362496,
            "95.000000" : 370688,
            "99.000000" : 399360,
            "99.500000" : 415744,
            "99.900000" : 444416,
            "99.950000" : 460800,
            "99.990000" : 651264
          }
        },
        "lat_ns" : {
          "min" : 138363,
          "max" : 4684469,
          "mean" : 470735.519994,
          "stddev" : 58154.746953
        },
        "bw_min" : 253184,
        "bw_max" : 402432,
        "bw_agg" : 99.995137,
        "bw_mean" : 268009.966667,
        "bw_dev" : 21683.231447,
        "bw_samples" : 60,
        "iops_min" : 1978,
        "iops_max" : 3144,
        "iops_mean" : 2093.800000,
        "iops_stddev" : 169.402319,
        "iops_samples" : 60
      },
      "trim" : {
        "io_bytes" : 0,
        "io_kbytes" : 0,
        "bw_bytes" : 0,
        "bw" : 0,
        "iops" : 0.000000,
        "runtime" : 0,
        "total_ios" : 0,
        "short_ios" : 0,
        "drop_ios" : 0,
        "slat_ns" : {
          "min" : 0,
          "max" : 0,
          "mean" : 0.000000,
          "stddev" : 0.000000
        },
        "clat_ns" : {
          "min" : 0,
          "max" : 0,
          "mean" : 0.000000,
          "stddev" : 0.000000,
          "percentile" : {
            "1.000000" : 0,
            "5.000000" : 0,
            "10.000000" : 0,
            "20.000000" : 0,
            "30.000000" : 0,
            "40.000000" : 0,
            "50.000000" : 0,
            "60.000000" : 0,
            "70.000000" : 0,
            "80.000000" : 0,
            "90.000000" : 0,
            "95.000000" : 0,
            "99.000000" : 0,
            "99.500000" : 0,
            "99.900000" : 0,
            "99.950000" : 0,
            "99.990000" : 0
          }
        },
        "lat_ns" : {
          "min" : 0,
          "max" : 0,
          "mean" : 0.000000,
          "stddev" : 0.000000
        },
        "bw_min" : 0,
        "bw_max" : 0,
        "bw_agg" : 0.000000,
        "bw_mean" : 0.000000,
        "bw_dev" : 0.000000,
        "bw_samples" : 0,
        "iops_min" : 0,
        "iops_max" : 0,
        "iops_mean" : 0.000000,
        "iops_stddev" : 0.000000,
        "iops_samples" : 0
      },
      "sync" : {
        "lat_ns" : {
          "min" : 69,
          "max" : 1414,
          "mean" : 415.859908,
          "stddev" : 75.207997,
          "percentile" : {
            "1.000000" : 163,
            "5.000000" : 270,
            "10.000000" : 282,
            "20.000000" : 426,
            "30.000000" : 430,
            "40.000000" : 434,
            "50.000000" : 434,
            "60.000000" : 434,
            "70.000000" : 438,
            "80.000000" : 442,
            "90.000000" : 450,
            "95.000000" : 462,
            "99.000000" : 540,
            "99.500000" : 580,
            "99.900000" : 972,
            "99.950000" : 1416,
            "99.990000" : 1416
          }
        },
        "total_ios" : 1963
      },
      "job_runtime" : 30000,
      "usr_cpu" : 6.900000,
      "sys_cpu" : 28.373333,
      "ctx" : 65642,
      "majf" : 0,
      "minf" : 11,
      "iodepth_level" : {
        "1" : 103.124801,
        "2" : 0.000000,
        "4" : 0.000000,
        "8" : 0.000000,
        "16" : 0.000000,
        "32" : 0.000000,
        ">=64" : 0.000000
      },
      "iodepth_submit" : {
        "0" : 0.000000,
        "4" : 100.000000,
        "8" : 0.000000,
        "16" : 0.000000,
        "32" : 0.000000,
        "64" : 0.000000,
        ">=64" : 0.000000
      },
      "iodepth_complete" : {
        "0" : 0.000000,
        "4" : 100.000000,
        "8" : 0.000000,
        "16" : 0.000000,
        "32" : 0.000000,
        "64" : 0.000000,
        ">=64" : 0.000000
      },
      "latency_ns" : {
        "2" : 0.000000,
        "4" : 0.000000,
        "10" : 0.000000,
        "20" : 0.000000,
        "50" : 0.000000,
        "100" : 0.000000,
        "250" : 0.000000,
        "500" : 0.000000,
        "750" : 0.000000,
        "1000" : 0.000000
      },
      "latency_us" : {
        "2" : 0.000000,
        "4" : 0.000000,
        "10" : 0.000000,
        "20" : 0.000000,
        "50" : 0.000000,
        "100" : 0.000000,
        "250" : 3.755174,
        "500" : 96.225724,
        "750" : 0.012735,
        "1000" : 0.010000
      },
      "latency_ms" : {
        "2" : 0.000000,
        "4" : 0.000000,
        "10" : 0.010000,
        "20" : 0.000000,
        "50" : 0.000000,
        "100" : 0.000000,
        "250" : 0.000000,
        "500" : 0.000000,
        "750" : 0.000000,
        "1000" : 0.000000,
        "2000" : 0.000000,
        ">=2000" : 0.000000
      },
      "latency_depth" : 1,
      "latency_target" : 0,
      "latency_percentile" : 100.000000,
      "latency_window" : 0
    }
  ],
  "disk_util" : [
    {
      "name" : "vdb",
      "read_ios" : 0,
      "write_ios" : 2005380,
      "read_merges" : 0,
      "write_merges" : 0,
      "read_ticks" : 0,
      "write_ticks" : 593964,
      "in_queue" : 555364,