{
  "fio version" : "fio-3.13",
  "timestamp" : 1581249362,
  "timestamp_ms" : 1581249362449,
  "time" : "Sun Feb  9 11:56:02 2020",
  "jobs" : [
    {
      "jobname" : "rand-write-128k-qd1",
      "groupid" : 0,
      "error" : 0,
      "eta" : 0,
      "elapsed" : 31,
      "job options" : {
        "runtime" : "30",
        "bs" : "128k",
        "rw" : "randwrite",
        "direct" : "1",
        "randrepeat" : "0",
        "ioengine" : "libaio",
        "iodepth" : "1",
        "fsync" : "32",
        "filename" : "/dev/vdb"
      },
      "read" : {
        "io_bytes" : 0,
        "io_kbytes" : 0,
        "bw_bytes" : 0,
        "bw" : 0,
        "iops" : 0.000000,
        "runtime" : 0,
        "total_ios" : 0,
        "short_ios" : 0,
        "drop_ios" : 0,
        "slat_ns" : {
          "min" : 0,
          "max" : 0,
          "mean" : 0.000000,
          "stddev" : 0.000000
        },
        "clat_ns" : {
          "min" : 0,
          "max" : 0,
          "mean" : 0.000000,
          "stddev" : 0.000000,
          "percentile" : {
            "1.000000" : 0,
            "5.000000" : 0,
            "10.000000" : 0,
            "20.000000" : 0,
            "30.000000" : 0,
            "40.000000" : 0,
            "50.000000" : 0,
            "60.000000" : 0,
            "70.000000" : 0,
            "80.000000" : 0,
            "90.000000" : 0,
            "95.000000" : 0,
            "99.000000" : 0,
            "99.500000" : 0,
            "99.900000" : 0,
            "99.950000" : 0,
            "99.990000" : 0
          }
        },
        "lat_ns" : {
          "min" : 0,
          "max" : 0,
          "mean" : 0.000000,
          "stddev" : 0.000000
        },
        "bw_min" : 0,
        "bw_max" : 0,
        "bw_agg" : 0.000000,
        "bw_mean" : 0.000000,
        "bw_dev" : 0.000000,
        "bw_samples" : 0,
        "iops_min" : 0,
        "iops_max" : 0,
        "iops_mean" : 0.000000,
        "iops_stddev" : 0.000000,
        "iops_samples" : 0
      },
      "write" : {
        "io_bytes" : 10515120128,
        "io_kbytes" : 10268672,
        "bw_bytes" : 350492321,
        "bw" : 342277,
        "iops" : 2674.044199,
        "runtime" : 30001,
        "total_ios" : 80224,
        "short_ios" : 0,
        "drop_ios" : 0,
        "slat_ns" : {
          "min" : 14433,
          "max" : 173615,
          "mean" : 31305.838751,
          "stddev" : 7873.152436
        },
        "clat_ns" : {
          "min" : 122134,
          "max" : 6458219,
          "mean" : 208591.330088,
          "stddev" : 32422.517594,
          "percentile" : {
            "1.000000" : 171008,
            "5.000000" : 185344,
            "10.000000" : 189440,
            "20.000000" : 195584,
            "30.000000" : 199680,
            "40.000000" : 205824,
            "50.000000" : 209920,
            "60.000000" : 211968,
            "70.000000" : 216064,
            "80.000000" : 220160,
            "90.000000" : 226304,
            "95.000000" : 230400,
            "99.000000" : 244736,
            "99.500000" : 250880,
            "99.900000" : 268288,
            "99.950000" : 276480,
            "99.990000" : 296960
          }
        },
        "lat_ns" : {
          "min" : 159955,
          "max" : 6484917,
          "mean" : 240965.886019,
          "stddev" : 33720.777334
        },
        "bw_min" : 323584,
        "bw_max" : 368896,
        "bw_agg" : 100.000000,
        "bw_mean" : 342501.711864,
        "bw_dev" : 8117.219679,
        "bw_samples" : 59,
        "iops_min" : 2528,
        "iops_max" : 2882,
        "iops_mean" : 2675.762712,
        "iops_stddev" : 63.411176,
        "iops_samples" : 59
      },
      "trim" : {
        "io_bytes" : 0,
        "io_kbytes" : 0,
        "bw_bytes" : 0,
        "bw" : 0,
        "iops" : 0.000000,
        "runtime" : 0,
        "total_ios" : 0,
        "short_ios" : 0,
        "drop_ios" : 0,
        "slat_ns" : {
          "min" : 0,
          "max" : 0,
          "mean" : 0.000000,
          "stddev" : 0.000000
        },
        "clat_ns" : {
          "min" : 0,
          "max" : 0,
          "mean" : 0.000000,
          "stddev" : 0.000000,
          "percentile" : {
            "1.000000" : 0,
            "5.000000" : 0,
            "10.000000" : 0,
            "20.000000" : 0,
            "30.000000" : 0,
            "40.000000" : 0,
            "50.000000" : 0,
            "60.000000" : 0,
            "70.000000" : 0,
            "80.000000" : 0,
            "90.000000" : 0,
            "95.000000" : 0,
            "99.000000" : 0,
            "99.500000" : 0,
            "99.900000" : 0,
            "99.950000" : 0,
            "99.990000" : 0
          }
        },
        "lat_ns" : {
          "min" : 0,
          "max" : 0,
          "mean" : 0.000000,
          "stddev" : 0.000000
        },
        "bw_min" : 0,
        "bw_max" : 0,
        "bw_agg" : 0.000000,
        "bw_mean" : 0.000000,
        "bw_dev" : 0.000000,
        "bw_samples" : 0,
        "iops_min" : 0,
        "iops_max" : 0,
        "iops_mean" : 0.000000,
        "iops_stddev" : 0.000000,
        "iops_samples" : 0
      },
      "sync" : {
        "lat_ns" : {
          "min" : 862,
          "max" : 20928,
          "mean" : 1225.896689,
          "stddev" : 637.907040,
          "percentile" : {
            "1.000000" : 956,
            "5.000000" : 1020,
            "10.000000" : 1048,
            "20.000000" : 1128,
            "30.000000" : 1160,
            "40.000000" : 1192,
            "50.000000" : 1208,
            "60.000000" : 1224,
            "70.000000" : 1240,
            "80.000000" : 1272,
            "90.000000" : 1352,
            "95.000000" : 1384,
            "99.000000" : 1528,
            "99.500000" : 1592,
            "99.900000" : 18048,
            "99.950000" : 18816,
            "99.990000" : 20864
          }
        },
        "total_ios" : 2507
      },
      "job_runtime" : 30000,
      "usr_cpu" : 7.193333,
      "sys_cpu" : 5.930000,
      "ctx" : 83070,
      "majf" : 0,
      "minf" : 11,
      "iodepth_level" : {
        "1" : 103.125000,
        "2" : 0.000000,
        "4" : 0.000000,
        "8" : 0.000000,
        "16" : 0.000000,
        "32" : 0.000000,
        ">=64" : 0.000000
      },
      "iodepth_submit" : {
        "0" : 0.000000,
        "4" : 100.000000,
        "8" : 0.000000,
        "16" : 0.000000,
        "32" : 0.000000,
        "64" : 0.000000,
        ">=64" : 0.000000
      },
      "iodepth_complete" : {
        "0" : 0.000000,
        "4" : 100.000000,
        "8" : 0.000000,
        "16" : 0.000000,
        "32" : 0.000000,
        "64" : 0.000000,
        ">=64" : 0.000000
      },
      "latency_ns" : {
        "2" : 0.000000,
        "4" : 0.000000,
        "10" : 0.000000,
        "20" : 0.000000,
        "50" : 0.000000,
        "100" : 0.000000,
        "250" : 0.000000,
        "500" : 0.000000,
        "750" : 0.000000,
        "1000" : 0.000000
      },
      "latency_us" : {
        "2" : 0.000000,
        "4" : 0.000000,
        "10" : 0.000000,
        "20" : 0.000000,
        "50" : 0.000000,
        "100" : 0.000000,
        "250" : 99.447796,
        "500" : 0.545971,
        "750" : 0.010000,
        "1000" : 0.010000
      },
      "latency_ms" : {
        "2" : 0.000000,
        "4" : 0.000000,
        "10" : 0.010000,
        "20" : 0.000000,
        "50" : 0.000000,
        "100" : 0.000000,
        "250" : 0.000000,
        "500" : 0.000000,
        "750" : 0.000000,
        "1000" : 0.000000,
        "2000" : 0.000000,
        ">=2000" : 0.000000
      },
      "latency_depth" : 1,
      "latency_target" : 0,
      "latency_percentile" : 100.000000,
      "latency_window" : 0
    }
  ],
  "disk_util" : [
    {
      "name" : "vdb",
      "read_ios" : 0,
      "write_ios" : 82466,
      "read_merges" : 0,
      "write_merges" : 0,
      "read_ticks" : 0,
      "write_ticks" : 27088,
      "in_queue" : 0,