{
  "fio version" : "fio-3.13",
  "timestamp" : 1580904974,
  "timestamp_ms" : 1580904974338,
  "time" : "Wed Feb  5 12:16:14 2020",
  "jobs" : [
    {
      "jobname" : "rand-write-4k",
      "groupid" : 0,
      "error" : 0,
      "eta" : 0,
      "elapsed" : 31,
      "job options" : {
        "runtime" : "30",
        "bs" : "4k",
        "rw" : "randwrite",
        "direct" : "1",
        "randrepeat" : "0",
        "ioengine" : "libaio",
        "iodepth" : "32",
        "fsync" : "32",
        "filename" : "/dev/vdb"
      },
      "read" : {
        "io_bytes" : 0,
        "io_kbytes" : 0,
        "bw_bytes" : 0,
        "bw" : 0,
        "iops" : 0.000000,
        "runtime" : 0,
        "total_ios" : 0,
        "short_ios" : 0,
        "drop_ios" : 0,
        "slat_ns" : {
          "min" : 0,
          "max" : 0,
          "mean" : 0.000000,
          "stddev" : 0.000000
        },
        "clat_ns" : {
          "min" : 0,
          "max" : 0,
          "mean" : 0.000000,
          "stddev" : 0.000000,
          "percentile" : {
            "1.000000" : 0,
            "5.000000" : 0,
            "10.000000" : 0,
            "20.000000" : 0,
            "30.000000" : 0,
            "40.000000" : 0,
            "50.000000" : 0,
            "60.000000" : 0,
            "70.000000" : 0,
            "80.000000" : 0,
            "90.000000" : 0,
            "95.000000" : 0,
            "99.000000" : 0,
            "99.500000" : 0,
            "99.900000" : 0,
            "99.950000" : 0,
            "99.990000" : 0
          }
        },
        "lat_ns" : {
          "min" : 0,
          "max" : 0,
          "mean" : 0.000000,
          "stddev" : 0.000000
        },
        "bw_min" : 0,
        "bw_max" : 0,
        "bw_agg" : 0.000000,
        "bw_mean" : 0.000000,
        "bw_dev" : 0.000000,
        "bw_samples" : 0,
        "iops_min" : 0,
        "iops_max" : 0,
        "iops_mean" : 0.000000,
        "iops_stddev" : 0.000000,
        "iops_samples" : 0
      },
      "write" : {
        "io_bytes" : 4755419136,
        "io_kbytes" : 4643964,
        "bw_bytes" : 158508687,
        "bw" : 154793,
        "iops" : 38698.410053,
        "runtime" : 30001,
        "total_ios" : 1160991,
        "short_ios" : 0,
        "drop_ios" : 0,
        "slat_ns" : {
          "min" : 2022,
          "max" : 766494,
          "mean" : 6576.324901,
          "stddev" : 3503.450240
        },
        "clat_ns" : {
          "min" : 76603,
          "max" : 9848928,
          "mean" : 802686.799248,
          "stddev" : 114737.822394,
          "percentile" : {
            "1.000000" : 350208,
            "5.000000" : 724992,
            "10.000000" : 749568,
            "20.000000" : 774144,
            "30.000000" : 790528,
            "40.000000" : 798720,
            "50.000000" : 815104,
            "60.000000" : 823296,
            "70.000000" : 839680,
            "80.000000" : 856064,
            "90.000000" : 872448,
            "95.000000" : 897024,
            "99.000000" : 937984,
            "99.500000" : 954368,
            "99.900000" : 1044480,
            "99.950000" : 1105920,
            "99.990000" : 4816896
          }
        },
        "lat_ns" : {
          "min" : 81997,
          "max" : 9853433,
          "mean" : 810166.190064,
          "stddev" : 114908.944890
        },
        "bw_min" : 143624,
        "bw_max" : 159880,
        "bw_agg" : 100.000000,
        "bw_mean" : 154887.322034,
        "bw_dev" : 4002.885108,
        "bw_samples" : 59,
        "iops_min" : 35906,
        "iops_max" : 39970,
        "iops_mean" : 38721.830508,
        "iops_stddev" : 1000.711422,
        "iops_samples" : 59
      },
      "trim" : {
        "io_bytes" : 0,
        "io_kbytes" : 0,
        "bw_bytes" : 0,
        "bw" : 0,
        "iops" : 0.000000,
        "runtime" : 0,
        "total_ios" : 0,
        "short_ios" : 0,
        "drop_ios" : 0,
        "slat_ns" : {
          "min" : 0,
          "max" : 0,
          "mean" : 0.000000,
          "stddev" : 0.000000
        },
        "clat_ns" : {
          "min" : 0,
          "max" : 0,
          "mean" : 0.000000,
          "stddev" : 0.000000,
          "percentile" : {
            "1.000000" : 0,
            "5.000000" : 0,
            "10.000000" : 0,
            "20.000000" : 0,
            "30.000000" : 0,
            "40.000000" : 0,
            "50.000000" : 0,
            "60.000000" : 0,
            "70.000000" : 0,
            "80.000000" : 0,
            "90.000000" : 0,
            "95.000000" : 0,
            "99.000000" : 0,
            "99.500000" : 0,
            "99.900000" : 0,
            "99.950000" : 0,
            "99.990000" : 0
          }
        },
        "lat_ns" : {
          "min" : 0,
          "max" : 0,
          "mean" : 0.000000,
          "stddev" : 0.000000
        },
        "bw_min" : 0,
        "bw_max" : 0,
        "bw_agg" : 0.000000,
        "bw_mean" : 0.000000,
        "bw_dev" : 0.000000,
        "bw_samples" : 0,
        "iops_min" : 0,
        "iops_max" : 0,
        "iops_mean" : 0.000000,
        "iops_stddev" : 0.000000,
        "iops_samples" : 0
      },
      "sync" : {
        "lat_ns" : {
          "min" : 472,
          "max" : 29500,
          "mean" : 891.054851,
          "stddev" : 394.222133,
          "percentile" : {
            "1.000000" : 732,
            "5.000000" : 772,
            "10.000000" : 804,
            "20.000000" : 820,
            "30.000000" : 852,
            "40.000000" : 860,
            "50.000000" : 868,
            "60.000000" : 892,
            "70.000000" : 916,
            "80.000000" : 932,
            "90.000000" : 964,
            "95.000000" : 996,
            "99.000000" : 1112,
            "99.500000" : 1160,
            "99.900000" : 1576,
            "99.950000" : 11840,
            "99.990000" : 17792
          }
        },
        "total_ios" : 36280
      },
      "job_runtime" : 30000,
      "usr_cpu" : 16.963333,
      "sys_cpu" : 32.756667,
      "ctx" : 43124,
      "majf" : 6,
      "minf" : 15,
      "iodepth_level" : {
        "1" : 0.100000,
        "2" : 0.100000,
        "4" : 0.100000,
        "8" : 0.100000,
        "16" : 0.100000,
        "32" : 103.122246,
        ">=64" : 0.000000
      },
      "iodepth_submit" : {
        "0" : 0.000000,
        "4" : 100.000000,
        "8" : 0.000000,
        "16" : 0.000000,
        "32" : 0.000000,
        "64" : 0.000000,
        ">=64" : 0.000000
      },
      "iodepth_complete" : {
        "0" : 0.000000,
        "4" : 99.999914,
        "8" : 0.000000,
        "16" : 0.000000,
        "32" : 0.100000,
        "64" : 0.000000,
        ">=64" : 0.000000
      },
      "latency_ns" : {
        "2" : 0.000000,
        "4" : 0.000000,
        "10" : 0.000000,
        "20" : 0.000000,
        "50" : 0.000000,
        "100" : 0.000000,
        "250" : 0.000000,
        "500" : 0.000000,
        "750" : 0.000000,
        "1000" : 0.000000
      },
      "latency_us" : {
        "2" : 0.000000,
        "4" : 0.000000,
        "10" : 0.000000,
        "20" : 0.000000,
        "50" : 0.000000,
        "100" : 0.010000,
        "250" : 0.010000,
        "500" : 3.110963,
        "750" : 7.201520,
        "1000" : 89.503450
      },
      "latency_ms" : {
        "2" : 0.158916,
        "4" : 0.010000,
        "10" : 0.015849,
        "20" : 0.000000,
        "50" : 0.000000,
        "100" : 0.000000,
        "250" : 0.000000,
        "500" : 0.000000,
        "750" : 0.000000,
        "1000" : 0.000000,
        "2000" : 0.000000,
        ">=2000" : 0.000000
      },
      "latency_depth" : 32,
      "latency_target" : 0,
      "latency_percentile" : 100.000000,
      "latency_window" : 0
    }
  ],
  "disk_util" : [
    {
      "name" : "vdb",
      "read_ios" : 0,
      "write_ios" : 1192642,
      "read_merges" : 0,
      "write_merges" : 0,
      "read_ticks" : 0,
      "write_ticks" : 112740,
      "in_queue" : 82988,