{
  "fio version" : "fio-3.13",
  "timestamp" : 1581249691,
  "timestamp_ms" : 1581249691844,
  "time" : "Sun Feb  9 12:01:31 2020",
  "jobs" : [
    {
      "jobname" : "rand-write-128k-qd1",
      "groupid" : 0,
      "error" : 0,
      "eta" : 0,
      "elapsed" : 31,
      "job options" : {
        "runtime" : "30",
        "bs" : "128k",
        "rw" : "randwrite",
        "direct" : "1",
        "randrepeat" : "0",
        "ioengine" : "libaio",
        "iodepth" : "1",
        "fsync" : "32",
        "filename" : "/dev/vdb"
      },
      "read" : {
        "io_bytes" : 0,
        "io_kbytes" : 0,
        "bw_bytes" : 0,
        "bw" : 0,
        "iops" : 0.000000,
        "runtime" : 0,
        "total_ios" : 0,
        "short_ios" : 0,
        "drop_ios" : 0,
        "slat_ns" : {
          "min" : 0,
          "max" : 0,
          "mean" : 0.000000,
          "stddev" : 0.000000
        },
        "clat_ns" : {
          "min" : 0,
          "max" : 0,
          "mean" : 0.000000,
          "stddev" : 0.000000,
          "percentile" : {
            "1.000000" : 0,
            "5.000000" : 0,
            "10.000000" : 0,
            "20.000000" : 0,
            "30.000000" : 0,
            "40.000000" : 0,
            "50.000000" : 0,
            "60.000000" : 0,
            "70.000000" : 0,
            "80.000000" : 0,
            "90.000000" : 0,
            "95.000000" : 0,
            "99.000000" : 0,
            "99.500000" : 0,
            "99.900000" : 0,
            "99.950000" : 0,
            "99.990000" : 0
          }
        },
        "lat_ns" : {
          "min" : 0,
          "max" : 0,
          "mean" : 0.000000,
          "stddev" : 0.000000
        },
        "bw_min" : 0,
        "bw_max" : 0,
        "bw_agg" : 0.000000,
        "bw_mean" : 0.000000,
        "bw_dev" : 0.000000,
        "bw_samples" : 0,
        "iops_min" : 0,
        "iops_max" : 0,
        "iops_mean" : 0.000000,
        "iops_stddev" : 0.000000,
        "iops_samples" : 0
      },
      "write" : {
        "io_bytes" : 21598830592,
        "io_kbytes" : 21092608,
        "bw_bytes" : 719937021,
        "bw" : 703063,
        "iops" : 5492.683577,
        "runtime" : 30001,
        "total_ios" : 164786,
        "short_ios" : 0,
        "drop_ios" : 0,
        "slat_ns" : {
          "min" : 25895,
          "max" : 218072,
          "mean" : 38950.817387,
          "stddev" : 6031.865793
        },
        "clat_ns" : {
          "min" : 89554,
          "max" : 8758167,
          "mean" : 141683.259840,
          "stddev" : 31069.910360,
          "percentile" : {
            "1.000000" : 115200,
            "5.000000" : 119296,
            "10.000000" : 121344,
            "20.000000" : 130560,
            "30.000000" : 136192,
            "40.000000" : 138240,
            "50.000000" : 142336,
            "60.000000" : 144384,
            "70.000000" : 148480,
            "80.000000" : 150528,
            "90.000000" : 156672,
            "95.000000" : 160768,
            "99.000000" : 179200,
            "99.500000" : 222208,
            "99.900000" : 272384,
            "99.950000" : 284672,
            "99.990000" : 325632
          }
        },
        "lat_ns" : {
          "min" : 117612,
          "max" : 8802882,
          "mean" : 180726.507919,
          "stddev" : 32078.521703
        },
        "bw_min" : 631040,
        "bw_max" : 789760,
        "bw_agg" : 99.865335,
        "bw_mean" : 702116.220339,
        "bw_dev" : 44587.895959,
        "bw_samples" : 59,
        "iops_min" : 4930,
        "iops_max" : 6170,
        "iops_mean" : 5485.271186,
        "iops_stddev" : 348.354498,
        "iops_samples" : 59
      },
      "trim" : {
        "io_bytes" : 0,
        "io_kbytes" : 0,
        "bw_bytes" : 0,
        "bw" : 0,
        "iops" : 0.000000,
        "runtime" : 0,
        "total_ios" : 0,
        "short_ios" : 0,
        "drop_ios" : 0,
        "slat_ns" : {
          "min" : 0,
          "max" : 0,
          "mean" : 0.000000,
          "stddev" : 0.000000
        },
        "clat_ns" : {
          "min" : 0,
          "max" : 0,
          "mean" : 0.000000,
          "stddev" : 0.000000,
          "percentile" : {
            "1.000000" : 0,
            "5.000000" : 0,
            "10.000000" : 0,
            "20.000000" : 0,
            "30.000000" : 0,
            "40.000000" : 0,
            "50.000000" : 0,
            "60.000000" : 0,
            "70.000000" : 0,
            "80.000000" : 0,
            "90.000000" : 0,
            "95.000000" : 0,
            "99.000000" : 0,
            "99.500000" : 0,
            "99.900000" : 0,
            "99.950000" : 0,
            "99.990000" : 0
          }
        },
        "lat_ns" : {
          "min" : 0,
          "max" : 0,
          "mean" : 0.000000,
          "stddev" : 0.000000
        },
        "bw_min" : 0,
        "bw_max" : 0,
        "bw_agg" : 0.000000,
        "bw_mean" : 0.000000,
        "bw_dev" : 0.000000,
        "bw_samples" : 0,
        "iops_min" : 0,
        "iops_max" : 0,
        "iops_mean" : 0.000000,
        "iops_stddev" : 0.000000,
        "iops_samples" : 0
      },
      "sync" : {
        "lat_ns" : {
          "min" : 38,
          "max" : 9969,
          "mean" : 73.093416,
          "stddev" : 141.284405,
          "percentile" : {
            "1.000000" : 47,
            "5.000000" : 53,
            "10.000000" : 54,
            "20.000000" : 55,
            "30.000000" : 59,
            "40.000000" : 61,
            "50.000000" : 62,
            "60.000000" : 63,
            "70.000000" : 67,
            "80.000000" : 73,
            "90.000000" : 114,
            "95.000000" : 122,
            "99.000000" : 171,
            "99.500000" : 231,
            "99.900000" : 322,
            "99.950000" : 426,
            "99.990000" : 9920
          }
        },
        "total_ios" : 5149
      },
      "job_runtime" : 30000,
      "usr_cpu" : 4.553333,
      "sys_cpu" : 21.063333,
      "ctx" : 170054,
      "majf" : 0,
      "minf" : 12,
      "iodepth_level" : {
        "1" : 103.124659,
        "2" : 0.000000,
        "4" : 0.000000,
        "8" : 0.000000,
        "16" : 0.000000,
        "32" : 0.000000,
        ">=64" : 0.000000
      },
      "iodepth_submit" : {
        "0" : 0.000000,
        "4" : 100.000000,
        "8" : 0.000000,
        "16" : 0.000000,
        "32" : 0.000000,
        "64" : 0.000000,
        ">=64" : 0.000000
      },
      "iodepth_complete" : {
        "0" : 0.000000,
        "4" : 100.000000,
        "8" : 0.000000,
        "16" : 0.000000,
        "32" : 0.000000,
        "64" : 0.000000,
        ">=64" : 0.000000
      },
      "latency_ns" : {
        "2" : 0.000000,
        "4" : 0.000000,
        "10" : 0.000000,
        "20" : 0.000000,
        "50" : 0.000000,
        "100" : 0.000000,
        "250" : 0.000000,
        "500" : 0.000000,
        "750" : 0.000000,
        "1000" : 0.000000
      },
      "latency_us" : {
        "2" : 0.000000,
        "4" : 0.000000,
        "10" : 0.000000,
        "20" : 0.000000,
        "50" : 0.000000,
        "100" : 0.124404,
        "250" : 99.520590,
        "500" : 0.351972,
        "750" : 0.000000,
        "1000" : 0.000000
      },
      "latency_ms" : {
        "2" : 0.010000,
        "4" : 0.000000,
        "10" : 0.010000,
        "20" : 0.000000,
        "50" : 0.000000,
        "100" : 0.000000,
        "250" : 0.000000,
        "500" : 0.000000,
        "750" : 0.000000,
        "1000" : 0.000000,
        "2000" : 0.000000,
        ">=2000" : 0.000000
      },
      "latency_depth" : 1,
      "latency_target" : 0,
      "latency_percentile" : 100.000000,
      "latency_window" : 0
    }
  ],
  "disk_util" : [
    {
      "name" : "vdb",
      "read_ios" : 0,
      "write_ios" : 4930696,
      "read_merges" : 0,
      "write_merges" : 0,
      "read_ticks" : 0,
      "write_ticks" : 572012,
      "in_queue" : 532300,