{
  "fio version" : "fio-3.13",
  "timestamp" : 1581248881,
  "timestamp_ms" : 1581248881614,
  "time" : "Sun Feb  9 11:48:01 2020",
  "jobs" : [
    {
      "jobname" : "rand-write-4k",
      "groupid" : 0,
      "error" : 0,
      "eta" : 0,
      "elapsed" : 31,
      "job options" : {
        "runtime" : "30",
        "bs" : "4k",
        "rw" : "randwrite",
        "direct" : "1",
        "randrepeat" : "0",
        "ioengine" : "libaio",
        "iodepth" : "32",
        "fsync" : "32",
        "filename" : "/dev/vdb"
      },
      "read" : {
        "io_bytes" : 0,
        "io_kbytes" : 0,
        "bw_bytes" : 0,
        "bw" : 0,
        "iops" : 0.000000,
        "runtime" : 0,
        "total_ios" : 0,
        "short_ios" : 0,
        "drop_ios" : 0,
        "slat_ns" : {
          "min" : 0,
          "max" : 0,
          "mean" : 0.000000,
          "stddev" : 0.000000
        },
        "clat_ns" : {
          "min" : 0,
          "max" : 0,
          "mean" : 0.000000,
          "stddev" : 0.000000,
          "percentile" : {
            "1.000000" : 0,
            "5.000000" : 0,
            "10.000000" : 0,
            "20.000000" : 0,
            "30.000000" : 0,
            "40.000000" : 0,
            "50.000000" : 0,
            "60.000000" : 0,
            "70.000000" : 0,
            "80.000000" : 0,
            "90.000000" : 0,
            "95.000000" : 0,
            "99.000000" : 0,
            "99.500000" : 0,
            "99.900000" : 0,
            "99.950000" : 0,
            "99.990000" : 0
          }
        },
        "lat_ns" : {
          "min" : 0,
          "max" : 0,
          "mean" : 0.000000,
          "stddev" : 0.000000
        },
        "bw_min" : 0,
        "bw_max" : 0,
        "bw_agg" : 0.000000,
        "bw_mean" : 0.000000,
        "bw_dev" : 0.000000,
        "bw_samples" : 0,
        "iops_min" : 0,
        "iops_max" : 0,
        "iops_mean" : 0.000000,
        "iops_stddev" : 0.000000,
        "iops_samples" : 0
      },
      "write" : {
        "io_bytes" : 11008806912,
        "io_kbytes" : 10750788,
        "bw_bytes" : 366947998,
        "bw" : 358347,
        "iops" : 89586.913770,
        "runtime" : 30001,
        "total_ios" : 2687697,
        "short_ios" : 0,
        "drop_ios" : 0,
        "slat_ns" : {
          "min" : 5048,
          "max" : 64207,
          "mean" : 8856.561635,
          "stddev" : 1970.266397
        },
        "clat_ns" : {
          "min" : 37199,
          "max" : 692929,
          "mean" : 346610.270593,
          "stddev" : 19245.190528,
          "percentile" : {
            "1.000000" : 296960,
            "5.000000" : 309248,
            "10.000000" : 325632,
            "20.000000" : 337920,
            "30.000000" : 342016,
            "40.000000" : 346112,
            "50.000000" : 346112,
            "60.000000" : 350208,
            "70.000000" : 354304,
            "80.000000" : 358400,
            "90.000000" : 362496,
            "95.000000" : 366592,
            "99.000000" : 403456,
            "99.500000" : 448512,
            "99.900000" : 514048,
            "99.950000" : 528384,
            "99.990000" : 552960
          }
        },
        "lat_ns" : {
          "min" : 48290,
          "max" : 698978,
          "mean" : 355545.240178,
          "stddev" : 19385.079548
        },
        "bw_min" : 344584,
        "bw_max" : 400624,
        "bw_agg" : 99.995436,
        "bw_mean" : 358330.644068,
        "bw_dev" : 9026.033498,
        "bw_samples" : 59,
        "iops_min" : 86146,
        "iops_max" : 100156,
        "iops_mean" : 89583.169492,
        "iops_stddev" : 2256.364219,
        "iops_samples" : 59
      },
      "trim" : {
        "io_bytes" : 0,
        "io_kbytes" : 0,
        "bw_bytes" : 0,
        "bw" : 0,
        "iops" : 0.000000,
        "runtime" : 0,
        "total_ios" : 0,
        "short_ios" : 0,
        "drop_ios" : 0,
        "slat_ns" : {
          "min" : 0,
          "max" : 0,
          "mean" : 0.000000,
          "stddev" : 0.000000
        },
        "clat_ns" : {
          "min" : 0,
          "max" : 0,
          "mean" : 0.000000,
          "stddev" : 0.000000,
          "percentile" : {
            "1.000000" : 0,
            "5.000000" : 0,
            "10.000000" : 0,
            "20.000000" : 0,
            "30.000000" : 0,
            "40.000000" : 0,
            "50.000000" : 0,
            "60.000000" : 0,
            "70.000000" : 0,
            "80.000000" : 0,
            "90.000000" : 0,
            "95.000000" : 0,
            "99.000000" : 0,
            "99.500000" : 0,
            "99.900000" : 0,
            "99.950000" : 0,
            "99.990000" : 0
          }
        },
        "lat_ns" : {
          "min" : 0,
          "max" : 0,
          "mean" : 0.000000,
          "stddev" : 0.000000
        },
        "bw_min" : 0,
        "bw_max" : 0,
        "bw_agg" : 0.000000,
        "bw_mean" : 0.000000,
        "bw_dev" : 0.000000,
        "bw_samples" : 0,
        "iops_min" : 0,
        "iops_max" : 0,
        "iops_mean" : 0.000000,
        "iops_stddev" : 0.000000,
        "iops_samples" : 0
      },
      "sync" : {
        "lat_ns" : {
          "min" : 24,
          "max" : 8296,
          "mean" : 68.090177,
          "stddev" : 53.308784,
          "percentile" : {
            "1.000000" : 46,
            "5.000000" : 53,
            "10.000000" : 53,
            "20.000000" : 54,
            "30.000000" : 61,
            "40.000000" : 67,
            "50.000000" : 68,
            "60.000000" : 68,
            "70.000000" : 68,
            "80.000000" : 69,
            "90.000000" : 73,
            "95.000000" : 76,
            "99.000000" : 169,
            "99.500000" : 213,
            "99.900000" : 820,
            "99.950000" : 1032,
            "99.990000" : 1560
          }
        },
        "total_ios" : 83990
      },
      "job_runtime" : 30000,
      "usr_cpu" : 12.280000,
      "sys_cpu" : 81.016667,
      "ctx" : 85488,
      "majf" : 4,
      "minf" : 15,
      "iodepth_level" : {
        "1" : 0.100000,
        "2" : 0.100000,
        "4" : 0.100000,
        "8" : 0.100000,
        "16" : 0.100000,
        "32" : 103.123827,
        ">=64" : 0.000000
      },
      "iodepth_submit" : {
        "0" : 0.000000,
        "4" : 100.000000,
        "8" : 0.000000,
        "16" : 0.000000,
        "32" : 0.000000,
        "64" : 0.000000,
        ">=64" : 0.000000
      },
      "iodepth_complete" : {
        "0" : 0.000000,
        "4" : 99.999963,
        "8" : 0.000000,
        "16" : 0.000000,
        "32" : 0.100000,
        "64" : 0.000000,
        ">=64" : 0.000000
      },
      "latency_ns" : {
        "2" : 0.000000,
        "4" : 0.000000,
        "10" : 0.000000,
        "20" : 0.000000,
        "50" : 0.000000,
        "100" : 0.000000,
        "250" : 0.000000,
        "500" : 0.000000,
        "750" : 0.000000,
        "1000" : 0.000000
      },
      "latency_us" : {
        "2" : 0.000000,
        "4" : 0.000000,
        "10" : 0.000000,
        "20" : 0.000000,
        "50" : 0.010000,
        "100" : 0.010000,
        "250" : 0.010000,
        "500" : 99.816125,
        "750" : 0.182015,
        "1000" : 0.000000
      },
      "latency_ms" : {
        "2" : 0.000000,
        "4" : 0.000000,
        "10" : 0.000000,
        "20" : 0.000000,
        "50" : 0.000000,
        "100" : 0.000000,
        "250" : 0.000000,
        "500" : 0.000000,
        "750" : 0.000000,
        "1000" : 0.000000,
        "2000" : 0.000000,
        ">=2000" : 0.000000
      },
      "latency_depth" : 32,
      "latency_target" : 0,
      "latency_percentile" : 100.000000,
      "latency_window" : 0
    }
  ],
  "disk_util" : [
    {
      "name" : "vdb",
      "read_ios" : 0,
      "write_ios" : 2759497,
      "read_merges" : 0,
      "write_merges" : 0,
      "read_ticks" : 0,
      "write_ticks" : 39872,
      "in_queue" : 36820,