{
  "fio version" : "fio-3.13",
  "timestamp" : 1556060045,
  "timestamp_ms" : 1556060045640,
  "time" : "Tue Apr 23 22:54:05 2019",
  "jobs" : [
    {
      "jobname" : "rand-write-128k",
      "groupid" : 0,
      "error" : 0,
      "eta" : 0,
      "elapsed" : 50,
      "job options" : {
        "bs" : "128k",
        "rw" : "randwrite",
        "direct" : "1",
        "size" : "32G",
        "randrepeat" : "0",
        "ioengine" : "libaio",
        "iodepth" : "32",
        "fsync" : "32",
        "filename" : "/dev/vdb"
      },
      "read" : {
        "io_bytes" : 0,
        "io_kbytes" : 0,
        "bw_bytes" : 0,
        "bw" : 0,
        "iops" : 0.000000,
        "runtime" : 0,
        "total_ios" : 0,
        "short_ios" : 0,
        "drop_ios" : 0,
        "slat_ns" : {
          "min" : 0,
          "max" : 0,
          "mean" : 0.000000,
          "stddev" : 0.000000
        },
        "clat_ns" : {
          "min" : 0,
          "max" : 0,
          "mean" : 0.000000,
          "stddev" : 0.000000,
          "percentile" : {
            "1.000000" : 0,
            "5.000000" : 0,
            "10.000000" : 0,
            "20.000000" : 0,
            "30.000000" : 0,
            "40.000000" : 0,
            "50.000000" : 0,
            "60.000000" : 0,
            "70.000000" : 0,
            "80.000000" : 0,
            "90.000000" : 0,
            "95.000000" : 0,
            "99.000000" : 0,
            "99.500000" : 0,
            "99.900000" : 0,
            "99.950000" : 0,
            "99.990000" : 0
          }
        },
        "lat_ns" : {
          "min" : 0,
          "max" : 0,
          "mean" : 0.000000,
          "stddev" : 0.000000
        },
        "bw_min" : 0,
        "bw_max" : 0,
        "bw_agg" : 0.000000,
        "bw_mean" : 0.000000,
        "bw_dev" : 0.000000,
        "bw_samples" : 0,
        "iops_min" : 0,
        "iops_max" : 0,
        "iops_mean" : 0.000000,
        "iops_stddev" : 0.000000,
        "iops_samples" : 0
      },
      "write" : {
        "io_bytes" : 34359738368,
        "io_kbytes" : 33554432,
        "bw_bytes" : 689829917,
        "bw" : 673662,
        "iops" : 5262.984601,
        "runtime" : 49809,
        "total_ios" : 262144,
        "short_ios" : 0,
        "drop_ios" : 0,
        "slat_ns" : {
          "min" : 9550,
          "max" : 2319202,
          "mean" : 26982.309177,
          "stddev" : 12893.586719
        },
        "clat_ns" : {
          "min" : 218100,
          "max" : 8240900,
          "mean" : 5892491.615662,
          "stddev" : 930491.815785,
          "percentile" : {
            "1.000000" : 1011712,
            "5.000000" : 5341184,
            "10.000000" : 5537792,
            "20.000000" : 5734400,
            "30.000000" : 5865472,
            "40.000000" : 5931008,
            "50.000000" : 6062080,
            "60.000000" : 6127616,
            "70.000000" : 6193152,
            "80.000000" : 6324224,
            "90.000000" : 6455296,
            "95.000000" : 6586368,
            "99.000000" : 6914048,
            "99.500000" : 6979584,
            "99.900000" : 7176192,
            "99.950000" : 7241728,
            "99.990000" : 7962624
          }
        },
        "lat_ns" : {
          "min" : 245470,
          "max" : 8261082,
          "mean" : 5920714.673370,
          "stddev" : 928278.754301
        },
        "bw_min" : 655360,
        "bw_max" : 688128,
        "bw_agg" : 99.980007,
        "bw_mean" : 673527.313131,
        "bw_dev" : 6673.444626,
        "bw_samples" : 99,
        "iops_min" : 5120,
        "iops_max" : 5376,
        "iops_mean" : 5261.898990,
        "iops_stddev" : 52.142758,
        "iops_samples" : 99
      },
      "trim" : {
        "io_bytes" : 0,
        "io_kbytes" : 0,
        "bw_bytes" : 0,
        "bw" : 0,
        "iops" : 0.000000,
        "runtime" : 0,
        "total_ios" : 0,
        "short_ios" : 0,
        "drop_ios" : 0,
        "slat_ns" : {
          "min" : 0,
          "max" : 0,
          "mean" : 0.000000,
          "stddev" : 0.000000
        },
        "clat_ns" : {
          "min" : 0,
          "max" : 0,
          "mean" : 0.000000,
          "stddev" : 0.000000,
          "percentile" : {
            "1.000000" : 0,
            "5.000000" : 0,
            "10.000000" : 0,
            "20.000000" : 0,
            "30.000000" : 0,
            "40.000000" : 0,
            "50.000000" : 0,
            "60.000000" : 0,
            "70.000000" : 0,
            "80.000000" : 0,
            "90.000000" : 0,
            "95.000000" : 0,
            "99.000000" : 0,
            "99.500000" : 0,
            "99.900000" : 0,
            "99.950000" : 0,
            "99.990000" : 0
          }
        },
        "lat_ns" : {
          "min" : 0,
          "max" : 0,
          "mean" : 0.000000,
          "stddev" : 0.000000
        },
        "bw_min" : 0,
        "bw_max" : 0,
        "bw_agg" : 0.000000,
        "bw_mean" : 0.000000,
        "bw_dev" : 0.000000,
        "bw_samples" : 0,
        "iops_min" : 0,
        "iops_max" : 0,
        "iops_mean" : 0.000000,
        "iops_stddev" : 0.000000,
        "iops_samples" : 0
      },
      "sync" : {
        "lat_ns" : {
          "min" : 1305,
          "max" : 107340,
          "mean" : 1842.611769,
          "stddev" : 2292.691924,
          "percentile" : {
            "1.000000" : 1576,
            "5.000000" : 1672,
            "10.000000" : 1688,
            "20.000000" : 1688,
            "30.000000" : 1704,
            "40.000000" : 1720,
            "50.000000" : 1736,
            "60.000000" : 1752,
            "70.000000" : 1768,
            "80.000000" : 1784,
            "90.000000" : 1800,
            "95.000000" : 1816,
            "99.000000" : 1864,
            "99.500000" : 1944,
            "99.900000" : 28288,
            "99.950000" : 69120,
            "99.990000" : 107008
          }
        },
        "total_ios" : 8191
      },
      "job_runtime" : 49808,
      "usr_cpu" : 9.050755,
      "sys_cpu" : 9.155156,
      "ctx" : 18066,
      "majf" : 0,
      "minf" : 11,
      "iodepth_level" : {
        "1" : 0.100000,
        "2" : 0.100000,
        "4" : 0.100000,
        "8" : 0.100000,
        "16" : 0.100000,
        "32" : 103.112793,
        ">=64" : 0.000000
      },
      "iodepth_submit" : {
        "0" : 0.000000,
        "4" : 100.000000,
        "8" : 0.000000,
        "16" : 0.000000,
        "32" : 0.000000,
        "64" : 0.000000,
        ">=64" : 0.000000
      },
      "iodepth_complete" : {
        "0" : 0.000000,
        "4" : 99.999618,
        "8" : 0.000000,
        "16" : 0.000000,
        "32" : 0.100000,
        "64" : 0.000000,
        ">=64" : 0.000000
      },
      "latency_ns" : {
        "2" : 0.000000,
        "4" : 0.000000,
        "10" : 0.000000,
        "20" : 0.000000,
        "50" : 0.000000,
        "100" : 0.000000,
        "250" : 0.000000,
        "500" : 0.000000,
        "750" : 0.000000,
        "1000" : 0.000000
      },
      "latency_us" : {
        "2" : 0.000000,
        "4" : 0.000000,
        "10" : 0.000000,
        "20" : 0.000000,
        "50" : 0.000000,
        "100" : 0.000000,
        "250" : 0.010000,
        "500" : 0.010000,
        "750" : 0.010000,
        "1000" : 0.794220
      },
      "latency_ms" : {
        "2" : 2.334976,
        "4" : 0.010000,
        "10" : 96.863174,
        "20" : 0.000000,
        "50" : 0.000000,
        "100" : 0.000000,
        "250" : 0.000000,
        "500" : 0.000000,
        "750" : 0.000000,
        "1000" : 0.000000,
        "2000" : 0.000000,
        ">=2000" : 0.000000
      },
      "latency_depth" : 32,
      "latency_target" : 0,
      "latency_percentile" : 100.000000,
      "latency_window" : 0
    }
  ],
  "disk_util" : [
    {
      "name" : "vdb",
      "read_ios" : 0,
      "write_ios" : 269444,
      "read_merges" : 0,
      "write_merges" : 0,
      "read_ticks" : 0,
      "write_ticks" : 124896,