{
  "fio version" : "fio-3.13",
  "timestamp" : 1567449820,
  "timestamp_ms" : 1567449820540,
  "time" : "Mon Sep  2 18:43:40 2019",
  "jobs" : [
    {
      "jobname" : "rand-write-128k-qd1",
      "groupid" : 0,
      "error" : 0,
      "eta" : 0,
      "elapsed" : 31,
      "job options" : {
        "runtime" : "30",
        "bs" : "128k",
        "rw" : "randwrite",
        "direct" : "1",
        "randrepeat" : "0",
        "ioengine" : "libaio",
        "iodepth" : "1",
        "fsync" : "32",
        "filename" : "/dev/vdb"
      },
      "read" : {
        "io_bytes" : 0,
        "io_kbytes" : 0,
        "bw_bytes" : 0,
        "bw" : 0,
        "iops" : 0.000000,
        "runtime" : 0,
        "total_ios" : 0,
        "short_ios" : 0,
        "drop_ios" : 0,
        "slat_ns" : {
          "min" : 0,
          "max" : 0,
          "mean" : 0.000000,
          "stddev" : 0.000000
        },
        "clat_ns" : {
          "min" : 0,
          "max" : 0,
          "mean" : 0.000000,
          "stddev" : 0.000000,
          "percentile" : {
            "1.000000" : 0,
            "5.000000" : 0,
            "10.000000" : 0,
            "20.000000" : 0,
            "30.000000" : 0,
            "40.000000" : 0,
            "50.000000" : 0,
            "60.000000" : 0,
            "70.000000" : 0,
            "80.000000" : 0,
            "90.000000" : 0,
            "95.000000" : 0,
            "99.000000" : 0,
            "99.500000" : 0,
            "99.900000" : 0,
            "99.950000" : 0,
            "99.990000" : 0
          }
        },
        "lat_ns" : {
          "min" : 0,
          "max" : 0,
          "mean" : 0.000000,
          "stddev" : 0.000000
        },
        "bw_min" : 0,
        "bw_max" : 0,
        "bw_agg" : 0.000000,
        "bw_mean" : 0.000000,
        "bw_dev" : 0.000000,
        "bw_samples" : 0,
        "iops_min" : 0,
        "iops_max" : 0,
        "iops_mean" : 0.000000,
        "iops_stddev" : 0.000000,
        "iops_samples" : 0
      },
      "write" : {
        "io_bytes" : 22975610880,
        "io_kbytes" : 22437120,
        "bw_bytes" : 765828168,
        "bw" : 747879,
        "iops" : 5842.805240,
        "runtime" : 30001,
        "total_ios" : 175290,
        "short_ios" : 0,
        "drop_ios" : 0,
        "slat_ns" : {
          "min" : 29748,
          "max" : 218440,
          "mean" : 51674.406093,
          "stddev" : 16544.511053
        },
        "clat_ns" : {
          "min" : 62841,
          "max" : 684533,
          "mean" : 117357.542027,
          "stddev" : 15252.080309,
          "percentile" : {
            "1.000000" : 88576,
            "5.000000" : 99840,
            "10.000000" : 103936,
            "20.000000" : 109056,
            "30.000000" : 114176,
            "40.000000" : 116224,
            "50.000000" : 118272,
            "60.000000" : 119296,
            "70.000000" : 121344,
            "80.000000" : 123392,
            "90.000000" : 127488,
            "95.000000" : 132096,
            "99.000000" : 140288,
            "99.500000" : 152576,
            "99.900000" : 317440,
            "99.950000" : 321536,
            "99.990000" : 493568
          }
        },
        "lat_ns" : {
          "min" : 110933,
          "max" : 733139,
          "mean" : 169178.383211,
          "stddev" : 24687.579144
        },
        "bw_min" : 530944,
        "bw_max" : 816640,
        "bw_agg" : 100.000000,
        "bw_mean" : 748014.644068,
        "bw_dev" : 35128.716950,
        "bw_samples" : 59,
        "iops_min" : 4148,
        "iops_max" : 6380,
        "iops_mean" : 5843.864407,
        "iops_stddev" : 274.443101,
        "iops_samples" : 59
      },
      "trim" : {
        "io_bytes" : 0,
        "io_kbytes" : 0,
        "bw_bytes" : 0,
        "bw" : 0,
        "iops" : 0.000000,
        "runtime" : 0,
        "total_ios" : 0,
        "short_ios" : 0,
        "drop_ios" : 0,
        "slat_ns" : {
          "min" : 0,
          "max" : 0,
          "mean" : 0.000000,
          "stddev" : 0.000000
        },
        "clat_ns" : {
          "min" : 0,
          "max" : 0,
          "mean" : 0.000000,
          "stddev" : 0.000000,
          "percentile" : {
            "1.000000" : 0,
            "5.000000" : 0,
            "10.000000" : 0,
            "20.000000" : 0,
            "30.000000" : 0,
            "40.000000" : 0,
            "50.000000" : 0,
            "60.000000" : 0,
            "70.000000" : 0,
            "80.000000" : 0,
            "90.000000" : 0,
            "95.000000" : 0,
            "99.000000" : 0,
            "99.500000" : 0,
            "99.900000" : 0,
            "99.950000" : 0,
            "99.990000" : 0
          }
        },
        "lat_ns" : {
          "min" : 0,
          "max" : 0,
          "mean" : 0.000000,
          "stddev" : 0.000000
        },
        "bw_min" : 0,
        "bw_max" : 0,
        "bw_agg" : 0.000000,
        "bw_mean" : 0.000000,
        "bw_dev" : 0.000000,
        "bw_samples" : 0,
        "iops_min" : 0,
        "iops_max" : 0,
        "iops_mean" : 0.000000,
        "iops_stddev" : 0.000000,
        "iops_samples" : 0
      },
      "sync" : {
        "lat_ns" : {
          "min" : 55,
          "max" : 7064,
          "mean" : 132.417564,
          "stddev" : 132.722511,
          "percentile" : {
            "1.000000" : 77,
            "5.000000" : 86,
            "10.000000" : 88,
            "20.000000" : 89,
            "30.000000" : 90,
            "40.000000" : 92,
            "50.000000" : 96,
            "60.000000" : 115,
            "70.000000" : 149,
            "80.000000" : 161,
            "90.000000" : 183,
            "95.000000" : 270,
            "99.000000" : 434,
            "99.500000" : 524,
            "99.900000" : 908,
            "99.950000" : 1192,
            "99.990000" : 7072
          }
        },
        "total_ios" : 5477
      },
      "job_runtime" : 30000,
      "usr_cpu" : 6.916667,
      "sys_cpu" : 28.346667,
      "ctx" : 181096,
      "majf" : 0,
      "minf" : 11,
      "iodepth_level" : {
        "1" : 103.124536,
        "2" : 0.000000,
        "4" : 0.000000,
        "8" : 0.000000,
        "16" : 0.000000,
        "32" : 0.000000,
        ">=64" : 0.000000
      },
      "iodepth_submit" : {
        "0" : 0.000000,
        "4" : 100.000000,
        "8" : 0.000000,
        "16" : 0.000000,
        "32" : 0.000000,
        "64" : 0.000000,
        ">=64" : 0.000000
      },
      "iodepth_complete" : {
        "0" : 0.000000,
        "4" : 100.000000,
        "8" : 0.000000,
        "16" : 0.000000,
        "32" : 0.000000,
        "64" : 0.000000,
        ">=64" : 0.000000
      },
      "latency_ns" : {
        "2" : 0.000000,
        "4" : 0.000000,
        "10" : 0.000000,
        "20" : 0.000000,
        "50" : 0.000000,
        "100" : 0.000000,
        "250" : 0.000000,
        "500" : 0.000000,
        "750" : 0.000000,
        "1000" : 0.000000
      },
      "latency_us" : {
        "2" : 0.000000,
        "4" : 0.000000,
        "10" : 0.000000,
        "20" : 0.000000,
        "50" : 0.000000,
        "100" : 5.268983,
        "250" : 94.431513,
        "500" : 0.291517,
        "750" : 0.010000,
        "1000" : 0.000000
      },
      "latency_ms" : {
        "2" : 0.000000,
        "4" : 0.000000,
        "10" : 0.000000,
        "20" : 0.000000,
        "50" : 0.000000,
        "100" : 0.000000,
        "250" : 0.000000,
        "500" : 0.000000,
        "750" : 0.000000,
        "1000" : 0.000000,
        "2000" : 0.000000,
        ">=2000" : 0.000000
      },
      "latency_depth" : 1,
      "latency_target" : 0,
      "latency_percentile" : 100.000000,
      "latency_window" : 0
    }
  ],
  "disk_util" : [
    {
      "name" : "vdb",
      "read_ios" : 0,
      "write_ios" : 5596996,
      "read_merges" : 0,
      "write_merges" : 0,
      "read_ticks" : 0,
      "write_ticks" : 535980,
      "in_queue" : 495736,