{
  "fio version" : "fio-3.13",
  "timestamp" : 1581249660,
  "timestamp_ms" : 1581249660870,
  "time" : "Sun Feb  9 12:01:00 2020",
  "jobs" : [
    {
      "jobname" : "rand-write-128k",
      "groupid" : 0,
      "error" : 0,
      "eta" : 0,
      "elapsed" : 31,
      "job options" : {
        "runtime" : "30",
        "bs" : "128k",
        "rw" : "randwrite",
        "direct" : "1",
        "randrepeat" : "0",
        "ioengine" : "libaio",
        "iodepth" : "32",
        "fsync" : "32",
        "filename" : "/dev/vdb"
      },
      "read" : {
        "io_bytes" : 0,
        "io_kbytes" : 0,
        "bw_bytes" : 0,
        "bw" : 0,
        "iops" : 0.000000,
        "runtime" : 0,
        "total_ios" : 0,
        "short_ios" : 0,
        "drop_ios" : 0,
        "slat_ns" : {
          "min" : 0,
          "max" : 0,
          "mean" : 0.000000,
          "stddev" : 0.000000
        },
        "clat_ns" : {
          "min" : 0,
          "max" : 0,
          "mean" : 0.000000,
          "stddev" : 0.000000,
          "percentile" : {
            "1.000000" : 0,
            "5.000000" : 0,
            "10.000000" : 0,
            "20.000000" : 0,
            "30.000000" : 0,
            "40.000000" : 0,
            "50.000000" : 0,
            "60.000000" : 0,
            "70.000000" : 0,
            "80.000000" : 0,
            "90.000000" : 0,
            "95.000000" : 0,
            "99.000000" : 0,
            "99.500000" : 0,
            "99.900000" : 0,
            "99.950000" : 0,
            "99.990000" : 0
          }
        },
        "lat_ns" : {
          "min" : 0,
          "max" : 0,
          "mean" : 0.000000,
          "stddev" : 0.000000
        },
        "bw_min" : 0,
        "bw_max" : 0,
        "bw_agg" : 0.000000,
        "bw_mean" : 0.000000,
        "bw_dev" : 0.000000,
        "bw_samples" : 0,
        "iops_min" : 0,
        "iops_max" : 0,
        "iops_mean" : 0.000000,
        "iops_stddev" : 0.000000,
        "iops_samples" : 0
      },
      "write" : {
        "io_bytes" : 52479131648,
        "io_kbytes" : 51249152,
        "bw_bytes" : 1749246080,
        "bw" : 1708248,
        "iops" : 13345.688477,
        "runtime" : 30001,
        "total_ios" : 400384,
        "short_ios" : 0,
        "drop_ios" : 0,
        "slat_ns" : {
          "min" : 10277,
          "max" : 1211556,
          "mean" : 29071.880372,
          "stddev" : 16424.173483
        },
        "clat_ns" : {
          "min" : 603386,
          "max" : 4423983,
          "mean" : 2324099.913099,
          "stddev" : 315771.715357,
          "percentile" : {
            "1.000000" : 978944,
            "5.000000" : 1908736,
            "10.000000" : 1974272,
            "20.000000" : 2277376,
            "30.000000" : 2310144,
            "40.000000" : 2342912,
            "50.000000" : 2342912,
            "60.000000" : 2375680,
            "70.000000" : 2473984,
            "80.000000" : 2506752,
            "90.000000" : 2605056,
            "95.000000" : 2637824,
            "99.000000" : 2834432,
            "99.500000" : 2834432,
            "99.900000" : 3325952,
            "99.950000" : 3883008,
            "99.990000" : 4358144
          }
        },
        "lat_ns" : {
          "min" : 626946,
          "max" : 4449497,
          "mean" : 2353345.459329,
          "stddev" : 315899.307116
        },
        "bw_min" : 1446656,
        "bw_max" : 2007040,
        "bw_agg" : 100.000000,
        "bw_mean" : 1712716.118644,
        "bw_dev" : 119878.247791,
        "bw_samples" : 59,
        "iops_min" : 11302,
        "iops_max" : 15680,
        "iops_mean" : 13380.593220,
        "iops_stddev" : 936.550275,
        "iops_samples" : 59
      },
      "trim" : {
        "io_bytes" : 0,
        "io_kbytes" : 0,
        "bw_bytes" : 0,
        "bw" : 0,
        "iops" : 0.000000,
        "runtime" : 0,
        "total_ios" : 0,
        "short_ios" : 0,
        "drop_ios" : 0,
        "slat_ns" : {
          "min" : 0,
          "max" : 0,
          "mean" : 0.000000,
          "stddev" : 0.000000
        },
        "clat_ns" : {
          "min" : 0,
          "max" : 0,
          "mean" : 0.000000,
          "stddev" : 0.000000,
          "percentile" : {
            "1.000000" : 0,
            "5.000000" : 0,
            "10.000000" : 0,
            "20.000000" : 0,
            "30.000000" : 0,
            "40.000000" : 0,
            "50.000000" : 0,
            "60.000000" : 0,
            "70.000000" : 0,
            "80.000000" : 0,
            "90.000000" : 0,
            "95.000000" : 0,
            "99.000000" : 0,
            "99.500000" : 0,
            "99.900000" : 0,
            "99.950000" : 0,
            "99.990000" : 0
          }
        },
        "lat_ns" : {
          "min" : 0,
          "max" : 0,
          "mean" : 0.000000,
          "stddev" : 0.000000
        },
        "bw_min" : 0,
        "bw_max" : 0,
        "bw_agg" : 0.000000,
        "bw_mean" : 0.000000,
        "bw_dev" : 0.000000,
        "bw_samples" : 0,
        "iops_min" : 0,
        "iops_max" : 0,
        "iops_mean" : 0.000000,
        "iops_stddev" : 0.000000,
        "iops_samples" : 0
      },
      "sync" : {
        "lat_ns" : {
          "min" : 122,
          "max" : 2413,
          "mean" : 568.271180,
          "stddev" : 121.362903,
          "percentile" : {
            "1.000000" : 195,
            "5.000000" : 322,
            "10.000000" : 422,
            "20.000000" : 516,
            "30.000000" : 548,
            "40.000000" : 564,
            "50.000000" : 580,
            "60.000000" : 596,
            "70.000000" : 620,
            "80.000000" : 652,
            "90.000000" : 692,
            "95.000000" : 716,
            "99.000000" : 772,
            "99.500000" : 812,
            "99.900000" : 1400,
            "99.950000" : 1560,
            "99.990000" : 2192
          }
        },
        "total_ios" : 12512
      },
      "job_runtime" : 30000,
      "usr_cpu" : 18.430000,
      "sys_cpu" : 24.896667,
      "ctx" : 12937,
      "majf" : 0,
      "minf" : 12,
      "iodepth_level" : {
        "1" : 0.100000,
        "2" : 0.100000,
        "4" : 0.100000,
        "8" : 0.100000,
        "16" : 0.100000,
        "32" : 103.117257,
        ">=64" : 0.000000
      },
      "iodepth_submit" : {
        "0" : 0.000000,
        "4" : 100.000000,
        "8" : 0.000000,
        "16" : 0.000000,
        "32" : 0.000000,
        "64" : 0.000000,
        ">=64" : 0.000000
      },
      "iodepth_complete" : {
        "0" : 0.000000,
        "4" : 99.999750,
        "8" : 0.000000,
        "16" : 0.000000,
        "32" : 0.100000,
        "64" : 0.000000,
        ">=64" : 0.000000
      },
      "latency_ns" : {
        "2" : 0.000000,
        "4" : 0.000000,
        "10" : 0.000000,
        "20" : 0.000000,
        "50" : 0.000000,
        "100" : 0.000000,
        "250" : 0.000000,
        "500" : 0.000000,
        "750" : 0.000000,
        "1000" : 0.000000
      },
      "latency_us" : {
        "2" : 0.000000,
        "4" : 0.000000,
        "10" : 0.000000,
        "20" : 0.000000,
        "50" : 0.000000,
        "100" : 0.000000,
        "250" : 0.000000,
        "500" : 0.000000,
        "750" : 0.078924,
        "1000" : 1.489070
      },
      "latency_ms" : {
        "2" : 10.600074,
        "4" : 87.793219,
        "10" : 0.038713,
        "20" : 0.000000,
        "50" : 0.000000,
        "100" : 0.000000,
        "250" : 0.000000,
        "500" : 0.000000,
        "750" : 0.000000,
        "1000" : 0.000000,
        "2000" : 0.000000,
        ">=2000" : 0.000000
      },
      "latency_depth" : 32,
      "latency_target" : 0,
      "latency_percentile" : 100.000000,
      "latency_window" : 0
    }
  ],
  "disk_util" : [
    {
      "name" : "vdb",
      "read_ios" : 0,
      "write_ios" : 1421813,
      "read_merges" : 0,
      "write_merges" : 0,
      "read_ticks" : 0,
      "write_ticks" : 1793736,