{
  "fio version" : "fio-3.13",
  "timestamp" : 1581249005,
  "timestamp_ms" : 1581249005362,
  "time" : "Sun Feb  9 11:50:05 2020",
  "jobs" : [
    {
      "jobname" : "rand-write-128k",
      "groupid" : 0,
      "error" : 0,
      "eta" : 0,
      "elapsed" : 31,
      "job options" : {
        "runtime" : "30",
        "bs" : "128k",
        "rw" : "randwrite",
        "direct" : "1",
        "randrepeat" : "0",
        "ioengine" : "libaio",
        "iodepth" : "32",
        "fsync" : "32",
        "filename" : "/dev/vdb"
      },
      "read" : {
        "io_bytes" : 0,
        "io_kbytes" : 0,
        "bw_bytes" : 0,
        "bw" : 0,
        "iops" : 0.000000,
        "runtime" : 0,
        "total_ios" : 0,
        "short_ios" : 0,
        "drop_ios" : 0,
        "slat_ns" : {
          "min" : 0,
          "max" : 0,
          "mean" : 0.000000,
          "stddev" : 0.000000
        },
        "clat_ns" : {
          "min" : 0,
          "max" : 0,
          "mean" : 0.000000,
          "stddev" : 0.000000,
          "percentile" : {
            "1.000000" : 0,
            "5.000000" : 0,
            "10.000000" : 0,
            "20.000000" : 0,
            "30.000000" : 0,
            "40.000000" : 0,
            "50.000000" : 0,
            "60.000000" : 0,
            "70.000000" : 0,
            "80.000000" : 0,
            "90.000000" : 0,
            "95.000000" : 0,
            "99.000000" : 0,
            "99.500000" : 0,
            "99.900000" : 0,
            "99.950000" : 0,
            "99.990000" : 0
          }
        },
        "lat_ns" : {
          "min" : 0,
          "max" : 0,
          "mean" : 0.000000,
          "stddev" : 0.000000
        },
        "bw_min" : 0,
        "bw_max" : 0,
        "bw_agg" : 0.000000,
        "bw_mean" : 0.000000,
        "bw_dev" : 0.000000,
        "bw_samples" : 0,
        "iops_min" : 0,
        "iops_max" : 0,
        "iops_mean" : 0.000000,
        "iops_stddev" : 0.000000,
        "iops_samples" : 0
      },
      "write" : {
        "io_bytes" : 53414068224,
        "io_kbytes" : 52162176,
        "bw_bytes" : 1780350250,
        "bw" : 1738623,
        "iops" : 13582.994467,
        "runtime" : 30002,
        "total_ios" : 407517,
        "short_ios" : 0,
        "drop_ios" : 0,
        "slat_ns" : {
          "min" : 18007,
          "max" : 229476,
          "mean" : 29900.921289,
          "stddev" : 7092.784335
        },
        "clat_ns" : {
          "min" : 764915,
          "max" : 4459933,
          "mean" : 2319577.378573,
          "stddev" : 324229.550074,
          "percentile" : {
            "1.000000" : 1843200,
            "5.000000" : 1908736,
            "10.000000" : 1925120,
            "20.000000" : 1941504,
            "30.000000" : 1990656,
            "40.000000" : 2310144,
            "50.000000" : 2342912,
            "60.000000" : 2342912,
            "70.000000" : 2375680,
            "80.000000" : 2736128,
            "90.000000" : 2768896,
            "95.000000" : 2801664,
            "99.000000" : 2867200,
            "99.500000" : 2899968,
            "99.900000" : 3719168,
            "99.950000" : 4145152,
            "99.990000" : 4358144
          }
        },
        "lat_ns" : {
          "min" : 834478,
          "max" : 4488154,
          "mean" : 2349816.560045,
          "stddev" : 328050.695465
        },
        "bw_min" : 1427456,
        "bw_max" : 2097152,
        "bw_agg" : 99.988802,
        "bw_mean" : 1738428.316667,
        "bw_dev" : 223615.004398,
        "bw_samples" : 60,
        "iops_min" : 11152,
        "iops_max" : 16384,
        "iops_mean" : 13581.450000,
        "iops_stddev" : 1746.987299,
        "iops_samples" : 60
      },
      "trim" : {
        "io_bytes" : 0,
        "io_kbytes" : 0,
        "bw_bytes" : 0,
        "bw" : 0,
        "iops" : 0.000000,
        "runtime" : 0,
        "total_ios" : 0,
        "short_ios" : 0,
        "drop_ios" : 0,
        "slat_ns" : {
          "min" : 0,
          "max" : 0,
          "mean" : 0.000000,
          "stddev" : 0.000000
        },
        "clat_ns" : {
          "min" : 0,
          "max" : 0,
          "mean" : 0.000000,
          "stddev" : 0.000000,
          "percentile" : {
            "1.000000" : 0,
            "5.000000" : 0,
            "10.000000" : 0,
            "20.000000" : 0,
            "30.000000" : 0,
            "40.000000" : 0,
            "50.000000" : 0,
            "60.000000" : 0,
            "70.000000" : 0,
            "80.000000" : 0,
            "90.000000" : 0,
            "95.000000" : 0,
            "99.000000" : 0,
            "99.500000" : 0,
            "99.900000" : 0,
            "99.950000" : 0,
            "99.990000" : 0
          }
        },
        "lat_ns" : {
          "min" : 0,
          "max" : 0,
          "mean" : 0.000000,
          "stddev" : 0.000000
        },
        "bw_min" : 0,
        "bw_max" : 0,
        "bw_agg" : 0.000000,
        "bw_mean" : 0.000000,
        "bw_dev" : 0.000000,
        "bw_samples" : 0,
        "iops_min" : 0,
        "iops_max" : 0,
        "iops_mean" : 0.000000,
        "iops_stddev" : 0.000000,
        "iops_samples" : 0
      },
      "sync" : {
        "lat_ns" : {
          "min" : 133,
          "max" : 32370,
          "mean" : 450.785221,
          "stddev" : 447.232681,
          "percentile" : {
            "1.000000" : 177,
            "5.000000" : 290,
            "10.000000" : 362,
            "20.000000" : 410,
            "30.000000" : 438,
            "40.000000" : 454,
            "50.000000" : 462,
            "60.000000" : 466,
            "70.000000" : 474,
            "80.000000" : 486,
            "90.000000" : 502,
            "95.000000" : 524,
            "99.000000" : 580,
            "99.500000" : 636,
            "99.900000" : 1160,
            "99.950000" : 1400,
            "99.990000" : 27008
          }
        },
        "total_ios" : 12734
      },
      "job_runtime" : 30001,
      "usr_cpu" : 17.159428,
      "sys_cpu" : 30.792307,
      "ctx" : 26428,
      "majf" : 0,
      "minf" : 12,
      "iodepth_level" : {
        "1" : 0.100000,
        "2" : 0.100000,
        "4" : 0.100000,
        "8" : 0.100000,
        "16" : 0.100000,
        "32" : 103.117171,
        ">=64" : 0.000000
      },
      "iodepth_submit" : {
        "0" : 0.000000,
        "4" : 100.000000,
        "8" : 0.000000,
        "16" : 0.000000,
        "32" : 0.000000,
        "64" : 0.000000,
        ">=64" : 0.000000
      },
      "iodepth_complete" : {
        "0" : 0.000000,
        "4" : 99.999755,
        "8" : 0.000000,
        "16" : 0.000000,
        "32" : 0.100000,
        "64" : 0.000000,
        ">=64" : 0.000000
      },
      "latency_ns" : {
        "2" : 0.000000,
        "4" : 0.000000,
        "10" : 0.000000,
        "20" : 0.000000,
        "50" : 0.000000,
        "100" : 0.000000,
        "250" : 0.000000,
        "500" : 0.000000,
        "750" : 0.000000,
        "1000" : 0.000000
      },
      "latency_us" : {
        "2" : 0.000000,
        "4" : 0.000000,
        "10" : 0.000000,
        "20" : 0.000000,
        "50" : 0.000000,
        "100" : 0.000000,
        "250" : 0.000000,
        "500" : 0.000000,
        "750" : 0.000000,
        "1000" : 0.010000
      },
      "latency_ms" : {
        "2" : 30.167330,
        "4" : 69.776721,
        "10" : 0.055458,
        "20" : 0.000000,
        "50" : 0.000000,
        "100" : 0.000000,
        "250" : 0.000000,
        "500" : 0.000000,
        "750" : 0.000000,
        "1000" : 0.000000,
        "2000" : 0.000000,
        ">=2000" : 0.000000
      },
      "latency_depth" : 32,
      "latency_target" : 0,
      "latency_percentile" : 100.000000,
      "latency_window" : 0
    }
  ],
  "disk_util" : [
    {
      "name" : "vdb",
      "read_ios" : 0,
      "write_ios" : 520536,
      "read_merges" : 0,
      "write_merges" : 0,
      "read_ticks" : 0,
      "write_ticks" : 790536,