{
  "fio version" : "fio-3.13",
  "timestamp" : 1581249238,
  "timestamp_ms" : 1581249238927,
  "time" : "Sun Feb  9 11:53:58 2020",
  "jobs" : [
    {
      "jobname" : "rand-write-4k-qd1",
      "groupid" : 0,
      "error" : 0,
      "eta" : 0,
      "elapsed" : 31,
      "job options" : {
        "runtime" : "30",
        "bs" : "4k",
        "rw" : "randwrite",
        "direct" : "1",
        "randrepeat" : "0",
        "ioengine" : "libaio",
        "iodepth" : "1",
        "fsync" : "32",
        "filename" : "/dev/vdb"
      },
      "read" : {
        "io_bytes" : 0,
        "io_kbytes" : 0,
        "bw_bytes" : 0,
        "bw" : 0,
        "iops" : 0.000000,
        "runtime" : 0,
        "total_ios" : 0,
        "short_ios" : 0,
        "drop_ios" : 0,
        "slat_ns" : {
          "min" : 0,
          "max" : 0,
          "mean" : 0.000000,
          "stddev" : 0.000000
        },
        "clat_ns" : {
          "min" : 0,
          "max" : 0,
          "mean" : 0.000000,
          "stddev" : 0.000000,
          "percentile" : {
            "1.000000" : 0,
            "5.000000" : 0,
            "10.000000" : 0,
            "20.000000" : 0,
            "30.000000" : 0,
            "40.000000" : 0,
            "50.000000" : 0,
            "60.000000" : 0,
            "70.000000" : 0,
            "80.000000" : 0,
            "90.000000" : 0,
            "95.000000" : 0,
            "99.000000" : 0,
            "99.500000" : 0,
            "99.900000" : 0,
            "99.950000" : 0,
            "99.990000" : 0
          }
        },
        "lat_ns" : {
          "min" : 0,
          "max" : 0,
          "mean" : 0.000000,
          "stddev" : 0.000000
        },
        "bw_min" : 0,
        "bw_max" : 0,
        "bw_agg" : 0.000000,
        "bw_mean" : 0.000000,
        "bw_dev" : 0.000000,
        "bw_samples" : 0,
        "iops_min" : 0,
        "iops_max" : 0,
        "iops_mean" : 0.000000,
        "iops_stddev" : 0.000000,
        "iops_samples" : 0
      },
      "write" : {
        "io_bytes" : 1840791552,
        "io_kbytes" : 1797648,
        "bw_bytes" : 61357673,
        "bw" : 59919,
        "iops" : 14979.900670,
        "runtime" : 30001,
        "total_ios" : 449412,
        "short_ios" : 0,
        "drop_ios" : 0,
        "slat_ns" : {
          "min" : 4013,
          "max" : 104984,
          "mean" : 6052.701554,
          "stddev" : 976.733864
        },
        "clat_ns" : {
          "min" : 2344,
          "max" : 5547058,
          "mean" : 47827.518319,
          "stddev" : 16790.955706,
          "percentile" : {
            "1.000000" : 39168,
            "5.000000" : 40704,
            "10.000000" : 41728,
            "20.000000" : 43776,
            "30.000000" : 44800,
            "40.000000" : 45824,
            "50.000000" : 46848,
            "60.000000" : 48384,
            "70.000000" : 49920,
            "80.000000" : 51456,
            "90.000000" : 54016,
            "95.000000" : 57600,
            "99.000000" : 63744,
            "99.500000" : 66048,
            "99.900000" : 72192,
            "99.950000" : 76288,
            "99.990000" : 94720
          }
        },
        "lat_ns" : {
          "min" : 37591,
          "max" : 5554735,
          "mean" : 54310.480192,
          "stddev" : 16905.663279
        },
        "bw_min" : 54272,
        "bw_max" : 63472,
        "bw_agg" : 99.971940,
        "bw_mean" : 59902.186441,
        "bw_dev" : 2455.152481,
        "bw_samples" : 59,
        "iops_min" : 13568,
        "iops_max" : 15868,
        "iops_mean" : 14975.525424,
        "iops_stddev" : 613.766365,
        "iops_samples" : 59
      },
      "trim" : {
        "io_bytes" : 0,
        "io_kbytes" : 0,
        "bw_bytes" : 0,
        "bw" : 0,
        "iops" : 0.000000,
        "runtime" : 0,
        "total_ios" : 0,
        "short_ios" : 0,
        "drop_ios" : 0,
        "slat_ns" : {
          "min" : 0,
          "max" : 0,
          "mean" : 0.000000,
          "stddev" : 0.000000
        },
        "clat_ns" : {
          "min" : 0,
          "max" : 0,
          "mean" : 0.000000,
          "stddev" : 0.000000,
          "percentile" : {
            "1.000000" : 0,
            "5.000000" : 0,
            "10.000000" : 0,
            "20.000000" : 0,
            "30.000000" : 0,
            "40.000000" : 0,
            "50.000000" : 0,
            "60.000000" : 0,
            "70.000000" : 0,
            "80.000000" : 0,
            "90.000000" : 0,
            "95.000000" : 0,
            "99.000000" : 0,
            "99.500000" : 0,
            "99.900000" : 0,
            "99.950000" : 0,
            "99.990000" : 0
          }
        },
        "lat_ns" : {
          "min" : 0,
          "max" : 0,
          "mean" : 0.000000,
          "stddev" : 0.000000
        },
        "bw_min" : 0,
        "bw_max" : 0,
        "bw_agg" : 0.000000,
        "bw_mean" : 0.000000,
        "bw_dev" : 0.000000,
        "bw_samples" : 0,
        "iops_min" : 0,
        "iops_max" : 0,
        "iops_mean" : 0.000000,
        "iops_stddev" : 0.000000,
        "iops_samples" : 0
      },
      "sync" : {
        "lat_ns" : {
          "min" : 403,
          "max" : 7813,
          "mean" : 502.808744,
          "stddev" : 123.712855,
          "percentile" : {
            "1.000000" : 454,
            "5.000000" : 478,
            "10.000000" : 482,
            "20.000000" : 486,
            "30.000000" : 486,
            "40.000000" : 490,
            "50.000000" : 490,
            "60.000000" : 494,
            "70.000000" : 494,
            "80.000000" : 502,
            "90.000000" : 548,
            "95.000000" : 556,
            "99.000000" : 604,
            "99.500000" : 628,
            "99.900000" : 1304,
            "99.950000" : 1448,
            "99.990000" : 7584
          }
        },
        "total_ios" : 14044
      },
      "job_runtime" : 30000,
      "usr_cpu" : 4.046667,
      "sys_cpu" : 14.433333,
      "ctx" : 463874,
      "majf" : 4,
      "minf" : 19,
      "iodepth_level" : {
        "1" : 103.124972,
        "2" : 0.000000,
        "4" : 0.000000,
        "8" : 0.000000,
        "16" : 0.000000,
        "32" : 0.000000,
        ">=64" : 0.000000
      },
      "iodepth_submit" : {
        "0" : 0.000000,
        "4" : 100.000000,
        "8" : 0.000000,
        "16" : 0.000000,
        "32" : 0.000000,
        "64" : 0.000000,
        ">=64" : 0.000000
      },
      "iodepth_complete" : {
        "0" : 0.000000,
        "4" : 100.000000,
        "8" : 0.000000,
        "16" : 0.000000,
        "32" : 0.000000,
        "64" : 0.000000,
        ">=64" : 0.000000
      },
      "latency_ns" : {
        "2" : 0.000000,
        "4" : 0.000000,
        "10" : 0.000000,
        "20" : 0.000000,
        "50" : 0.000000,
        "100" : 0.000000,
        "250" : 0.000000,
        "500" : 0.000000,
        "750" : 0.000000,
        "1000" : 0.000000
      },
      "latency_us" : {
        "2" : 0.000000,
        "4" : 0.010000,
        "10" : 0.000000,
        "20" : 0.010000,
        "50" : 70.691481,
        "100" : 29.296280,
        "250" : 0.010000,
        "500" : 0.010000,
        "750" : 0.010000,
        "1000" : 0.010000
      },
      "latency_ms" : {
        "2" : 0.010000,
        "4" : 0.010000,
        "10" : 0.010000,
        "20" : 0.000000,
        "50" : 0.000000,
        "100" : 0.000000,
        "250" : 0.000000,
        "500" : 0.000000,
        "750" : 0.000000,
        "1000" : 0.000000,
        "2000" : 0.000000,
        ">=2000" : 0.000000
      },
      "latency_depth" : 1,
      "latency_target" : 0,
      "latency_percentile" : 100.000000,
      "latency_window" : 0
    }
  ],
  "disk_util" : [
    {
      "name" : "vdb",
      "read_ios" : 0,
      "write_ios" : 461423,
      "read_merges" : 0,
      "write_merges" : 0,
      "read_ticks" : 0,
      "write_ticks" : 27184,
      "in_queue" : 4,
      "util" : 0.013341
    }
  ]
}
