{
  "fio version" : "fio-3.13",
  "timestamp" : 1581161680,
  "timestamp_ms" : 1581161680686,
  "time" : "Sat Feb  8 11:34:40 2020",
  "jobs" : [
    {
      "jobname" : "rand-write-128k-qd1",
      "groupid" : 0,
      "error" : 0,
      "eta" : 0,
      "elapsed" : 31,
      "job options" : {
        "runtime" : "30",
        "bs" : "128k",
        "rw" : "randwrite",
        "direct" : "1",
        "randrepeat" : "0",
        "ioengine" : "libaio",
        "iodepth" : "1",
        "fsync" : "32",
        "filename" : "/dev/vdb"
      },
      "read" : {
        "io_bytes" : 0,
        "io_kbytes" : 0,
        "bw_bytes" : 0,
        "bw" : 0,
        "iops" : 0.000000,
        "runtime" : 0,
        "total_ios" : 0,
        "short_ios" : 0,
        "drop_ios" : 0,
        "slat_ns" : {
          "min" : 0,
          "max" : 0,
          "mean" : 0.000000,
          "stddev" : 0.000000
        },
        "clat_ns" : {
          "min" : 0,
          "max" : 0,
          "mean" : 0.000000,
          "stddev" : 0.000000,
          "percentile" : {
            "1.000000" : 0,
            "5.000000" : 0,
            "10.000000" : 0,
            "20.000000" : 0,
            "30.000000" : 0,
            "40.000000" : 0,
            "50.000000" : 0,
            "60.000000" : 0,
            "70.000000" : 0,
            "80.000000" : 0,
            "90.000000" : 0,
            "95.000000" : 0,
            "99.000000" : 0,
            "99.500000" : 0,
            "99.900000" : 0,
            "99.950000" : 0,
            "99.990000" : 0
          }
        },
        "lat_ns" : {
          "min" : 0,
          "max" : 0,
          "mean" : 0.000000,
          "stddev" : 0.000000
        },
        "bw_min" : 0,
        "bw_max" : 0,
        "bw_agg" : 0.000000,
        "bw_mean" : 0.000000,
        "bw_dev" : 0.000000,
        "bw_samples" : 0,
        "iops_min" : 0,
        "iops_max" : 0,
        "iops_mean" : 0.000000,
        "iops_stddev" : 0.000000,
        "iops_samples" : 0
      },
      "write" : {
        "io_bytes" : 10387324928,
        "io_kbytes" : 10143872,
        "bw_bytes" : 346232623,
        "bw" : 338117,
        "iops" : 2641.545282,
        "runtime" : 30001,
        "total_ios" : 79249,
        "short_ios" : 0,
        "drop_ios" : 0,
        "slat_ns" : {
          "min" : 15114,
          "max" : 1092546,
          "mean" : 32631.591339,
          "stddev" : 8868.113578
        },
        "clat_ns" : {
          "min" : 122610,
          "max" : 7834300,
          "mean" : 212525.406504,
          "stddev" : 31132.833403,
          "percentile" : {
            "1.000000" : 175104,
            "5.000000" : 189440,
            "10.000000" : 193536,
            "20.000000" : 197632,
            "30.000000" : 203776,
            "40.000000" : 207872,
            "50.000000" : 216064,
            "60.000000" : 220160,
            "70.000000" : 222208,
            "80.000000" : 224256,
            "90.000000" : 228352,
            "95.000000" : 232448,
            "99.000000" : 244736,
            "99.500000" : 250880,
            "99.900000" : 264192,
            "99.950000" : 268288,
            "99.990000" : 313344
          }
        },
        "lat_ns" : {
          "min" : 170284,
          "max" : 7871785,
          "mean" : 246231.824212,
          "stddev" : 32718.966301
        },
        "bw_min" : 325632,
        "bw_max" : 353280,
        "bw_agg" : 100.000000,
        "bw_mean" : 338302.932203,
        "bw_dev" : 10987.757499,
        "bw_samples" : 59,
        "iops_min" : 2544,
        "iops_max" : 2760,
        "iops_mean" : 2642.983051,
        "iops_stddev" : 85.831730,
        "iops_samples" : 59
      },
      "trim" : {
        "io_bytes" : 0,
        "io_kbytes" : 0,
        "bw_bytes" : 0,
        "bw" : 0,
        "iops" : 0.000000,
        "runtime" : 0,
        "total_ios" : 0,
        "short_ios" : 0,
        "drop_ios" : 0,
        "slat_ns" : {
          "min" : 0,
          "max" : 0,
          "mean" : 0.000000,
          "stddev" : 0.000000
        },
        "clat_ns" : {
          "min" : 0,
          "max" : 0,
          "mean" : 0.000000,
          "stddev" : 0.000000,
          "percentile" : {
            "1.000000" : 0,
            "5.000000" : 0,
            "10.000000" : 0,
            "20.000000" : 0,
            "30.000000" : 0,
            "40.000000" : 0,
            "50.000000" : 0,
            "60.000000" : 0,
            "70.000000" : 0,
            "80.000000" : 0,
            "90.000000" : 0,
            "95.000000" : 0,
            "99.000000" : 0,
            "99.500000" : 0,
            "99.900000" : 0,
            "99.950000" : 0,
            "99.990000" : 0
          }
        },
        "lat_ns" : {
          "min" : 0,
          "max" : 0,
          "mean" : 0.000000,
          "stddev" : 0.000000
        },
        "bw_min" : 0,
        "bw_max" : 0,
        "bw_agg" : 0.000000,
        "bw_mean" : 0.000000,
        "bw_dev" : 0.000000,
        "bw_samples" : 0,
        "iops_min" : 0,
        "iops_max" : 0,
        "iops_mean" : 0.000000,
        "iops_stddev" : 0.000000,
        "iops_samples" : 0
      },
      "sync" : {
        "lat_ns" : {
          "min" : 959,
          "max" : 33604,
          "mean" : 1424.296042,
          "stddev" : 1030.849220,
          "percentile" : {
            "1.000000" : 1064,
            "5.000000" : 1144,
            "10.000000" : 1208,
            "20.000000" : 1288,
            "30.000000" : 1320,
            "40.000000" : 1336,
            "50.000000" : 1352,
            "60.000000" : 1432,
            "70.000000" : 1464,
            "80.000000" : 1480,
            "90.000000" : 1496,
            "95.000000" : 1544,
            "99.000000" : 1704,
            "99.500000" : 1848,
            "99.900000" : 18560,
            "99.950000" : 24192,
            "99.990000" : 33536
          }
        },
        "total_ios" : 2476
      },
      "job_runtime" : 30000,
      "usr_cpu" : 6.513333,
      "sys_cpu" : 6.373333,
      "ctx" : 82454,
      "majf" : 0,
      "minf" : 10,
      "iodepth_level" : {
        "1" : 103.124330,
        "2" : 0.000000,
        "4" : 0.000000,
        "8" : 0.000000,
        "16" : 0.000000,
        "32" : 0.000000,
        ">=64" : 0.000000
      },
      "iodepth_submit" : {
        "0" : 0.000000,
        "4" : 100.000000,
        "8" : 0.000000,
        "16" : 0.000000,
        "32" : 0.000000,
        "64" : 0.000000,
        ">=64" : 0.000000
      },
      "iodepth_complete" : {
        "0" : 0.000000,
        "4" : 100.000000,
        "8" : 0.000000,
        "16" : 0.000000,
        "32" : 0.000000,
        "64" : 0.000000,
        ">=64" : 0.000000
      },
      "latency_ns" : {
        "2" : 0.000000,
        "4" : 0.000000,
        "10" : 0.000000,
        "20" : 0.000000,
        "50" : 0.000000,
        "100" : 0.000000,
        "250" : 0.000000,
        "500" : 0.000000,
        "750" : 0.000000,
        "1000" : 0.000000
      },
      "latency_us" : {
        "2" : 0.000000,
        "4" : 0.000000,
        "10" : 0.000000,
        "20" : 0.000000,
        "50" : 0.000000,
        "100" : 0.000000,
        "250" : 99.504095,
        "500" : 0.492120,
        "750" : 0.000000,
        "1000" : 0.010000
      },
      "latency_ms" : {
        "2" : 0.010000,
        "4" : 0.000000,
        "10" : 0.010000,
        "20" : 0.000000,
        "50" : 0.000000,
        "100" : 0.000000,
        "250" : 0.000000,
        "500" : 0.000000,
        "750" : 0.000000,
        "1000" : 0.000000,
        "2000" : 0.000000,
        ">=2000" : 0.000000
      },
      "latency_depth" : 1,
      "latency_target" : 0,
      "latency_percentile" : 100.000000,
      "latency_window" : 0
    }
  ],
  "disk_util" : [
    {
      "name" : "vdb",
      "read_ios" : 0,
      "write_ios" : 81450,
      "read_merges" : 0,
      "write_merges" : 0,
      "read_ticks" : 0,
      "write_ticks" : 25892,
      "in_queue" : 0,