{
  "fio version" : "fio-3.13",
  "timestamp" : 1567449696,
  "timestamp_ms" : 1567449696745,
  "time" : "Mon Sep  2 18:41:36 2019",
  "jobs" : [
    {
      "jobname" : "rand-write-4k-qd1",
      "groupid" : 0,
      "error" : 0,
      "eta" : 0,
      "elapsed" : 31,
      "job options" : {
        "runtime" : "30",
        "bs" : "4k",
        "rw" : "randwrite",
        "direct" : "1",
        "randrepeat" : "0",
        "ioengine" : "libaio",
        "iodepth" : "1",
        "fsync" : "32",
        "filename" : "/dev/vdb"
      },
      "read" : {
        "io_bytes" : 0,
        "io_kbytes" : 0,
        "bw_bytes" : 0,
        "bw" : 0,
        "iops" : 0.000000,
        "runtime" : 0,
        "total_ios" : 0,
        "short_ios" : 0,
        "drop_ios" : 0,
        "slat_ns" : {
          "min" : 0,
          "max" : 0,
          "mean" : 0.000000,
          "stddev" : 0.000000
        },
        "clat_ns" : {
          "min" : 0,
          "max" : 0,
          "mean" : 0.000000,
          "stddev" : 0.000000,
          "percentile" : {
            "1.000000" : 0,
            "5.000000" : 0,
            "10.000000" : 0,
            "20.000000" : 0,
            "30.000000" : 0,
            "40.000000" : 0,
            "50.000000" : 0,
            "60.000000" : 0,
            "70.000000" : 0,
            "80.000000" : 0,
            "90.000000" : 0,
            "95.000000" : 0,
            "99.000000" : 0,
            "99.500000" : 0,
            "99.900000" : 0,
            "99.950000" : 0,
            "99.990000" : 0
          }
        },
        "lat_ns" : {
          "min" : 0,
          "max" : 0,
          "mean" : 0.000000,
          "stddev" : 0.000000
        },
        "bw_min" : 0,
        "bw_max" : 0,
        "bw_agg" : 0.000000,
        "bw_mean" : 0.000000,
        "bw_dev" : 0.000000,
        "bw_samples" : 0,
        "iops_min" : 0,
        "iops_max" : 0,
        "iops_mean" : 0.000000,
        "iops_stddev" : 0.000000,
        "iops_samples" : 0
      },
      "write" : {
        "io_bytes" : 2385444864,
        "io_kbytes" : 2329536,
        "bw_bytes" : 79512178,
        "bw" : 77648,
        "iops" : 19412.152928,
        "runtime" : 30001,
        "total_ios" : 582384,
        "short_ios" : 0,
        "drop_ios" : 0,
        "slat_ns" : {
          "min" : 5845,
          "max" : 196094,
          "mean" : 9826.949126,
          "stddev" : 2582.062252
        },
        "clat_ns" : {
          "min" : 585,
          "max" : 1417058,
          "mean" : 39487.411867,
          "stddev" : 5959.026966,
          "percentile" : {
            "1.000000" : 30848,
            "5.000000" : 31872,
            "10.000000" : 34048,
            "20.000000" : 38144,
            "30.000000" : 39168,
            "40.000000" : 39680,
            "50.000000" : 39680,
            "60.000000" : 40192,
            "70.000000" : 40192,
            "80.000000" : 41216,
            "90.000000" : 42240,
            "95.000000" : 43264,
            "99.000000" : 51968,
            "99.500000" : 59136,
            "99.900000" : 71168,
            "99.950000" : 91648,
            "99.990000" : 222208
          }
        },
        "lat_ns" : {
          "min" : 29835,
          "max" : 1438754,
          "mean" : 49417.669730,
          "stddev" : 7033.162442
        },
        "bw_min" : 73336,
        "bw_max" : 81184,
        "bw_agg" : 99.929495,
        "bw_mean" : 77593.254237,
        "bw_dev" : 1324.434643,
        "bw_samples" : 59,
        "iops_min" : 18334,
        "iops_max" : 20296,
        "iops_mean" : 19398.305085,
        "iops_stddev" : 331.078710,
        "iops_samples" : 59
      },
      "trim" : {
        "io_bytes" : 0,
        "io_kbytes" : 0,
        "bw_bytes" : 0,
        "bw" : 0,
        "iops" : 0.000000,
        "runtime" : 0,
        "total_ios" : 0,
        "short_ios" : 0,
        "drop_ios" : 0,
        "slat_ns" : {
          "min" : 0,
          "max" : 0,
          "mean" : 0.000000,
          "stddev" : 0.000000
        },
        "clat_ns" : {
          "min" : 0,
          "max" : 0,
          "mean" : 0.000000,
          "stddev" : 0.000000,
          "percentile" : {
            "1.000000" : 0,
            "5.000000" : 0,
            "10.000000" : 0,
            "20.000000" : 0,
            "30.000000" : 0,
            "40.000000" : 0,
            "50.000000" : 0,
            "60.000000" : 0,
            "70.000000" : 0,
            "80.000000" : 0,
            "90.000000" : 0,
            "95.000000" : 0,
            "99.000000" : 0,
            "99.500000" : 0,
            "99.900000" : 0,
            "99.950000" : 0,
            "99.990000" : 0
          }
        },
        "lat_ns" : {
          "min" : 0,
          "max" : 0,
          "mean" : 0.000000,
          "stddev" : 0.000000
        },
        "bw_min" : 0,
        "bw_max" : 0,
        "bw_agg" : 0.000000,
        "bw_mean" : 0.000000,
        "bw_dev" : 0.000000,
        "bw_samples" : 0,
        "iops_min" : 0,
        "iops_max" : 0,
        "iops_mean" : 0.000000,
        "iops_stddev" : 0.000000,
        "iops_samples" : 0
      },
      "sync" : {
        "lat_ns" : {
          "min" : 25,
          "max" : 5188,
          "mean" : 59.697895,
          "stddev" : 64.823600,
          "percentile" : {
            "1.000000" : 29,
            "5.000000" : 29,
            "10.000000" : 30,
            "20.000000" : 31,
            "30.000000" : 32,
            "40.000000" : 32,
            "50.000000" : 33,
            "60.000000" : 38,
            "70.000000" : 44,
            "80.000000" : 93,
            "90.000000" : 147,
            "95.000000" : 163,
            "99.000000" : 223,
            "99.500000" : 258,
            "99.900000" : 516,
            "99.950000" : 604,
            "99.990000" : 892
          }
        },
        "total_ios" : 18199
      },
      "job_runtime" : 30000,
      "usr_cpu" : 5.486667,
      "sys_cpu" : 30.863333,
      "ctx" : 601308,
      "majf" : 3,
      "minf" : 17,
      "iodepth_level" : {
        "1" : 103.124914,
        "2" : 0.000000,
        "4" : 0.000000,
        "8" : 0.000000,
        "16" : 0.000000,
        "32" : 0.000000,
        ">=64" : 0.000000
      },
      "iodepth_submit" : {
        "0" : 0.000000,
        "4" : 100.000000,
        "8" : 0.000000,
        "16" : 0.000000,
        "32" : 0.000000,
        "64" : 0.000000,
        ">=64" : 0.000000
      },
      "iodepth_complete" : {
        "0" : 0.000000,
        "4" : 100.000000,
        "8" : 0.000000,
        "16" : 0.000000,
        "32" : 0.000000,
        "64" : 0.000000,
        ">=64" : 0.000000
      },
      "latency_ns" : {
        "2" : 0.000000,
        "4" : 0.000000,
        "10" : 0.000000,
        "20" : 0.000000,
        "50" : 0.000000,
        "100" : 0.000000,
        "250" : 0.000000,
        "500" : 0.000000,
        "750" : 0.010000,
        "1000" : 0.010000
      },
      "latency_us" : {
        "2" : 0.010000,
        "4" : 0.010000,
        "10" : 0.010000,
        "20" : 0.010000,
        "50" : 98.656556,
        "100" : 1.280942,
        "250" : 0.036574,
        "500" : 0.010000,
        "750" : 0.010000,
        "1000" : 0.010000
      },
      "latency_ms" : {
        "2" : 0.010000,
        "4" : 0.000000,
        "10" : 0.000000,
        "20" : 0.000000,
        "50" : 0.000000,
        "100" : 0.000000,
        "250" : 0.000000,
        "500" : 0.000000,
        "750" : 0.000000,
        "1000" : 0.000000,
        "2000" : 0.000000,
        ">=2000" : 0.000000
      },
      "latency_depth" : 1,
      "latency_target" : 0,
      "latency_percentile" : 100.000000,
      "latency_window" : 0
    }
  ],
  "disk_util" : [
    {
      "name" : "vdb",
      "read_ios" : 0,
      "write_ios" : 597948,
      "read_merges" : 0,
      "write_merges" : 0,
      "read_ticks" : 0,
      "write_ticks" : 16436,
      "in_queue" : 4,
      "util" : 0.013339
    }
  ]
}
