{
  "fio version" : "fio-3.13",
  "timestamp" : 1555950535,
  "timestamp_ms" : 1555950535246,
  "time" : "Mon Apr 22 16:28:55 2019",
  "jobs" : [
    {
      "jobname" : "rand-write-4k",
      "groupid" : 0,
      "error" : 0,
      "eta" : 0,
      "elapsed" : 26,
      "job options" : {
        "bs" : "4k",
        "rw" : "randwrite",
        "direct" : "1",
        "size" : "10G",
        "randrepeat" : "0",
        "ioengine" : "libaio",
        "iodepth" : "32",
        "fsync" : "32",
        "filename" : "/dev/vdb"
      },
      "read" : {
        "io_bytes" : 0,
        "io_kbytes" : 0,
        "bw_bytes" : 0,
        "bw" : 0,
        "iops" : 0.000000,
        "runtime" : 0,
        "total_ios" : 0,
        "short_ios" : 0,
        "drop_ios" : 0,
        "slat_ns" : {
          "min" : 0,
          "max" : 0,
          "mean" : 0.000000,
          "stddev" : 0.000000
        },
        "clat_ns" : {
          "min" : 0,
          "max" : 0,
          "mean" : 0.000000,
          "stddev" : 0.000000,
          "percentile" : {
            "1.000000" : 0,
            "5.000000" : 0,
            "10.000000" : 0,
            "20.000000" : 0,
            "30.000000" : 0,
            "40.000000" : 0,
            "50.000000" : 0,
            "60.000000" : 0,
            "70.000000" : 0,
            "80.000000" : 0,
            "90.000000" : 0,
            "95.000000" : 0,
            "99.000000" : 0,
            "99.500000" : 0,
            "99.900000" : 0,
            "99.950000" : 0,
            "99.990000" : 0
          }
        },
        "lat_ns" : {
          "min" : 0,
          "max" : 0,
          "mean" : 0.000000,
          "stddev" : 0.000000
        },
        "bw_min" : 0,
        "bw_max" : 0,
        "bw_agg" : 0.000000,
        "bw_mean" : 0.000000,
        "bw_dev" : 0.000000,
        "bw_samples" : 0,
        "iops_min" : 0,
        "iops_max" : 0,
        "iops_mean" : 0.000000,
        "iops_stddev" : 0.000000,
        "iops_samples" : 0
      },
      "write" : {
        "io_bytes" : 10737418240,
        "io_kbytes" : 10485760,
        "bw_bytes" : 431689713,
        "bw" : 421571,
        "iops" : 105392.996422,
        "runtime" : 24873,
        "total_ios" : 2621440,
        "short_ios" : 0,
        "drop_ios" : 0,
        "slat_ns" : {
          "min" : 4226,
          "max" : 209955,
          "mean" : 7531.155898,
          "stddev" : 1749.541603
        },
        "clat_ns" : {
          "min" : 17235,
          "max" : 1900199,
          "mean" : 294758.835134,
          "stddev" : 29408.532958,
          "percentile" : {
            "1.000000" : 259072,
            "5.000000" : 276480,
            "10.000000" : 280576,
            "20.000000" : 284672,
            "30.000000" : 288768,
            "40.000000" : 288768,
            "50.000000" : 292864,
            "60.000000" : 296960,
            "70.000000" : 296960,
            "80.000000" : 301056,
            "90.000000" : 305152,
            "95.000000" : 309248,
            "99.000000" : 333824,
            "99.500000" : 452608,
            "99.900000" : 675840,
            "99.950000" : 716800,
            "99.990000" : 1155072
          }
        },
        "lat_ns" : {
          "min" : 23504,
          "max" : 1955425,
          "mean" : 302365.797309,
          "stddev" : 30046.448154
        },
        "bw_min" : 390395,
        "bw_max" : 430592,
        "bw_agg" : 99.987292,
        "bw_mean" : 421517.428571,
        "bw_dev" : 8767.668274,
        "bw_samples" : 49,
        "iops_min" : 97598,
        "iops_max" : 107648,
        "iops_mean" : 105379.897959,
        "iops_stddev" : 2192.162766,
        "iops_samples" : 49
      },
      "trim" : {
        "io_bytes" : 0,
        "io_kbytes" : 0,
        "bw_bytes" : 0,
        "bw" : 0,
        "iops" : 0.000000,
        "runtime" : 0,
        "total_ios" : 0,
        "short_ios" : 0,
        "drop_ios" : 0,
        "slat_ns" : {
          "min" : 0,
          "max" : 0,
          "mean" : 0.000000,
          "stddev" : 0.000000
        },
        "clat_ns" : {
          "min" : 0,
          "max" : 0,
          "mean" : 0.000000,
          "stddev" : 0.000000,
          "percentile" : {
            "1.000000" : 0,
            "5.000000" : 0,
            "10.000000" : 0,
            "20.000000" : 0,
            "30.000000" : 0,
            "40.000000" : 0,
            "50.000000" : 0,
            "60.000000" : 0,
            "70.000000" : 0,
            "80.000000" : 0,
            "90.000000" : 0,
            "95.000000" : 0,
            "99.000000" : 0,
            "99.500000" : 0,
            "99.900000" : 0,
            "99.950000" : 0,
            "99.990000" : 0
          }
        },
        "lat_ns" : {
          "min" : 0,
          "max" : 0,
          "mean" : 0.000000,
          "stddev" : 0.000000
        },
        "bw_min" : 0,
        "bw_max" : 0,
        "bw_agg" : 0.000000,
        "bw_mean" : 0.000000,
        "bw_dev" : 0.000000,
        "bw_samples" : 0,
        "iops_min" : 0,
        "iops_max" : 0,
        "iops_mean" : 0.000000,
        "iops_stddev" : 0.000000,
        "iops_samples" : 0
      },
      "sync" : {
        "lat_ns" : {
          "min" : 30,
          "max" : 8130,
          "mean" : 44.403240,
          "stddev" : 34.473772,
          "percentile" : {
            "1.000000" : 40,
            "5.000000" : 41,
            "10.000000" : 41,
            "20.000000" : 41,
            "30.000000" : 41,
            "40.000000" : 42,
            "50.000000" : 42,
            "60.000000" : 42,
            "70.000000" : 42,
            "80.000000" : 44,
            "90.000000" : 53,
            "95.000000" : 53,
            "99.000000" : 58,
            "99.500000" : 95,
            "99.900000" : 235,
            "99.950000" : 322,
            "99.990000" : 796
          }
        },
        "total_ios" : 81919
      },
      "job_runtime" : 24872,
      "usr_cpu" : 13.468961,
      "sys_cpu" : 80.210679,
      "ctx" : 82141,
      "majf" : 0,
      "minf" : 12,
      "iodepth_level" : {
        "1" : 0.100000,
        "2" : 0.100000,
        "4" : 0.100000,
        "8" : 0.100000,
        "16" : 0.100000,
        "32" : 103.123779,
        ">=64" : 0.000000
      },
      "iodepth_submit" : {
        "0" : 0.000000,
        "4" : 100.000000,
        "8" : 0.000000,
        "16" : 0.000000,
        "32" : 0.000000,
        "64" : 0.000000,
        ">=64" : 0.000000
      },
      "iodepth_complete" : {
        "0" : 0.000000,
        "4" : 99.999962,
        "8" : 0.000000,
        "16" : 0.000000,
        "32" : 0.100000,
        "64" : 0.000000,
        ">=64" : 0.000000
      },
      "latency_ns" : {
        "2" : 0.000000,
        "4" : 0.000000,
        "10" : 0.000000,
        "20" : 0.000000,
        "50" : 0.000000,
        "100" : 0.000000,
        "250" : 0.000000,
        "500" : 0.000000,
        "750" : 0.000000,
        "1000" : 0.000000
      },
      "latency_us" : {
        "2" : 0.000000,
        "4" : 0.000000,
        "10" : 0.000000,
        "20" : 0.010000,
        "50" : 0.010000,
        "100" : 0.010000,
        "250" : 0.119400,
        "500" : 99.480896,
        "750" : 0.370255,
        "1000" : 0.018387
      },
      "latency_ms" : {
        "2" : 0.010681,
        "4" : 0.000000,
        "10" : 0.000000,
        "20" : 0.000000,
        "50" : 0.000000,
        "100" : 0.000000,
        "250" : 0.000000,
        "500" : 0.000000,
        "750" : 0.000000,
        "1000" : 0.000000,
        "2000" : 0.000000,
        ">=2000" : 0.000000
      },
      "latency_depth" : 32,
      "latency_target" : 0,
      "latency_percentile" : 100.000000,
      "latency_window" : 0
    }
  ],
  "disk_util" : [
    {
      "name" : "vdb",
      "read_ios" : 0,
      "write_ios" : 2679446,
      "read_merges" : 0,
      "write_merges" : 0,
      "read_ticks" : 0,
      "write_ticks" : 26932,
      "in_queue" : 24536,