{
  "fio version" : "fio-3.13",
  "timestamp" : 1567450351,
  "timestamp_ms" : 1567450351587,
  "time" : "Mon Sep  2 18:52:31 2019",
  "jobs" : [
    {
      "jobname" : "rand-write-4k-qd1",
      "groupid" : 0,
      "error" : 0,
      "eta" : 0,
      "elapsed" : 31,
      "job options" : {
        "runtime" : "30",
        "bs" : "4k",
        "rw" : "randwrite",
        "direct" : "1",
        "randrepeat" : "0",
        "ioengine" : "libaio",
        "iodepth" : "1",
        "fsync" : "32",
        "filename" : "/dev/vdb"
      },
      "read" : {
        "io_bytes" : 0,
        "io_kbytes" : 0,
        "bw_bytes" : 0,
        "bw" : 0,
        "iops" : 0.000000,
        "runtime" : 0,
        "total_ios" : 0,
        "short_ios" : 0,
        "drop_ios" : 0,
        "slat_ns" : {
          "min" : 0,
          "max" : 0,
          "mean" : 0.000000,
          "stddev" : 0.000000
        },
        "clat_ns" : {
          "min" : 0,
          "max" : 0,
          "mean" : 0.000000,
          "stddev" : 0.000000,
          "percentile" : {
            "1.000000" : 0,
            "5.000000" : 0,
            "10.000000" : 0,
            "20.000000" : 0,
            "30.000000" : 0,
            "40.000000" : 0,
            "50.000000" : 0,
            "60.000000" : 0,
            "70.000000" : 0,
            "80.000000" : 0,
            "90.000000" : 0,
            "95.000000" : 0,
            "99.000000" : 0,
            "99.500000" : 0,
            "99.900000" : 0,
            "99.950000" : 0,
            "99.990000" : 0
          }
        },
        "lat_ns" : {
          "min" : 0,
          "max" : 0,
          "mean" : 0.000000,
          "stddev" : 0.000000
        },
        "bw_min" : 0,
        "bw_max" : 0,
        "bw_agg" : 0.000000,
        "bw_mean" : 0.000000,
        "bw_dev" : 0.000000,
        "bw_samples" : 0,
        "iops_min" : 0,
        "iops_max" : 0,
        "iops_mean" : 0.000000,
        "iops_stddev" : 0.000000,
        "iops_samples" : 0
      },
      "write" : {
        "io_bytes" : 4435824640,
        "io_kbytes" : 4331860,
        "bw_bytes" : 147855892,
        "bw" : 144390,
        "iops" : 36097.630079,
        "runtime" : 30001,
        "total_ios" : 1082965,
        "short_ios" : 0,
        "drop_ios" : 0,
        "slat_ns" : {
          "min" : 3610,
          "max" : 3558199,
          "mean" : 5896.825638,
          "stddev" : 4904.199864
        },
        "clat_ns" : {
          "min" : 556,
          "max" : 9328258,
          "mean" : 20248.479073,
          "stddev" : 14896.301927,
          "percentile" : {
            "1.000000" : 12480,
            "5.000000" : 13632,
            "10.000000" : 14528,
            "20.000000" : 16512,
            "30.000000" : 18048,
            "40.000000" : 18816,
            "50.000000" : 19840,
            "60.000000" : 20864,
            "70.000000" : 22144,
            "80.000000" : 23424,
            "90.000000" : 25216,
            "95.000000" : 27008,
            "99.000000" : 32384,
            "99.500000" : 37120,
            "99.900000" : 63744,
            "99.950000" : 78336,
            "99.990000" : 134144
          }
        },
        "lat_ns" : {
          "min" : 15045,
          "max" : 9333055,
          "mean" : 26273.577783,
          "stddev" : 15952.053292
        },
        "bw_min" : 112344,
        "bw_max" : 167528,
        "bw_agg" : 100.000000,
        "bw_mean" : 144802.457627,
        "bw_dev" : 12263.552426,
        "bw_samples" : 59,
        "iops_min" : 28086,
        "iops_max" : 41882,
        "iops_mean" : 36200.576271,
        "iops_stddev" : 3065.892682,
        "iops_samples" : 59
      },
      "trim" : {
        "io_bytes" : 0,
        "io_kbytes" : 0,
        "bw_bytes" : 0,
        "bw" : 0,
        "iops" : 0.000000,
        "runtime" : 0,
        "total_ios" : 0,
        "short_ios" : 0,
        "drop_ios" : 0,
        "slat_ns" : {
          "min" : 0,
          "max" : 0,
          "mean" : 0.000000,
          "stddev" : 0.000000
        },
        "clat_ns" : {
          "min" : 0,
          "max" : 0,
          "mean" : 0.000000,
          "stddev" : 0.000000,
          "percentile" : {
            "1.000000" : 0,
            "5.000000" : 0,
            "10.000000" : 0,
            "20.000000" : 0,
            "30.000000" : 0,
            "40.000000" : 0,
            "50.000000" : 0,
            "60.000000" : 0,
            "70.000000" : 0,
            "80.000000" : 0,
            "90.000000" : 0,
            "95.000000" : 0,
            "99.000000" : 0,
            "99.500000" : 0,
            "99.900000" : 0,
            "99.950000" : 0,
            "99.990000" : 0
          }
        },
        "lat_ns" : {
          "min" : 0,
          "max" : 0,
          "mean" : 0.000000,
          "stddev" : 0.000000
        },
        "bw_min" : 0,
        "bw_max" : 0,
        "bw_agg" : 0.000000,
        "bw_mean" : 0.000000,
        "bw_dev" : 0.000000,
        "bw_samples" : 0,
        "iops_min" : 0,
        "iops_max" : 0,
        "iops_mean" : 0.000000,
        "iops_stddev" : 0.000000,
        "iops_samples" : 0
      },
      "sync" : {
        "lat_ns" : {
          "min" : 33,
          "max" : 19969,
          "mean" : 71.134301,
          "stddev" : 166.750586,
          "percentile" : {
            "1.000000" : 39,
            "5.000000" : 47,
            "10.000000" : 49,
            "20.000000" : 52,
            "30.000000" : 55,
            "40.000000" : 57,
            "50.000000" : 58,
            "60.000000" : 60,
            "70.000000" : 64,
            "80.000000" : 78,
            "90.000000" : 104,
            "95.000000" : 139,
            "99.000000" : 211,
            "99.500000" : 251,
            "99.900000" : 382,
            "99.950000" : 458,
            "99.990000" : 6496
          }
        },
        "total_ios" : 33842
      },
      "job_runtime" : 30000,
      "usr_cpu" : 8.306667,
      "sys_cpu" : 37.510000,
      "ctx" : 1116591,
      "majf" : 5,
      "minf" : 24,
      "iodepth_level" : {
        "1" : 103.124939,
        "2" : 0.000000,
        "4" : 0.000000,
        "8" : 0.000000,
        "16" : 0.000000,
        "32" : 0.000000,
        ">=64" : 0.000000
      },
      "iodepth_submit" : {
        "0" : 0.000000,
        "4" : 100.000000,
        "8" : 0.000000,
        "16" : 0.000000,
        "32" : 0.000000,
        "64" : 0.000000,
        ">=64" : 0.000000
      },
      "iodepth_complete" : {
        "0" : 0.000000,
        "4" : 100.000000,
        "8" : 0.000000,
        "16" : 0.000000,
        "32" : 0.000000,
        "64" : 0.000000,
        ">=64" : 0.000000
      },
      "latency_ns" : {
        "2" : 0.000000,
        "4" : 0.000000,
        "10" : 0.000000,
        "20" : 0.000000,
        "50" : 0.000000,
        "100" : 0.000000,
        "250" : 0.000000,
        "500" : 0.000000,
        "750" : 0.010000,
        "1000" : 0.010000
      },
      "latency_us" : {
        "2" : 0.028348,
        "4" : 0.010000,
        "10" : 0.039336,
        "20" : 51.607577,
        "50" : 48.104509,
        "100" : 0.184124,
        "250" : 0.020499,
        "500" : 0.010000,
        "750" : 0.010000,
        "1000" : 0.000000
      },
      "latency_ms" : {
        "2" : 0.010000,
        "4" : 0.010000,
        "10" : 0.010000,
        "20" : 0.000000,
        "50" : 0.000000,
        "100" : 0.000000,
        "250" : 0.000000,
        "500" : 0.000000,
        "750" : 0.000000,
        "1000" : 0.000000,
        "2000" : 0.000000,
        ">=2000" : 0.000000
      },
      "latency_depth" : 1,
      "latency_target" : 0,
      "latency_percentile" : 100.000000,
      "latency_window" : 0
    }
  ],
  "disk_util" : [
    {
      "name" : "vdb",
      "read_ios" : 0,
      "write_ios" : 1112422,
      "read_merges" : 0,
      "write_merges" : 0,
      "read_ticks" : 0,
      "write_ticks" : 20192,
      "in_queue" : 0,
      "util" : 0.000000
    }
  ]
}
