{
  "fio version" : "fio-3.13",
  "timestamp" : 1580904803,
  "timestamp_ms" : 1580904803984,
  "time" : "Wed Feb  5 12:13:23 2020",
  "jobs" : [
    {
      "jobname" : "rand-write-128k",
      "groupid" : 0,
      "error" : 0,
      "eta" : 0,
      "elapsed" : 31,
      "job options" : {
        "runtime" : "30",
        "bs" : "128k",
        "rw" : "randwrite",
        "direct" : "1",
        "randrepeat" : "0",
        "ioengine" : "libaio",
        "iodepth" : "32",
        "fsync" : "32",
        "filename" : "/dev/vdb"
      },
      "read" : {
        "io_bytes" : 0,
        "io_kbytes" : 0,
        "bw_bytes" : 0,
        "bw" : 0,
        "iops" : 0.000000,
        "runtime" : 0,
        "total_ios" : 0,
        "short_ios" : 0,
        "drop_ios" : 0,
        "slat_ns" : {
          "min" : 0,
          "max" : 0,
          "mean" : 0.000000,
          "stddev" : 0.000000
        },
        "clat_ns" : {
          "min" : 0,
          "max" : 0,
          "mean" : 0.000000,
          "stddev" : 0.000000,
          "percentile" : {
            "1.000000" : 0,
            "5.000000" : 0,
            "10.000000" : 0,
            "20.000000" : 0,
            "30.000000" : 0,
            "40.000000" : 0,
            "50.000000" : 0,
            "60.000000" : 0,
            "70.000000" : 0,
            "80.000000" : 0,
            "90.000000" : 0,
            "95.000000" : 0,
            "99.000000" : 0,
            "99.500000" : 0,
            "99.900000" : 0,
            "99.950000" : 0,
            "99.990000" : 0
          }
        },
        "lat_ns" : {
          "min" : 0,
          "max" : 0,
          "mean" : 0.000000,
          "stddev" : 0.000000
        },
        "bw_min" : 0,
        "bw_max" : 0,
        "bw_agg" : 0.000000,
        "bw_mean" : 0.000000,
        "bw_dev" : 0.000000,
        "bw_samples" : 0,
        "iops_min" : 0,
        "iops_max" : 0,
        "iops_mean" : 0.000000,
        "iops_stddev" : 0.000000,
        "iops_samples" : 0
      },
      "write" : {
        "io_bytes" : 46774878208,
        "io_kbytes" : 45678592,
        "bw_bytes" : 1559058669,
        "bw" : 1522518,
        "iops" : 11894.673688,
        "runtime" : 30002,
        "total_ios" : 356864,
        "short_ios" : 0,
        "drop_ios" : 0,
        "slat_ns" : {
          "min" : 17787,
          "max" : 190351,
          "mean" : 34064.434496,
          "stddev" : 15631.401875
        },
        "clat_ns" : {
          "min" : 1196137,
          "max" : 5396864,
          "mean" : 2643365.242726,
          "stddev" : 204710.933791,
          "percentile" : {
            "1.000000" : 2088960,
            "5.000000" : 2179072,
            "10.000000" : 2506752,
            "20.000000" : 2572288,
            "30.000000" : 2572288,
            "40.000000" : 2605056,
            "50.000000" : 2605056,
            "60.000000" : 2703360,
            "70.000000" : 2768896,
            "80.000000" : 2768896,
            "90.000000" : 2801664,
            "95.000000" : 2867200,
            "99.000000" : 2932736,
            "99.500000" : 3424256,
            "99.900000" : 4489216,
            "99.950000" : 4620288,
            "99.990000" : 4816896
          }
        },
        "lat_ns" : {
          "min" : 1278580,
          "max" : 5461585,
          "mean" : 2677628.029712,
          "stddev" : 204848.437446
        },
        "bw_min" : 1384448,
        "bw_max" : 1655296,
        "bw_agg" : 99.983960,
        "bw_mean" : 1522273.783333,
        "bw_dev" : 75217.518343,
        "bw_samples" : 60,
        "iops_min" : 10816,
        "iops_max" : 12932,
        "iops_mean" : 11892.783333,
        "iops_stddev" : 587.666834,
        "iops_samples" : 60
      },
      "trim" : {
        "io_bytes" : 0,
        "io_kbytes" : 0,
        "bw_bytes" : 0,
        "bw" : 0,
        "iops" : 0.000000,
        "runtime" : 0,
        "total_ios" : 0,
        "short_ios" : 0,
        "drop_ios" : 0,
        "slat_ns" : {
          "min" : 0,
          "max" : 0,
          "mean" : 0.000000,
          "stddev" : 0.000000
        },
        "clat_ns" : {
          "min" : 0,
          "max" : 0,
          "mean" : 0.000000,
          "stddev" : 0.000000,
          "percentile" : {
            "1.000000" : 0,
            "5.000000" : 0,
            "10.000000" : 0,
            "20.000000" : 0,
            "30.000000" : 0,
            "40.000000" : 0,
            "50.000000" : 0,
            "60.000000" : 0,
            "70.000000" : 0,
            "80.000000" : 0,
            "90.000000" : 0,
            "95.000000" : 0,
            "99.000000" : 0,
            "99.500000" : 0,
            "99.900000" : 0,
            "99.950000" : 0,
            "99.990000" : 0
          }
        },
        "lat_ns" : {
          "min" : 0,
          "max" : 0,
          "mean" : 0.000000,
          "stddev" : 0.000000
        },
        "bw_min" : 0,
        "bw_max" : 0,
        "bw_agg" : 0.000000,
        "bw_mean" : 0.000000,
        "bw_dev" : 0.000000,
        "bw_samples" : 0,
        "iops_min" : 0,
        "iops_max" : 0,
        "iops_mean" : 0.000000,
        "iops_stddev" : 0.000000,
        "iops_samples" : 0
      },
      "sync" : {
        "lat_ns" : {
          "min" : 127,
          "max" : 2169,
          "mean" : 376.522016,
          "stddev" : 92.398315,
          "percentile" : {
            "1.000000" : 143,
            "5.000000" : 258,
            "10.000000" : 282,
            "20.000000" : 302,
            "30.000000" : 330,
            "40.000000" : 362,
            "50.000000" : 382,
            "60.000000" : 402,
            "70.000000" : 418,
            "80.000000" : 442,
            "90.000000" : 474,
            "95.000000" : 498,
            "99.000000" : 580,
            "99.500000" : 652,
            "99.900000" : 1224,
            "99.950000" : 1288,
            "99.990000" : 1592
          }
        },
        "total_ios" : 11151
      },
      "job_runtime" : 30001,
      "usr_cpu" : 17.346088,
      "sys_cpu" : 28.315723,
      "ctx" : 23059,
      "majf" : 0,
      "minf" : 11,
      "iodepth_level" : {
        "1" : 0.100000,
        "2" : 0.100000,
        "4" : 0.100000,
        "8" : 0.100000,
        "16" : 0.100000,
        "32" : 103.116033,
        ">=64" : 0.000000
      },
      "iodepth_submit" : {
        "0" : 0.000000,
        "4" : 100.000000,
        "8" : 0.000000,
        "16" : 0.000000,
        "32" : 0.000000,
        "64" : 0.000000,
        ">=64" : 0.000000
      },
      "iodepth_complete" : {
        "0" : 0.000000,
        "4" : 99.999720,
        "8" : 0.000000,
        "16" : 0.000000,
        "32" : 0.100000,
        "64" : 0.000000,
        ">=64" : 0.000000
      },
      "latency_ns" : {
        "2" : 0.000000,
        "4" : 0.000000,
        "10" : 0.000000,
        "20" : 0.000000,
        "50" : 0.000000,
        "100" : 0.000000,
        "250" : 0.000000,
        "500" : 0.000000,
        "750" : 0.000000,
        "1000" : 0.000000
      },
      "latency_us" : {
        "2" : 0.000000,
        "4" : 0.000000,
        "10" : 0.000000,
        "20" : 0.000000,
        "50" : 0.000000,
        "100" : 0.000000,
        "250" : 0.000000,
        "500" : 0.000000,
        "750" : 0.000000,
        "1000" : 0.000000
      },
      "latency_ms" : {
        "2" : 0.154681,
        "4" : 99.563139,
        "10" : 0.282180,
        "20" : 0.000000,
        "50" : 0.000000,
        "100" : 0.000000,
        "250" : 0.000000,
        "500" : 0.000000,
        "750" : 0.000000,
        "1000" : 0.000000,
        "2000" : 0.000000,
        ">=2000" : 0.000000
      },
      "latency_depth" : 32,
      "latency_target" : 0,
      "latency_percentile" : 100.000000,
      "latency_window" : 0
    }
  ],
  "disk_util" : [
    {
      "name" : "vdb",
      "read_ios" : 0,
      "write_ios" : 1188877,
      "read_merges" : 0,
      "write_merges" : 0,
      "read_ticks" : 0,
      "write_ticks" : 1733972,