{
  "fio version" : "fio-3.13",
  "timestamp" : 1556059451,
  "timestamp_ms" : 1556059451441,
  "time" : "Tue Apr 23 22:44:11 2019",
  "jobs" : [
    {
      "jobname" : "rand-write-128k",
      "groupid" : 0,
      "error" : 0,
      "eta" : 0,
      "elapsed" : 15,
      "job options" : {
        "bs" : "128k",
        "rw" : "randwrite",
        "direct" : "1",
        "size" : "32G",
        "randrepeat" : "0",
        "ioengine" : "libaio",
        "iodepth" : "32",
        "fsync" : "32",
        "filename" : "/dev/vdb"
      },
      "read" : {
        "io_bytes" : 0,
        "io_kbytes" : 0,
        "bw_bytes" : 0,
        "bw" : 0,
        "iops" : 0.000000,
        "runtime" : 0,
        "total_ios" : 0,
        "short_ios" : 0,
        "drop_ios" : 0,
        "slat_ns" : {
          "min" : 0,
          "max" : 0,
          "mean" : 0.000000,
          "stddev" : 0.000000
        },
        "clat_ns" : {
          "min" : 0,
          "max" : 0,
          "mean" : 0.000000,
          "stddev" : 0.000000,
          "percentile" : {
            "1.000000" : 0,
            "5.000000" : 0,
            "10.000000" : 0,
            "20.000000" : 0,
            "30.000000" : 0,
            "40.000000" : 0,
            "50.000000" : 0,
            "60.000000" : 0,
            "70.000000" : 0,
            "80.000000" : 0,
            "90.000000" : 0,
            "95.000000" : 0,
            "99.000000" : 0,
            "99.500000" : 0,
            "99.900000" : 0,
            "99.950000" : 0,
            "99.990000" : 0
          }
        },
        "lat_ns" : {
          "min" : 0,
          "max" : 0,
          "mean" : 0.000000,
          "stddev" : 0.000000
        },
        "bw_min" : 0,
        "bw_max" : 0,
        "bw_agg" : 0.000000,
        "bw_mean" : 0.000000,
        "bw_dev" : 0.000000,
        "bw_samples" : 0,
        "iops_min" : 0,
        "iops_max" : 0,
        "iops_mean" : 0.000000,
        "iops_stddev" : 0.000000,
        "iops_samples" : 0
      },
      "write" : {
        "io_bytes" : 34359738368,
        "io_kbytes" : 33554432,
        "bw_bytes" : 2365070096,
        "bw" : 2309638,
        "iops" : 18044.052863,
        "runtime" : 14528,
        "total_ios" : 262144,
        "short_ios" : 0,
        "drop_ios" : 0,
        "slat_ns" : {
          "min" : 12015,
          "max" : 151600,
          "mean" : 28788.548950,
          "stddev" : 8390.678723
        },
        "clat_ns" : {
          "min" : 580782,
          "max" : 2866391,
          "mean" : 1719251.874641,
          "stddev" : 261626.899440,
          "percentile" : {
            "1.000000" : 962560,
            "5.000000" : 1368064,
            "10.000000" : 1400832,
            "20.000000" : 1613824,
            "30.000000" : 1679360,
            "40.000000" : 1695744,
            "50.000000" : 1728512,
            "60.000000" : 1744896,
            "70.000000" : 1777664,
            "80.000000" : 1826816,
            "90.000000" : 2007040,
            "95.000000" : 2244608,
            "99.000000" : 2408448,
            "99.500000" : 2473984,
            "99.900000" : 2605056,
            "99.950000" : 2637824,
            "99.990000" : 2801664
          }
        },
        "lat_ns" : {
          "min" : 599943,
          "max" : 2888116,
          "mean" : 1748377.489334,
          "stddev" : 262079.779450
        },
        "bw_min" : 2170880,
        "bw_max" : 2542882,
        "bw_agg" : 99.983637,
        "bw_mean" : 2309260.068966,
        "bw_dev" : 105402.673995,
        "bw_samples" : 29,
        "iops_min" : 16960,
        "iops_max" : 19866,
        "iops_mean" : 18041.000000,
        "iops_stddev" : 823.400441,
        "iops_samples" : 29
      },
      "trim" : {
        "io_bytes" : 0,
        "io_kbytes" : 0,
        "bw_bytes" : 0,
        "bw" : 0,
        "iops" : 0.000000,
        "runtime" : 0,
        "total_ios" : 0,
        "short_ios" : 0,
        "drop_ios" : 0,
        "slat_ns" : {
          "min" : 0,
          "max" : 0,
          "mean" : 0.000000,
          "stddev" : 0.000000
        },
        "clat_ns" : {
          "min" : 0,
          "max" : 0,
          "mean" : 0.000000,
          "stddev" : 0.000000,
          "percentile" : {
            "1.000000" : 0,
            "5.000000" : 0,
            "10.000000" : 0,
            "20.000000" : 0,
            "30.000000" : 0,
            "40.000000" : 0,
            "50.000000" : 0,
            "60.000000" : 0,
            "70.000000" : 0,
            "80.000000" : 0,
            "90.000000" : 0,
            "95.000000" : 0,
            "99.000000" : 0,
            "99.500000" : 0,
            "99.900000" : 0,
            "99.950000" : 0,
            "99.990000" : 0
          }
        },
        "lat_ns" : {
          "min" : 0,
          "max" : 0,
          "mean" : 0.000000,
          "stddev" : 0.000000
        },
        "bw_min" : 0,
        "bw_max" : 0,
        "bw_agg" : 0.000000,
        "bw_mean" : 0.000000,
        "bw_dev" : 0.000000,
        "bw_samples" : 0,
        "iops_min" : 0,
        "iops_max" : 0,
        "iops_mean" : 0.000000,
        "iops_stddev" : 0.000000,
        "iops_samples" : 0
      },
      "sync" : {
        "lat_ns" : {
          "min" : 129,
          "max" : 13785,
          "mean" : 542.577341,
          "stddev" : 173.219424,
          "percentile" : {
            "1.000000" : 266,
            "5.000000" : 418,
            "10.000000" : 458,
            "20.000000" : 494,
            "30.000000" : 516,
            "40.000000" : 532,
            "50.000000" : 532,
            "60.000000" : 548,
            "70.000000" : 564,
            "80.000000" : 580,
            "90.000000" : 636,
            "95.000000" : 676,
            "99.000000" : 772,
            "99.500000" : 828,
            "99.900000" : 1384,
            "99.950000" : 1656,
            "99.990000" : 13760
          }
        },
        "total_ios" : 8191
      },
      "job_runtime" : 14527,
      "usr_cpu" : 25.586838,
      "sys_cpu" : 33.957459,
      "ctx" : 8906,
      "majf" : 0,
      "minf" : 12,
      "iodepth_level" : {
        "1" : 0.100000,
        "2" : 0.100000,
        "4" : 0.100000,
        "8" : 0.100000,
        "16" : 0.100000,
        "32" : 103.112793,
        ">=64" : 0.000000
      },
      "iodepth_submit" : {
        "0" : 0.000000,
        "4" : 100.000000,
        "8" : 0.000000,
        "16" : 0.000000,
        "32" : 0.000000,
        "64" : 0.000000,
        ">=64" : 0.000000
      },
      "iodepth_complete" : {
        "0" : 0.000000,
        "4" : 99.999618,
        "8" : 0.000000,
        "16" : 0.000000,
        "32" : 0.100000,
        "64" : 0.000000,
        ">=64" : 0.000000
      },
      "latency_ns" : {
        "2" : 0.000000,
        "4" : 0.000000,
        "10" : 0.000000,
        "20" : 0.000000,
        "50" : 0.000000,
        "100" : 0.000000,
        "250" : 0.000000,
        "500" : 0.000000,
        "750" : 0.000000,
        "1000" : 0.000000
      },
      "latency_us" : {
        "2" : 0.000000,
        "4" : 0.000000,
        "10" : 0.000000,
        "20" : 0.000000,
        "50" : 0.000000,
        "100" : 0.000000,
        "250" : 0.000000,
        "500" : 0.000000,
        "750" : 0.374603,
        "1000" : 1.548767
      },
      "latency_ms" : {
        "2" : 87.577820,
        "4" : 10.498810,
        "10" : 0.000000,
        "20" : 0.000000,
        "50" : 0.000000,
        "100" : 0.000000,
        "250" : 0.000000,
        "500" : 0.000000,
        "750" : 0.000000,
        "1000" : 0.000000,
        "2000" : 0.000000,
        ">=2000" : 0.000000
      },
      "latency_depth" : 32,
      "latency_target" : 0,
      "latency_percentile" : 100.000000,
      "latency_window" : 0
    }
  ],
  "disk_util" : [
    {
      "name" : "vdb",
      "read_ios" : 0,
      "write_ios" : 283800,
      "read_merges" : 0,
      "write_merges" : 0,
      "read_ticks" : 0,
      "write_ticks" : 160200,