{
  "fio version" : "fio-3.13",
  "timestamp" : 1567450148,
  "timestamp_ms" : 1567450148008,
  "time" : "Mon Sep  2 18:49:08 2019",
  "jobs" : [
    {
      "jobname" : "rand-write-128k-qd1",
      "groupid" : 0,
      "error" : 0,
      "eta" : 0,
      "elapsed" : 31,
      "job options" : {
        "runtime" : "30",
        "bs" : "128k",
        "rw" : "randwrite",
        "direct" : "1",
        "randrepeat" : "0",
        "ioengine" : "libaio",
        "iodepth" : "1",
        "fsync" : "32",
        "filename" : "/dev/vdb"
      },
      "read" : {
        "io_bytes" : 0,
        "io_kbytes" : 0,
        "bw_bytes" : 0,
        "bw" : 0,
        "iops" : 0.000000,
        "runtime" : 0,
        "total_ios" : 0,
        "short_ios" : 0,
        "drop_ios" : 0,
        "slat_ns" : {
          "min" : 0,
          "max" : 0,
          "mean" : 0.000000,
          "stddev" : 0.000000
        },
        "clat_ns" : {
          "min" : 0,
          "max" : 0,
          "mean" : 0.000000,
          "stddev" : 0.000000,
          "percentile" : {
            "1.000000" : 0,
            "5.000000" : 0,
            "10.000000" : 0,
            "20.000000" : 0,
            "30.000000" : 0,
            "40.000000" : 0,
            "50.000000" : 0,
            "60.000000" : 0,
            "70.000000" : 0,
            "80.000000" : 0,
            "90.000000" : 0,
            "95.000000" : 0,
            "99.000000" : 0,
            "99.500000" : 0,
            "99.900000" : 0,
            "99.950000" : 0,
            "99.990000" : 0
          }
        },
        "lat_ns" : {
          "min" : 0,
          "max" : 0,
          "mean" : 0.000000,
          "stddev" : 0.000000
        },
        "bw_min" : 0,
        "bw_max" : 0,
        "bw_agg" : 0.000000,
        "bw_mean" : 0.000000,
        "bw_dev" : 0.000000,
        "bw_samples" : 0,
        "iops_min" : 0,
        "iops_max" : 0,
        "iops_mean" : 0.000000,
        "iops_stddev" : 0.000000,
        "iops_samples" : 0
      },
      "write" : {
        "io_bytes" : 10344071168,
        "io_kbytes" : 10101632,
        "bw_bytes" : 344790879,
        "bw" : 336709,
        "iops" : 2630.545648,
        "runtime" : 30001,
        "total_ios" : 78919,
        "short_ios" : 0,
        "drop_ios" : 0,
        "slat_ns" : {
          "min" : 15079,
          "max" : 155826,
          "mean" : 22578.552313,
          "stddev" : 7311.479327
        },
        "clat_ns" : {
          "min" : 55541,
          "max" : 4171454,
          "mean" : 225757.447256,
          "stddev" : 31376.520718,
          "percentile" : {
            "1.000000" : 156672,
            "5.000000" : 164864,
            "10.000000" : 173056,
            "20.000000" : 222208,
            "30.000000" : 226304,
            "40.000000" : 228352,
            "50.000000" : 230400,
            "60.000000" : 232448,
            "70.000000" : 236544,
            "80.000000" : 242688,
            "90.000000" : 246784,
            "95.000000" : 252928,
            "99.000000" : 276480,
            "99.500000" : 288768,
            "99.900000" : 313344,
            "99.950000" : 329728,
            "99.990000" : 897024
          }
        },
        "lat_ns" : {
          "min" : 141500,
          "max" : 4198483,
          "mean" : 249496.431772,
          "stddev" : 31727.975448
        },
        "bw_min" : 332032,
        "bw_max" : 340992,
        "bw_agg" : 99.995659,
        "bw_mean" : 336694.383333,
        "bw_dev" : 1617.225350,
        "bw_samples" : 60,
        "iops_min" : 2594,
        "iops_max" : 2664,
        "iops_mean" : 2630.400000,
        "iops_stddev" : 12.642677,
        "iops_samples" : 60
      },
      "trim" : {
        "io_bytes" : 0,
        "io_kbytes" : 0,
        "bw_bytes" : 0,
        "bw" : 0,
        "iops" : 0.000000,
        "runtime" : 0,
        "total_ios" : 0,
        "short_ios" : 0,
        "drop_ios" : 0,
        "slat_ns" : {
          "min" : 0,
          "max" : 0,
          "mean" : 0.000000,
          "stddev" : 0.000000
        },
        "clat_ns" : {
          "min" : 0,
          "max" : 0,
          "mean" : 0.000000,
          "stddev" : 0.000000,
          "percentile" : {
            "1.000000" : 0,
            "5.000000" : 0,
            "10.000000" : 0,
            "20.000000" : 0,
            "30.000000" : 0,
            "40.000000" : 0,
            "50.000000" : 0,
            "60.000000" : 0,
            "70.000000" : 0,
            "80.000000" : 0,
            "90.000000" : 0,
            "95.000000" : 0,
            "99.000000" : 0,
            "99.500000" : 0,
            "99.900000" : 0,
            "99.950000" : 0,
            "99.990000" : 0
          }
        },
        "lat_ns" : {
          "min" : 0,
          "max" : 0,
          "mean" : 0.000000,
          "stddev" : 0.000000
        },
        "bw_min" : 0,
        "bw_max" : 0,
        "bw_agg" : 0.000000,
        "bw_mean" : 0.000000,
        "bw_dev" : 0.000000,
        "bw_samples" : 0,
        "iops_min" : 0,
        "iops_max" : 0,
        "iops_mean" : 0.000000,
        "iops_stddev" : 0.000000,
        "iops_samples" : 0
      },
      "sync" : {
        "lat_ns" : {
          "min" : 1220,
          "max" : 49150,
          "mean" : 1503.304542,
          "stddev" : 1447.391132,
          "percentile" : {
            "1.000000" : 1288,
            "5.000000" : 1304,
            "10.000000" : 1304,
            "20.000000" : 1320,
            "30.000000" : 1336,
            "40.000000" : 1336,
            "50.000000" : 1352,
            "60.000000" : 1368,
            "70.000000" : 1384,
            "80.000000" : 1768,
            "90.000000" : 1800,
            "95.000000" : 1816,
            "99.000000" : 1832,
            "99.500000" : 1864,
            "99.900000" : 20864,
            "99.950000" : 45312,
            "99.990000" : 48896
          }
        },
        "total_ios" : 2466
      },
      "job_runtime" : 30000,
      "usr_cpu" : 3.860000,
      "sys_cpu" : 5.726667,
      "ctx" : 84618,
      "majf" : 0,
      "minf" : 11,
      "iodepth_level" : {
        "1" : 103.124723,
        "2" : 0.000000,
        "4" : 0.000000,
        "8" : 0.000000,
        "16" : 0.000000,
        "32" : 0.000000,
        ">=64" : 0.000000
      },
      "iodepth_submit" : {
        "0" : 0.000000,
        "4" : 100.000000,
        "8" : 0.000000,
        "16" : 0.000000,
        "32" : 0.000000,
        "64" : 0.000000,
        ">=64" : 0.000000
      },
      "iodepth_complete" : {
        "0" : 0.000000,
        "4" : 100.000000,
        "8" : 0.000000,
        "16" : 0.000000,
        "32" : 0.000000,
        "64" : 0.000000,
        ">=64" : 0.000000
      },
      "latency_ns" : {
        "2" : 0.000000,
        "4" : 0.000000,
        "10" : 0.000000,
        "20" : 0.000000,
        "50" : 0.000000,
        "100" : 0.000000,
        "250" : 0.000000,
        "500" : 0.000000,
        "750" : 0.000000,
        "1000" : 0.000000
      },
      "latency_us" : {
        "2" : 0.000000,
        "4" : 0.000000,
        "10" : 0.000000,
        "20" : 0.000000,
        "50" : 0.000000,
        "100" : 0.016473,
        "250" : 94.017917,
        "500" : 5.945336,
        "750" : 0.010000,
        "1000" : 0.010000
      },
      "latency_ms" : {
        "2" : 0.010000,
        "4" : 0.010000,
        "10" : 0.010000,
        "20" : 0.000000,
        "50" : 0.000000,
        "100" : 0.000000,
        "250" : 0.000000,
        "500" : 0.000000,
        "750" : 0.000000,
        "1000" : 0.000000,
        "2000" : 0.000000,
        ">=2000" : 0.000000
      },
      "latency_depth" : 1,
      "latency_target" : 0,
      "latency_percentile" : 100.000000,
      "latency_window" : 0
    }
  ],
  "disk_util" : [
    {
      "name" : "vdb",
      "read_ios" : 0,
      "write_ios" : 81113,
      "read_merges" : 0,
      "write_merges" : 0,
      "read_ticks" : 0,
      "write_ticks" : 27564,
      "in_queue" : 12,