{
	"start":	{
		"connected":	[{
				"socket":	4,
				"local_host":	"169.254.0.2",
				"local_port":	46418,
				"remote_host":	"169.254.0.2",
				"remote_port":	5201
			}],
		"version":	"iperf 3.1.3",
		"system_info":	"Linux ip-10-0-0-82 4.15.0-1044-aws #46-Ubuntu SMP Thu Jul 4 13:38:28 UTC 2019 x86_64",
		"timestamp":	{
			"time":	"Mon, 02 Sep 2019 11:42:12 GMT",
			"timesecs":	1567424532
		},
		"connecting_to":	{
			"host":	"169.254.0.2",
			"port":	5201
		},
		"cookie":	"ip-10-0-0-82.1567424532.775150.295b6",
		"tcp_mss_default":	21888,
		"test_start":	{
			"protocol":	"TCP",
			"num_streams":	1,
			"blksize":	131072,
			"omit":	0,
			"duration":	30,
			"bytes":	0,
			"blocks":	0,
			"reverse":	0
		}
	},
	"intervals":	[{
			"streams":	[{
					"socket":	4,
					"start":	0,
					"end":	1.000208,
					"seconds":	1.000208,
					"bytes":	5620367360,
					"bits_per_second":	4.495358e+10,
					"retransmits":	0,
					"snd_cwnd":	2029973,
					"rtt":	27,
					"omitted":	false
				}],
			"sum":	{
				"start":	0,
				"end":	1.000208,
				"seconds":	1.000208,
				"bytes":	5620367360,
				"bits_per_second":	4.495358e+10,
				"retransmits":	0,
				"omitted":	false
			}
		}, {
			"streams":	[{
					"socket":	4,
					"start":	1.000208,
					"end":	2.000209,
					"seconds":	1.000001,
					"bytes":	5605949440,
					"bits_per_second":	4.484755e+10,
					"retransmits":	0,
					"snd_cwnd":	2029973,
					"rtt":	26,
					"omitted":	false
				}],
			"sum":	{
				"start":	1.000208,
				"end":	2.000209,
				"seconds":	1.000001,
				"bytes":	5605949440,
				"bits_per_second":	4.484755e+10,
				"retransmits":	0,
				"omitted":	false
			}
		}, {
			"streams":	[{
					"socket":	4,
					"start":	2.000209,
					"end":	3.000108,
					"seconds":	0.999899,
					"bytes":	5705564160,
					"bits_per_second":	4.564913e+10,
					"retransmits":	0,
					"snd_cwnd":	2029973,
					"rtt":	26,
					"omitted":	false
				}],
			"sum":	{
				"start":	2.000209,
				"end":	3.000108,
				"seconds":	0.999899,
				"bytes":	5705564160,
				"bits_per_second":	4.564913e+10,
				"retransmits":	0,
				"omitted":	false
			}
		}, {
			"streams":	[{
					"socket":	4,
					"start":	3.000108,
					"end":	4.000169,
					"seconds":	1.000061,
					"bytes":	5523374080,
					"bits_per_second":	4.418430e+10,
					"retransmits":	0,
					"snd_cwnd":	2881252,
					"rtt":	26,
					"omitted":	false
				}],
			"sum":	{
				"start":	3.000108,
				"end":	4.000169,
				"seconds":	1.000061,
				"bytes":	5523374080,
				"bits_per_second":	4.418430e+10,
				"retransmits":	0,
				"omitted":	false
			}
		}, {
			"streams":	[{
					"socket":	4,
					"start":	4.000169,
					"end":	5.000063,
					"seconds":	0.999894,
					"bytes":	5984747520,
					"bits_per_second":	4.788306e+10,
					"retransmits":	0,
					"snd_cwnd":	2881252,
					"rtt":	24,
					"omitted":	false
				}],
			"sum":	{
				"start":	4.000169,
				"end":	5.000063,
				"seconds":	0.999894,
				"bytes":	5984747520,
				"bits_per_second":	4.788306e+10,
				"retransmits":	0,
				"omitted":	false
			}
		}, {
			"streams":	[{
					"socket":	4,
					"start":	5.000063,
					"end":	6.000159,
					"seconds":	1.000096,
					"bytes":	5862850560,
					"bits_per_second":	4.689830e+10,
					"retransmits":	0,
					"snd_cwnd":	2881252,
					"rtt":	24,
					"omitted":	false
				}],
			"sum":	{
				"start":	5.000063,
				"end":	6.000159,
				"seconds":	1.000096,
				"bytes":	5862850560,
				"bits_per_second":	4.689830e+10,
				"retransmits":	0,
				"omitted":	false
			}
		}, {
			"streams":	[{
					"socket":	4,
					"start":	6.000159,
					"end":	7.000210,
					"seconds":	1.000051,
					"bytes":	5995233280,
					"bits_per_second":	4.795942e+10,
					"retransmits":	0,
					"snd_cwnd":	2881252,
					"rtt":	26,
					"omitted":	false
				}],
			"sum":	{
				"start":	6.000159,
				"end":	7.000210,
				"seconds":	1.000051,
				"bytes":	5995233280,
				"bits_per_second":	4.795942e+10,
				"retransmits":	0,
				"omitted":	false
			}
		}, {
			"streams":	[{
					"socket":	4,
					"start":	7.000210,
					"end":	8.000210,
					"seconds":	1,
					"bytes":	5806489600,
					"bits_per_second":	46451916800,
					"retransmits":	0,
					"snd_cwnd":	2881252,
					"rtt":	25,
					"omitted":	false
				}],
			"sum":	{
				"start":	7.000210,
				"end":	8.000210,
				"seconds":	1,
				"bytes":	5806489600,
				"bits_per_second":	46451916800,
				"retransmits":	0,
				"omitted":	false
			}
		}, {
			"streams":	[{
					"socket":	4,
					"start":	8.000210,
					"end":	9.000175,
					"seconds":	0.999965,
					"bytes":	5657067520,
					"bits_per_second":	4.525813e+10,
					"retransmits":	0,
					"snd_cwnd":	2881252,
					"rtt":	27,
					"omitted":	false
				}],
			"sum":	{
				"start":	8.000210,
				"end":	9.000175,
				"seconds":	0.999965,
				"bytes":	5657067520,
				"bits_per_second":	4.525813e+10,
				"retransmits":	0,
				"omitted":	false
			}
		}, {
			"streams":	[{
					"socket":	4,
					"start":	9.000175,
					"end":	10.000199,
					"seconds":	1.000024,
					"bytes":	5681971200,
					"bits_per_second":	4.545468e+10,
					"retransmits":	0,
					"snd_cwnd":	2881252,
					"rtt":	27,
					"omitted":	false
				}],
			"sum":	{
				"start":	9.000175,
				"end":	10.000199,
				"seconds":	1.000024,
				"bytes":	5681971200,
				"bits_per_second":	4.545468e+10,
				"retransmits":	0,
				"omitted":	false
			}
		}, {
			"streams":	[{
					"socket":	4,
					"start":	10.000199,
					"end":	11.000215,
					"seconds":	1.000016,
					"bytes":	5796003840,
					"bits_per_second":	4.636729e+10,
					"retransmits":	0,
					"snd_cwnd":	2881252,
					"rtt":	27,
					"omitted":	false
				}],
			"sum":	{
				"start":	10.000199,
				"end":	11.000215,
				"seconds":	1.000016,
				"bytes":	5796003840,
				"bits_per_second":	4.636729e+10,
				"retransmits":	0,
				"omitted":	false
			}
		}, {
			"streams":	[{
					"socket":	4,
					"start":	11.000215,
					"end":	12.000163,
					"seconds":	0.999948,
					"bytes":	5754060800,
					"bits_per_second":	4.603488e+10,
					"retransmits":	0,
					"snd_cwnd":	2881252,
					"rtt":	27,
					"omitted":	false
				}],
			"sum":	{
				"start":	11.000215,
				"end":	12.000163,
				"seconds":	0.999948,
				"bytes":	5754060800,
				"bits_per_second":	4.603488e+10,
				"retransmits":	0,
				"omitted":	false
			}
		}, {
			"streams":	[{
					"socket":	4,
					"start":	12.000163,
					"end":	13.000161,
					"seconds":	0.999998,
					"bytes":	5714739200,
					"bits_per_second":	4.571800e+10,
					"retransmits":	0,
					"snd_cwnd":	2881252,
					"rtt":	27,
					"omitted":	false
				}],
			"sum":	{
				"start":	12.000163,
				"end":	13.000161,
				"seconds":	0.999998,
				"bytes":	5714739200,
				"bits_per_second":	4.571800e+10,
				"retransmits":	0,
				"omitted":	false
			}
		}, {
			"streams":	[{
					"socket":	4,
					"start":	13.000161,
					"end":	14.000149,
					"seconds":	0.999988,
					"bytes":	5784207360,
					"bits_per_second":	4.627422e+10,
					"retransmits":	0,
					"snd_cwnd":	2881252,
					"rtt":	26,
					"omitted":	false
				}],
			"sum":	{
				"start":	13.000161,
				"end":	14.000149,
				"seconds":	0.999988,
				"bytes":	5784207360,
				"bits_per_second":	4.627422e+10,
				"retransmits":	0,
				"omitted":	false
			}
		}, {
			"streams":	[{
					"socket":	4,
					"start":	14.000149,
					"end":	15.000196,
					"seconds":	1.000047,
					"bytes":	5840568320,
					"bits_per_second":	4.672235e+10,
					"retransmits":	0,
					"snd_cwnd":	2881252,
					"rtt":	25,
					"omitted":	false
				}],
			"sum":	{
				"start":	14.000149,
				"end":	15.000196,
				"seconds":	1.000047,
				"bytes":	5840568320,
				"bits_per_second":	4.672235e+10,
				"retransmits":	0,
				"omitted":	false
			}
		}, {
			"streams":	[{
					"socket":	4,
					"start":	15.000196,
					"end":	16.000043,
					"seconds":	0.999847,
					"bytes":	5913968640,
					"bits_per_second":	4.731898e+10,
					"retransmits":	0,
					"snd_cwnd":	2881252,
					"rtt":	26,
					"omitted":	false
				}],
			"sum":	{
				"start":	15.000196,