{
	"start":	{
		"connected":	[{
				"socket":	4,
				"local_host":	"169.254.0.2",
				"local_port":	36920,
				"remote_host":	"169.254.0.1",
				"remote_port":	5201
			}],
		"version":	"iperf 3.1.3",
		"system_info":	"Linux ip-10-0-0-129 4.15.0-1057-aws #59-Ubuntu SMP Wed Dec 4 10:02:00 UTC 2019 x86_64",
		"timestamp":	{
			"time":	"Wed, 05 Feb 2020 11:29:15 GMT",
			"timesecs":	1580902155
		},
		"connecting_to":	{
			"host":	"169.254.0.1",
			"port":	5201
		},
		"cookie":	"ip-10-0-0-129.1580902155.545570.1a93",
		"tcp_mss_default":	1448,
		"test_start":	{
			"protocol":	"TCP",
			"num_streams":	1,
			"blksize":	131072,
			"omit":	0,
			"duration":	30,
			"bytes":	0,
			"blocks":	0,
			"reverse":	0
		}
	},
	"intervals":	[{
			"streams":	[{
					"socket":	4,
					"start":	0,
					"end":	1.000161,
					"seconds":	1.000161,
					"bytes":	2820660520,
					"bits_per_second":	2.256165e+10,
					"retransmits":	0,
					"snd_cwnd":	2088016,
					"rtt":	763,
					"omitted":	false
				}],
			"sum":	{
				"start":	0,
				"end":	1.000161,
				"seconds":	1.000161,
				"bytes":	2820660520,
				"bits_per_second":	2.256165e+10,
				"retransmits":	0,
				"omitted":	false
			}
		}, {
			"streams":	[{
					"socket":	4,
					"start":	1.000161,
					"end":	2.000244,
					"seconds":	1.000083,
					"bytes":	2718199304,
					"bits_per_second":	2.174379e+10,
					"retransmits":	0,
					"snd_cwnd":	2088016,
					"rtt":	596,
					"omitted":	false
				}],
			"sum":	{
				"start":	1.000161,
				"end":	2.000244,
				"seconds":	1.000083,
				"bytes":	2718199304,
				"bits_per_second":	2.174379e+10,
				"retransmits":	0,
				"omitted":	false
			}
		}, {
			"streams":	[{
					"socket":	4,
					"start":	2.000244,
					"end":	3.000436,
					"seconds":	1.000192,
					"bytes":	2743336960,
					"bits_per_second":	2.194248e+10,
					"retransmits":	0,
					"snd_cwnd":	2088016,
					"rtt":	797,
					"omitted":	false
				}],
			"sum":	{
				"start":	2.000244,
				"end":	3.000436,
				"seconds":	1.000192,
				"bytes":	2743336960,
				"bits_per_second":	2.194248e+10,
				"retransmits":	0,
				"omitted":	false
			}
		}, {
			"streams":	[{
					"socket":	4,
					"start":	3.000436,
					"end":	4.000221,
					"seconds":	0.999785,
					"bytes":	2492989440,
					"bits_per_second":	1.994820e+10,
					"retransmits":	0,
					"snd_cwnd":	2088016,
					"rtt":	751,
					"omitted":	false
				}],
			"sum":	{
				"start":	3.000436,
				"end":	4.000221,
				"seconds":	0.999785,
				"bytes":	2492989440,
				"bits_per_second":	1.994820e+10,
				"retransmits":	0,
				"omitted":	false
			}
		}, {
			"streams":	[{
					"socket":	4,
					"start":	4.000221,
					"end":	5.000437,
					"seconds":	1.000216,
					"bytes":	2473328640,
					"bits_per_second":	1.978236e+10,
					"retransmits":	0,
					"snd_cwnd":	2088016,
					"rtt":	712,
					"omitted":	false
				}],
			"sum":	{
				"start":	4.000221,
				"end":	5.000437,
				"seconds":	1.000216,
				"bytes":	2473328640,
				"bits_per_second":	1.978236e+10,
				"retransmits":	0,
				"omitted":	false
			}
		}, {
			"streams":	[{
					"socket":	4,
					"start":	5.000437,
					"end":	6.000328,
					"seconds":	0.999891,
					"bytes":	2495610880,
					"bits_per_second":	1.996707e+10,
					"retransmits":	0,
					"snd_cwnd":	2088016,
					"rtt":	812,
					"omitted":	false
				}],
			"sum":	{
				"start":	5.000437,
				"end":	6.000328,
				"seconds":	0.999891,
				"bytes":	2495610880,
				"bits_per_second":	1.996707e+10,
				"retransmits":	0,
				"omitted":	false
			}
		}, {
			"streams":	[{
					"socket":	4,
					"start":	6.000328,
					"end":	7.000567,
					"seconds":	1.000239,
					"bytes":	2413035520,
					"bits_per_second":	1.929967e+10,
					"retransmits":	0,
					"snd_cwnd":	2088016,
					"rtt":	936,
					"omitted":	false
				}],
			"sum":	{
				"start":	6.000328,
				"end":	7.000567,
				"seconds":	1.000239,
				"bytes":	2413035520,
				"bits_per_second":	1.929967e+10,
				"retransmits":	0,
				"omitted":	false
			}
		}, {
			"streams":	[{
					"socket":	4,
					"start":	7.000567,
					"end":	8.000376,
					"seconds":	0.999809,
					"bytes":	2093219840,
					"bits_per_second":	1.674896e+10,
					"retransmits":	0,
					"snd_cwnd":	2088016,
					"rtt":	767,
					"omitted":	false
				}],
			"sum":	{
				"start":	7.000567,
				"end":	8.000376,
				"seconds":	0.999809,
				"bytes":	2093219840,
				"bits_per_second":	1.674896e+10,
				"retransmits":	0,
				"omitted":	false
			}
		}, {
			"streams":	[{
					"socket":	4,
					"start":	8.000376,
					"end":	9.000023,
					"seconds":	0.999647,
					"bytes":	2110259200,
					"bits_per_second":	1.688804e+10,
					"retransmits":	0,
					"snd_cwnd":	2088016,
					"rtt":	808,
					"omitted":	false
				}],
			"sum":	{
				"start":	8.000376,
				"end":	9.000023,
				"seconds":	0.999647,
				"bytes":	2110259200,
				"bits_per_second":	1.688804e+10,
				"retransmits":	0,
				"omitted":	false
			}
		}, {
			"streams":	[{
					"socket":	4,
					"start":	9.000023,
					"end":	10.000064,
					"seconds":	1.000041,
					"bytes":	2122055680,
					"bits_per_second":	1.697575e+10,
					"retransmits":	0,
					"snd_cwnd":	2088016,
					"rtt":	866,
					"omitted":	false
				}],
			"sum":	{
				"start":	9.000023,
				"end":	10.000064,
				"seconds":	1.000041,
				"bytes":	2122055680,
				"bits_per_second":	1.697575e+10,
				"retransmits":	0,
				"omitted":	false
			}
		}, {
			"streams":	[{
					"socket":	4,
					"start":	10.000064,
					"end":	11.000552,
					"seconds":	1.000488,
					"bytes":	2119434240,
					"bits_per_second":	1.694720e+10,
					"retransmits":	0,
					"snd_cwnd":	2088016,
					"rtt":	928,
					"omitted":	false
				}],
			"sum":	{
				"start":	10.000064,
				"end":	11.000552,
				"seconds":	1.000488,
				"bytes":	2119434240,
				"bits_per_second":	1.694720e+10,
				"retransmits":	0,
				"omitted":	false
			}
		}, {
			"streams":	[{
					"socket":	4,
					"start":	11.000552,
					"end":	12.000315,
					"seconds":	0.999763,
					"bytes":	2119245144,
					"bits_per_second":	1.695798e+10,
					"retransmits":	0,
					"snd_cwnd":	2088016,
					"rtt":	800,
					"omitted":	false
				}],
			"sum":	{
				"start":	11.000552,
				"end":	12.000315,
				"seconds":	0.999763,
				"bytes":	2119245144,
				"bits_per_second":	1.695798e+10,
				"retransmits":	0,
				"omitted":	false
			}
		}, {
			"streams":	[{
					"socket":	4,
					"start":	12.000315,
					"end":	13.000121,
					"seconds":	0.999806,
					"bytes":	3276800000,
					"bits_per_second":	2.621949e+10,
					"retransmits":	0,
					"snd_cwnd":	2088016,
					"rtt":	635,
					"omitted":	false
				}],
			"sum":	{
				"start":	12.000315,
				"end":	13.000121,
				"seconds":	0.999806,
				"bytes":	3276800000,
				"bits_per_second":	2.621949e+10,
				"retransmits":	0,
				"omitted":	false
			}
		}, {
			"streams":	[{
					"socket":	4,
					"start":	13.000121,
					"end":	14.000114,
					"seconds":	0.999993,
					"bytes":	2801008640,
					"bits_per_second":	2.240822e+10,
					"retransmits":	0,
					"snd_cwnd":	2088016,
					"rtt":	640,
					"omitted":	false
				}],
			"sum":	{
				"start":	13.000121,
				"end":	14.000114,
				"seconds":	0.999993,
				"bytes":	2801008640,
				"bits_per_second":	2.240822e+10,
				"retransmits":	0,
				"omitted":	false
			}
		}, {
			"streams":	[{
					"socket":	4,
					"start":	14.000114,
					"end":	15.000172,
					"seconds":	1.000058,
					"bytes":	2797076480,
					"bits_per_second":	2.237532e+10,
					"retransmits":	0,
					"snd_cwnd":	2088016,
					"rtt":	692,
					"omitted":	false
				}],
			"sum":	{
				"start":	14.000114,
				"end":	15.000172,
				"seconds":	1.000058,
				"bytes":	2797076480,
				"bits_per_second":	2.237532e+10,
				"retransmits":	0,
				"omitted":	false
			}
		}, {
			"streams":	[{
					"socket":	4,
					"start":	15.000172,
					"end":	16.000220,
					"seconds":	1.000048,
					"bytes":	2052587520,
					"bits_per_second":	1.641991e+10,
					"retransmits":	0,
					"snd_cwnd":	2088016,
					"rtt":	774,
					"omitted":	false
				}],