{
	"start":	{
		"connected":	[{
				"socket":	5,
				"local_host":	"169.254.0.1",
				"local_port":	58610,
				"remote_host":	"169.254.0.2",
				"remote_port":	5201
			}],
		"version":	"iperf 3.6",
		"system_info":	"Linux 169.254.0.1 4.14.94 #1 SMP Wed Jan 23 21:19:15 UTC 2019 x86_64",
		"timestamp":	{
			"time":	"Wed, 05 Feb 2020 09:12:27 GMT",
			"timesecs":	1580893947
		},
		"connecting_to":	{
			"host":	"169.254.0.2",
			"port":	5201
		},
		"cookie":	"2zhetyerpqx3k77kl6vyjwvmoak3v5g7ysq6",
		"tcp_mss_default":	1448,
		"sock_bufsize":	0,
		"sndbuf_actual":	16384,
		"rcvbuf_actual":	87380,
		"test_start":	{
			"protocol":	"TCP",
			"num_streams":	1,
			"blksize":	131072,
			"omit":	0,
			"duration":	30,
			"bytes":	0,
			"blocks":	0,
			"reverse":	0,
			"tos":	0
		}
	},
	"intervals":	[{
			"streams":	[{
					"socket":	5,
					"start":	0,
					"end":	1.0000748634338379,
					"seconds":	1.0000748634338379,
					"bytes":	2882941560,
					"bits_per_second":	23061805994.012783,
					"retransmits":	0,
					"snd_cwnd":	3201528,
					"rtt":	909,
					"rttvar":	235,
					"pmtu":	1500,
					"omitted":	false
				}],
			"sum":	{
				"start":	0,
				"end":	1.0000748634338379,
				"seconds":	1.0000748634338379,
				"bytes":	2882941560,
				"bits_per_second":	23061805994.012783,
				"retransmits":	0,
				"omitted":	false
			}
		}, {
			"streams":	[{
					"socket":	5,
					"start":	1.0000748634338379,
					"end":	2.0001428127288818,
					"seconds":	1.0000679492950439,
					"bytes":	2133852160,
					"bits_per_second":	17069657408.812429,
					"retransmits":	0,
					"snd_cwnd":	3201528,
					"rtt":	1167,
					"rttvar":	55,
					"pmtu":	1500,
					"omitted":	false
				}],
			"sum":	{
				"start":	1.0000748634338379,
				"end":	2.0001428127288818,
				"seconds":	1.0000679492950439,
				"bytes":	2133852160,
				"bits_per_second":	17069657408.812429,
				"retransmits":	0,
				"omitted":	false
			}
		}, {
			"streams":	[{
					"socket":	5,
					"start":	2.0001428127288818,
					"end":	3.0005009174346924,
					"seconds":	1.0003581047058105,
					"bytes":	2014576640,
					"bits_per_second":	16110843751.038176,
					"retransmits":	0,
					"snd_cwnd":	3201528,
					"rtt":	1115,
					"rttvar":	52,
					"pmtu":	1500,
					"omitted":	false
				}],
			"sum":	{
				"start":	2.0001428127288818,
				"end":	3.0005009174346924,
				"seconds":	1.0003581047058105,
				"bytes":	2014576640,
				"bits_per_second":	16110843751.038176,
				"retransmits":	0,
				"omitted":	false
			}
		}, {
			"streams":	[{
					"socket":	5,
					"start":	3.0005009174346924,
					"end":	4.0000197887420654,
					"seconds":	0.999518871307373,
					"bytes":	2008023040,
					"bits_per_second":	16071916980.404791,
					"retransmits":	0,
					"snd_cwnd":	3201528,
					"rtt":	1330,
					"rttvar":	115,
					"pmtu":	1500,
					"omitted":	false
				}],
			"sum":	{
				"start":	3.0005009174346924,
				"end":	4.0000197887420654,
				"seconds":	0.999518871307373,
				"bytes":	2008023040,
				"bits_per_second":	16071916980.404791,
				"retransmits":	0,
				"omitted":	false
			}
		}, {
			"streams":	[{
					"socket":	5,
					"start":	4.0000197887420654,
					"end":	5.0000698566436768,
					"seconds":	1.0000500679016113,
					"bytes":	2004090880,
					"bits_per_second":	16031924355.188744,
					"retransmits":	0,
					"snd_cwnd":	3201528,
					"rtt":	1147,
					"rttvar":	43,
					"pmtu":	1500,
					"omitted":	false
				}],
			"sum":	{
				"start":	4.0000197887420654,
				"end":	5.0000698566436768,
				"seconds":	1.0000500679016113,
				"bytes":	2004090880,
				"bits_per_second":	16031924355.188744,
				"retransmits":	0,
				"omitted":	false
			}
		}, {
			"streams":	[{
					"socket":	5,
					"start":	5.0000698566436768,
					"end":	6.0000388622283936,
					"seconds":	0.9999690055847168,
					"bytes":	2453667840,
					"bits_per_second":	19629951138.857586,
					"retransmits":	0,
					"snd_cwnd":	3201528,
					"rtt":	792,
					"rttvar":	56,
					"pmtu":	1500,
					"omitted":	false
				}],
			"sum":	{
				"start":	5.0000698566436768,
				"end":	6.0000388622283936,
				"seconds":	0.9999690055847168,
				"bytes":	2453667840,
				"bits_per_second":	19629951138.857586,
				"retransmits":	0,
				"omitted":	false
			}
		}, {
			"streams":	[{
					"socket":	5,
					"start":	6.0000388622283936,
					"end":	7.0000767707824707,
					"seconds":	1.0000379085540771,
					"bytes":	1880883200,
					"bits_per_second":	15046495209.122694,
					"retransmits":	0,
					"snd_cwnd":	3201528,
					"rtt":	1190,
					"rttvar":	270,
					"pmtu":	1500,
					"omitted":	false
				}],
			"sum":	{
				"start":	6.0000388622283936,
				"end":	7.0000767707824707,
				"seconds":	1.0000379085540771,
				"bytes":	1880883200,
				"bits_per_second":	15046495209.122694,
				"retransmits":	0,
				"omitted":	false
			}
		}, {
			"streams":	[{
					"socket":	5,
					"start":	7.0000767707824707,
					"end":	8.0000739097595215,
					"seconds":	0.99999713897705078,
					"bytes":	1776025600,
					"bits_per_second":	14208245450.1163,
					"retransmits":	0,
					"snd_cwnd":	3201528,
					"rtt":	1244,
					"rttvar":	127,
					"pmtu":	1500,
					"omitted":	false
				}],
			"sum":	{
				"start":	7.0000767707824707,
				"end":	8.0000739097595215,
				"seconds":	0.99999713897705078,
				"bytes":	1776025600,
				"bits_per_second":	14208245450.1163,
				"retransmits":	0,
				"omitted":	false
			}
		}, {
			"streams":	[{
					"socket":	5,
					"start":	8.0000739097595215,
					"end":	9.0000748634338379,
					"seconds":	1.0000009536743164,
					"bytes":	1804861440,
					"bits_per_second":	14438877750.013132,
					"retransmits":	0,
					"snd_cwnd":	3201528,
					"rtt":	1529,
					"rttvar":	223,
					"pmtu":	1500,
					"omitted":	false
				}],
			"sum":	{
				"start":	8.0000739097595215,
				"end":	9.0000748634338379,
				"seconds":	1.0000009536743164,
				"bytes":	1804861440,
				"bits_per_second":	14438877750.013132,
				"retransmits":	0,
				"omitted":	false
			}
		}, {
			"streams":	[{
					"socket":	5,
					"start":	9.0000748634338379,
					"end":	10.000292778015137,
					"seconds":	1.0002179145812988,
					"bytes":	1819279360,
					"bits_per_second":	14551063990.982952,
					"retransmits":	0,
					"snd_cwnd":	3201528,
					"rtt":	1038,
					"rttvar":	137,
					"pmtu":	1500,
					"omitted":	false
				}],
			"sum":	{
				"start":	9.0000748634338379,
				"end":	10.000292778015137,
				"seconds":	1.0002179145812988,
				"bytes":	1819279360,
				"bits_per_second":	14551063990.982952,
				"retransmits":	0,
				"omitted":	false
			}
		}, {
			"streams":	[{
					"socket":	5,
					"start":	10.000292778015137,
					"end":	11.000563859939575,
					"seconds":	1.0002710819244385,
					"bytes":	2013265920,
					"bits_per_second":	16101762463.244612,
					"retransmits":	0,
					"snd_cwnd":	3201528,
					"rtt":	1287,
					"rttvar":	144,
					"pmtu":	1500,
					"omitted":	false
				}],
			"sum":	{
				"start":	10.000292778015137,
				"end":	11.000563859939575,
				"seconds":	1.0002710819244385,
				"bytes":	2013265920,
				"bits_per_second":	16101762463.244612,
				"retransmits":	0,
				"omitted":	false
			}
		}, {
			"streams":	[{
					"socket":	5,
					"start":	11.000563859939575,
					"end":	12.000361919403076,
					"seconds":	0.999798059463501,
					"bytes":	2183659520,
					"bits_per_second":	17472804627.540627,
					"retransmits":	0,
					"snd_cwnd":	3201528,
					"rtt":	823,
					"rttvar":	375,
					"pmtu":	1500,
					"omitted":	false
				}],
			"sum":	{
				"start":	11.000563859939575,
				"end":	12.000361919403076,
				"seconds":	0.999798059463501,
				"bytes":	2183659520,
				"bits_per_second":	17472804627.540627,
				"retransmits":	0,
				"omitted":	false
			}
		}, {
			"streams":	[{
					"socket":	5,
					"start":	12.000361919403076,
					"end":	13.000249862670898,
					"seconds":	0.99988794326782227,
					"bytes":	2160066560,
					"bits_per_second":	17282469097.010975,
					"retransmits":	0,
					"snd_cwnd":	3201528,
					"rtt":	184,
					"rttvar":	29,
					"pmtu":	1500,