{
	"start":	{
		"connected":	[{
				"socket":	5,
				"local_host":	"169.254.0.1",
				"local_port":	54512,
				"remote_host":	"169.254.0.2",
				"remote_port":	5201
			}],
		"version":	"iperf 3.6",
		"system_info":	"Linux 169.254.0.1 4.14.94 #1 SMP Wed Jan 23 21:19:15 UTC 2019 x86_64",
		"timestamp":	{
			"time":	"Wed, 05 Feb 2020 11:30:22 GMT",
			"timesecs":	1580902222
		},
		"connecting_to":	{
			"host":	"169.254.0.2",
			"port":	5201
		},
		"cookie":	"hre7ot7ji3ajp37k22ey422qildjynrqrnve",
		"tcp_mss_default":	1448,
		"sock_bufsize":	0,
		"sndbuf_actual":	16384,
		"rcvbuf_actual":	87380,
		"test_start":	{
			"protocol":	"TCP",
			"num_streams":	1,
			"blksize":	131072,
			"omit":	0,
			"duration":	30,
			"bytes":	0,
			"blocks":	0,
			"reverse":	0,
			"tos":	0
		}
	},
	"intervals":	[{
			"streams":	[{
					"socket":	5,
					"start":	0,
					"end":	1.0001430511474609,
					"seconds":	1.0001430511474609,
					"bytes":	2242006440,
					"bits_per_second":	17933486114.233383,
					"retransmits":	0,
					"snd_cwnd":	3216008,
					"rtt":	444,
					"rttvar":	150,
					"pmtu":	1500,
					"omitted":	false
				}],
			"sum":	{
				"start":	0,
				"end":	1.0001430511474609,
				"seconds":	1.0001430511474609,
				"bytes":	2242006440,
				"bits_per_second":	17933486114.233383,
				"retransmits":	0,
				"omitted":	false
			}
		}, {
			"streams":	[{
					"socket":	5,
					"start":	1.0001430511474609,
					"end":	2.0000159740448,
					"seconds":	0.99987292289733887,
					"bytes":	2274099200,
					"bits_per_second":	18195105781.325302,
					"retransmits":	0,
					"snd_cwnd":	3216008,
					"rtt":	857,
					"rttvar":	59,
					"pmtu":	1500,
					"omitted":	false
				}],
			"sum":	{
				"start":	1.0001430511474609,
				"end":	2.0000159740448,
				"seconds":	0.99987292289733887,
				"bytes":	2274099200,
				"bits_per_second":	18195105781.325302,
				"retransmits":	0,
				"omitted":	false
			}
		}, {
			"streams":	[{
					"socket":	5,
					"start":	2.0000159740448,
					"end":	3.0000729560852051,
					"seconds":	1.0000569820404053,
					"bytes":	2516582400,
					"bits_per_second":	20131512065.366074,
					"retransmits":	0,
					"snd_cwnd":	3216008,
					"rtt":	569,
					"rttvar":	85,
					"pmtu":	1500,
					"omitted":	false
				}],
			"sum":	{
				"start":	2.0000159740448,
				"end":	3.0000729560852051,
				"seconds":	1.0000569820404053,
				"bytes":	2516582400,
				"bits_per_second":	20131512065.366074,
				"retransmits":	0,
				"omitted":	false
			}
		}, {
			"streams":	[{
					"socket":	5,
					"start":	3.0000729560852051,
					"end":	4.0000748634338379,
					"seconds":	1.0000019073486328,
					"bytes":	2264924160,
					"bits_per_second":	18119358720.065918,
					"retransmits":	0,
					"snd_cwnd":	3216008,
					"rtt":	831,
					"rttvar":	68,
					"pmtu":	1500,
					"omitted":	false
				}],
			"sum":	{
				"start":	3.0000729560852051,
				"end":	4.0000748634338379,
				"seconds":	1.0000019073486328,
				"bytes":	2264924160,
				"bits_per_second":	18119358720.065918,
				"retransmits":	0,
				"omitted":	false
			}
		}, {
			"streams":	[{
					"socket":	5,
					"start":	4.0000748634338379,
					"end":	5.0004260540008545,
					"seconds":	1.0003511905670166,
					"bytes":	2288517120,
					"bits_per_second":	18301709572.237953,
					"retransmits":	0,
					"snd_cwnd":	3216008,
					"rtt":	502,
					"rttvar":	141,
					"pmtu":	1500,
					"omitted":	false
				}],
			"sum":	{
				"start":	4.0000748634338379,
				"end":	5.0004260540008545,
				"seconds":	1.0003511905670166,
				"bytes":	2288517120,
				"bits_per_second":	18301709572.237953,
				"retransmits":	0,
				"omitted":	false
			}
		}, {
			"streams":	[{
					"socket":	5,
					"start":	5.0004260540008545,
					"end":	6.0000779628753662,
					"seconds":	0.99965190887451172,
					"bytes":	2285895680,
					"bits_per_second":	18293533256.580441,
					"retransmits":	0,
					"snd_cwnd":	3216008,
					"rtt":	449,
					"rttvar":	149,
					"pmtu":	1500,
					"omitted":	false
				}],
			"sum":	{
				"start":	5.0004260540008545,
				"end":	6.0000779628753662,
				"seconds":	0.99965190887451172,
				"bytes":	2285895680,
				"bits_per_second":	18293533256.580441,
				"retransmits":	0,
				"omitted":	false
			}
		}, {
			"streams":	[{
					"socket":	5,
					"start":	6.0000779628753662,
					"end":	7.0000109672546387,
					"seconds":	0.99993300437927246,
					"bytes":	2289827840,
					"bits_per_second":	18319850069.727058,
					"retransmits":	0,
					"snd_cwnd":	3216008,
					"rtt":	483,
					"rttvar":	147,
					"pmtu":	1500,
					"omitted":	false
				}],
			"sum":	{
				"start":	6.0000779628753662,
				"end":	7.0000109672546387,
				"seconds":	0.99993300437927246,
				"bytes":	2289827840,
				"bits_per_second":	18319850069.727058,
				"retransmits":	0,
				"omitted":	false
			}
		}, {
			"streams":	[{
					"socket":	5,
					"start":	7.0000109672546387,
					"end":	8.00025987625122,
					"seconds":	1.000248908996582,
					"bytes":	2288517120,
					"bits_per_second":	18303581034.010967,
					"retransmits":	0,
					"snd_cwnd":	3216008,
					"rtt":	468,
					"rttvar":	143,
					"pmtu":	1500,
					"omitted":	false
				}],
			"sum":	{
				"start":	7.0000109672546387,
				"end":	8.00025987625122,
				"seconds":	1.000248908996582,
				"bytes":	2288517120,
				"bits_per_second":	18303581034.010967,
				"retransmits":	0,
				"omitted":	false
			}
		}, {
			"streams":	[{
					"socket":	5,
					"start":	8.00025987625122,
					"end":	9.0000760555267334,
					"seconds":	0.9998161792755127,
					"bytes":	2288517120,
					"bits_per_second":	18311502993.746761,
					"retransmits":	0,
					"snd_cwnd":	3216008,
					"rtt":	404,
					"rttvar":	157,
					"pmtu":	1500,
					"omitted":	false
				}],
			"sum":	{
				"start":	8.00025987625122,
				"end":	9.0000760555267334,
				"seconds":	0.9998161792755127,
				"bytes":	2288517120,
				"bits_per_second":	18311502993.746761,
				"retransmits":	0,
				"omitted":	false
			}
		}, {
			"streams":	[{
					"socket":	5,
					"start":	9.0000760555267334,
					"end":	10.000077962875366,
					"seconds":	1.0000019073486328,
					"bytes":	2287206400,
					"bits_per_second":	18297616300.066566,
					"retransmits":	0,
					"snd_cwnd":	3216008,
					"rtt":	455,
					"rttvar":	146,
					"pmtu":	1500,
					"omitted":	false
				}],
			"sum":	{
				"start":	9.0000760555267334,
				"end":	10.000077962875366,
				"seconds":	1.0000019073486328,
				"bytes":	2287206400,
				"bits_per_second":	18297616300.066566,
				"retransmits":	0,
				"omitted":	false
			}
		}, {
			"streams":	[{
					"socket":	5,
					"start":	10.000077962875366,
					"end":	11.000046014785767,
					"seconds":	0.99996805191040039,
					"bytes":	2280652800,
					"bits_per_second":	18245805318.623135,
					"retransmits":	0,
					"snd_cwnd":	3216008,
					"rtt":	855,
					"rttvar":	66,
					"pmtu":	1500,
					"omitted":	false
				}],
			"sum":	{
				"start":	10.000077962875366,
				"end":	11.000046014785767,
				"seconds":	0.99996805191040039,
				"bytes":	2280652800,
				"bits_per_second":	18245805318.623135,
				"retransmits":	0,
				"omitted":	false
			}
		}, {
			"streams":	[{
					"socket":	5,
					"start":	11.000046014785767,
					"end":	12.000079870223999,
					"seconds":	1.0000338554382324,
					"bytes":	2293760000,
					"bits_per_second":	18349458771.031979,
					"retransmits":	0,
					"snd_cwnd":	3216008,
					"rtt":	859,
					"rttvar":	69,
					"pmtu":	1500,
					"omitted":	false
				}],
			"sum":	{
				"start":	11.000046014785767,
				"end":	12.000079870223999,
				"seconds":	1.0000338554382324,
				"bytes":	2293760000,
				"bits_per_second":	18349458771.031979,
				"retransmits":	0,
				"omitted":	false
			}
		}, {
			"streams":	[{
					"socket":	5,
					"start":	12.000079870223999,
					"end":	13.000082969665527,
					"seconds":	1.0000030994415283,
					"bytes":	2212495360,
					"bits_per_second":	17699908020.170036,
					"retransmits":	0,
					"snd_cwnd":	3216008,
					"rtt":	581,
					"rttvar":	81,
					"pmtu":	1500,
					"omitted":	false
				}],