{
	"start":	{
		"connected":	[{
				"socket":	4,
				"local_host":	"169.254.0.2",
				"local_port":	46392,
				"remote_host":	"169.254.0.2",
				"remote_port":	5201
			}],
		"version":	"iperf 3.1.3",
		"system_info":	"Linux ip-10-0-0-129 4.15.0-1057-aws #59-Ubuntu SMP Wed Dec 4 10:02:00 UTC 2019 x86_64",
		"timestamp":	{
			"time":	"Wed, 05 Feb 2020 09:09:42 GMT",
			"timesecs":	1580893782
		},
		"connecting_to":	{
			"host":	"169.254.0.2",
			"port":	5201
		},
		"cookie":	"ip-10-0-0-129.1580893782.109256.2ce5",
		"tcp_mss_default":	32768,
		"test_start":	{
			"protocol":	"TCP",
			"num_streams":	1,
			"blksize":	131072,
			"omit":	0,
			"duration":	30,
			"bytes":	0,
			"blocks":	0,
			"reverse":	0
		}
	},
	"intervals":	[{
			"streams":	[{
					"socket":	4,
					"start":	0,
					"end":	1.000042,
					"seconds":	1.000042,
					"bytes":	5187829760,
					"bits_per_second":	4.150090e+10,
					"retransmits":	0,
					"snd_cwnd":	1244177,
					"rtt":	13,
					"omitted":	false
				}],
			"sum":	{
				"start":	0,
				"end":	1.000042,
				"seconds":	1.000042,
				"bytes":	5187829760,
				"bits_per_second":	4.150090e+10,
				"retransmits":	0,
				"omitted":	false
			}
		}, {
			"streams":	[{
					"socket":	4,
					"start":	1.000042,
					"end":	2.000084,
					"seconds":	1.000042,
					"bytes":	5681971200,
					"bits_per_second":	4.545385e+10,
					"retransmits":	0,
					"snd_cwnd":	1244177,
					"rtt":	26,
					"omitted":	false
				}],
			"sum":	{
				"start":	1.000042,
				"end":	2.000084,
				"seconds":	1.000042,
				"bytes":	5681971200,
				"bits_per_second":	4.545385e+10,
				"retransmits":	0,
				"omitted":	false
			}
		}, {
			"streams":	[{
					"socket":	4,
					"start":	2.000084,
					"end":	3.000194,
					"seconds":	1.000110,
					"bytes":	5659688960,
					"bits_per_second":	4.527254e+10,
					"retransmits":	0,
					"snd_cwnd":	1244177,
					"rtt":	26,
					"omitted":	false
				}],
			"sum":	{
				"start":	2.000084,
				"end":	3.000194,
				"seconds":	1.000110,
				"bytes":	5659688960,
				"bits_per_second":	4.527254e+10,
				"retransmits":	0,
				"omitted":	false
			}
		}, {
			"streams":	[{
					"socket":	4,
					"start":	3.000194,
					"end":	4.000212,
					"seconds":	1.000018,
					"bytes":	5564006400,
					"bits_per_second":	4.451126e+10,
					"retransmits":	0,
					"snd_cwnd":	1244177,
					"rtt":	31,
					"omitted":	false
				}],
			"sum":	{
				"start":	3.000194,
				"end":	4.000212,
				"seconds":	1.000018,
				"bytes":	5564006400,
				"bits_per_second":	4.451126e+10,
				"retransmits":	0,
				"omitted":	false
			}
		}, {
			"streams":	[{
					"socket":	4,
					"start":	4.000212,
					"end":	5.000054,
					"seconds":	0.999842,
					"bytes":	5453905920,
					"bits_per_second":	4.363813e+10,
					"retransmits":	0,
					"snd_cwnd":	1244177,
					"rtt":	27,
					"omitted":	false
				}],
			"sum":	{
				"start":	4.000212,
				"end":	5.000054,
				"seconds":	0.999842,
				"bytes":	5453905920,
				"bits_per_second":	4.363813e+10,
				"retransmits":	0,
				"omitted":	false
			}
		}, {
			"streams":	[{
					"socket":	4,
					"start":	5.000054,
					"end":	6.000129,
					"seconds":	1.000075,
					"bytes":	5453905920,
					"bits_per_second":	4.362798e+10,
					"retransmits":	0,
					"snd_cwnd":	1244177,
					"rtt":	27,
					"omitted":	false
				}],
			"sum":	{
				"start":	5.000054,
				"end":	6.000129,
				"seconds":	1.000075,
				"bytes":	5453905920,
				"bits_per_second":	4.362798e+10,
				"retransmits":	0,
				"omitted":	false
			}
		}, {
			"streams":	[{
					"socket":	4,
					"start":	6.000129,
					"end":	7.000019,
					"seconds":	0.999890,
					"bytes":	5584977920,
					"bits_per_second":	4.468473e+10,
					"retransmits":	0,
					"snd_cwnd":	1244177,
					"rtt":	26,
					"omitted":	false
				}],
			"sum":	{
				"start":	6.000129,
				"end":	7.000019,
				"seconds":	0.999890,
				"bytes":	5584977920,
				"bits_per_second":	4.468473e+10,
				"retransmits":	0,
				"omitted":	false
			}
		}, {
			"streams":	[{
					"socket":	4,
					"start":	7.000019,
					"end":	8.000195,
					"seconds":	1.000176,
					"bytes":	5574492160,
					"bits_per_second":	4.458809e+10,
					"retransmits":	0,
					"snd_cwnd":	1244177,
					"rtt":	26,
					"omitted":	false
				}],
			"sum":	{
				"start":	7.000019,
				"end":	8.000195,
				"seconds":	1.000176,
				"bytes":	5574492160,
				"bits_per_second":	4.458809e+10,
				"retransmits":	0,
				"omitted":	false
			}
		}, {
			"streams":	[{
					"socket":	4,
					"start":	8.000195,
					"end":	9.000174,
					"seconds":	0.999979,
					"bytes":	5574492160,
					"bits_per_second":	4.459687e+10,
					"retransmits":	0,
					"snd_cwnd":	1244177,
					"rtt":	27,
					"omitted":	false
				}],
			"sum":	{
				"start":	8.000195,
				"end":	9.000174,
				"seconds":	0.999979,
				"bytes":	5574492160,
				"bits_per_second":	4.459687e+10,
				"retransmits":	0,
				"omitted":	false
			}
		}, {
			"streams":	[{
					"socket":	4,
					"start":	9.000174,
					"end":	10.000088,
					"seconds":	0.999914,
					"bytes":	5546967040,
					"bits_per_second":	4.437956e+10,
					"retransmits":	0,
					"snd_cwnd":	1244177,
					"rtt":	26,
					"omitted":	false
				}],
			"sum":	{
				"start":	9.000174,
				"end":	10.000088,
				"seconds":	0.999914,
				"bytes":	5546967040,
				"bits_per_second":	4.437956e+10,
				"retransmits":	0,
				"omitted":	false
			}
		}, {
			"streams":	[{
					"socket":	4,
					"start":	10.000088,
					"end":	11.000187,
					"seconds":	1.000099,
					"bytes":	5567938560,
					"bits_per_second":	4.453909e+10,
					"retransmits":	0,
					"snd_cwnd":	1244177,
					"rtt":	26,
					"omitted":	false
				}],
			"sum":	{
				"start":	10.000088,
				"end":	11.000187,
				"seconds":	1.000099,
				"bytes":	5567938560,
				"bits_per_second":	4.453909e+10,
				"retransmits":	0,
				"omitted":	false
			}
		}, {
			"streams":	[{
					"socket":	4,
					"start":	11.000187,
					"end":	12.000209,
					"seconds":	1.000022,
					"bytes":	5560074240,
					"bits_per_second":	4.447962e+10,
					"retransmits":	0,
					"snd_cwnd":	1244177,
					"rtt":	26,
					"omitted":	false
				}],
			"sum":	{
				"start":	11.000187,
				"end":	12.000209,
				"seconds":	1.000022,
				"bytes":	5560074240,
				"bits_per_second":	4.447962e+10,
				"retransmits":	0,
				"omitted":	false
			}
		}, {
			"streams":	[{
					"socket":	4,
					"start":	12.000209,
					"end":	13.000154,
					"seconds":	0.999945,
					"bytes":	5591531520,
					"bits_per_second":	4.473472e+10,
					"retransmits":	0,
					"snd_cwnd":	1244177,
					"rtt":	26,
					"omitted":	false
				}],
			"sum":	{
				"start":	12.000209,
				"end":	13.000154,
				"seconds":	0.999945,
				"bytes":	5591531520,
				"bits_per_second":	4.473472e+10,
				"retransmits":	0,
				"omitted":	false
			}
		}, {
			"streams":	[{
					"socket":	4,
					"start":	13.000154,
					"end":	14.000011,
					"seconds":	0.999857,
					"bytes":	5554831360,
					"bits_per_second":	4.444501e+10,
					"retransmits":	0,
					"snd_cwnd":	1244177,
					"rtt":	26,
					"omitted":	false
				}],
			"sum":	{
				"start":	13.000154,
				"end":	14.000011,
				"seconds":	0.999857,
				"bytes":	5554831360,
				"bits_per_second":	4.444501e+10,
				"retransmits":	0,
				"omitted":	false
			}
		}, {
			"streams":	[{
					"socket":	4,
					"start":	14.000011,
					"end":	15.000177,
					"seconds":	1.000166,
					"bytes":	5541724160,
					"bits_per_second":	4.432643e+10,
					"retransmits":	0,
					"snd_cwnd":	1244177,
					"rtt":	27,
					"omitted":	false
				}],
			"sum":	{
				"start":	14.000011,
				"end":	15.000177,
				"seconds":	1.000166,
				"bytes":	5541724160,
				"bits_per_second":	4.432643e+10,
				"retransmits":	0,
				"omitted":	false
			}
		}, {
			"streams":	[{
					"socket":	4,
					"start":	15.000177,
					"end":	16.000072,
					"seconds":	0.999895,
					"bytes":	5569249280,
					"bits_per_second":	4.455868e+10,
					"retransmits":	0,
					"snd_cwnd":	1244177,
					"rtt":	26,
					"omitted":	false
				}],