{
	"start":	{
		"connected":	[{
				"socket":	4,
				"local_host":	"169.254.0.2",
				"local_port":	46028,
				"remote_host":	"169.254.0.1",
				"remote_port":	5201
			}],
		"version":	"iperf 3.1.3",
		"system_info":	"Linux ip-172-30-0-103 4.15.0-1035-aws #37-Ubuntu SMP Mon Mar 18 16:15:14 UTC 2019 x86_64",
		"timestamp":	{
			"time":	"Tue, 23 Apr 2019 21:49:44 GMT",
			"timesecs":	1556056184
		},
		"connecting_to":	{
			"host":	"169.254.0.1",
			"port":	5201
		},
		"cookie":	"ip-172-30-0-103.1556056184.375020.1e",
		"tcp_mss_default":	1448,
		"test_start":	{
			"protocol":	"TCP",
			"num_streams":	1,
			"blksize":	131072,
			"omit":	0,
			"duration":	30,
			"bytes":	0,
			"blocks":	0,
			"reverse":	0
		}
	},
	"intervals":	[{
			"streams":	[{
					"socket":	4,
					"start":	0,
					"end":	1.000180,
					"seconds":	1.000180,
					"bytes":	2906999744,
					"bits_per_second":	2.325181e+10,
					"retransmits":	0,
					"snd_cwnd":	2056160,
					"rtt":	626,
					"omitted":	false
				}],
			"sum":	{
				"start":	0,
				"end":	1.000180,
				"seconds":	1.000180,
				"bytes":	2906999744,
				"bits_per_second":	2.325181e+10,
				"retransmits":	0,
				"omitted":	false
			}
		}, {
			"streams":	[{
					"socket":	4,
					"start":	1.000180,
					"end":	2.000207,
					"seconds":	1.000027,
					"bytes":	2645032960,
					"bits_per_second":	2.115969e+10,
					"retransmits":	0,
					"snd_cwnd":	2056160,
					"rtt":	609,
					"omitted":	false
				}],
			"sum":	{
				"start":	1.000180,
				"end":	2.000207,
				"seconds":	1.000027,
				"bytes":	2645032960,
				"bits_per_second":	2.115969e+10,
				"retransmits":	0,
				"omitted":	false
			}
		}, {
			"streams":	[{
					"socket":	4,
					"start":	2.000207,
					"end":	3.000240,
					"seconds":	1.000033,
					"bytes":	3291217920,
					"bits_per_second":	2.632887e+10,
					"retransmits":	0,
					"snd_cwnd":	2056160,
					"rtt":	622,
					"omitted":	false
				}],
			"sum":	{
				"start":	2.000207,
				"end":	3.000240,
				"seconds":	1.000033,
				"bytes":	3291217920,
				"bits_per_second":	2.632887e+10,
				"retransmits":	0,
				"omitted":	false
			}
		}, {
			"streams":	[{
					"socket":	4,
					"start":	3.000240,
					"end":	4.000111,
					"seconds":	0.999871,
					"bytes":	3438018560,
					"bits_per_second":	2.750770e+10,
					"retransmits":	0,
					"snd_cwnd":	2056160,
					"rtt":	544,
					"omitted":	false
				}],
			"sum":	{
				"start":	3.000240,
				"end":	4.000111,
				"seconds":	0.999871,
				"bytes":	3438018560,
				"bits_per_second":	2.750770e+10,
				"retransmits":	0,
				"omitted":	false
			}
		}, {
			"streams":	[{
					"socket":	4,
					"start":	4.000111,
					"end":	5.000181,
					"seconds":	1.000070,
					"bytes":	3394764800,
					"bits_per_second":	2.715622e+10,
					"retransmits":	0,
					"snd_cwnd":	2056160,
					"rtt":	537,
					"omitted":	false
				}],
			"sum":	{
				"start":	4.000111,
				"end":	5.000181,
				"seconds":	1.000070,
				"bytes":	3394764800,
				"bits_per_second":	2.715622e+10,
				"retransmits":	0,
				"omitted":	false
			}
		}, {
			"streams":	[{
					"socket":	4,
					"start":	5.000181,
					"end":	6.000054,
					"seconds":	0.999873,
					"bytes":	3418357760,
					"bits_per_second":	2.735033e+10,
					"retransmits":	0,
					"snd_cwnd":	2056160,
					"rtt":	528,
					"omitted":	false
				}],
			"sum":	{
				"start":	5.000181,
				"end":	6.000054,
				"seconds":	0.999873,
				"bytes":	3418357760,
				"bits_per_second":	2.735033e+10,
				"retransmits":	0,
				"omitted":	false
			}
		}, {
			"streams":	[{
					"socket":	4,
					"start":	6.000054,
					"end":	7.000212,
					"seconds":	1.000158,
					"bytes":	3390832640,
					"bits_per_second":	2.712238e+10,
					"retransmits":	0,
					"snd_cwnd":	2056160,
					"rtt":	559,
					"omitted":	false
				}],
			"sum":	{
				"start":	6.000054,
				"end":	7.000212,
				"seconds":	1.000158,
				"bytes":	3390832640,
				"bits_per_second":	2.712238e+10,
				"retransmits":	0,
				"omitted":	false
			}
		}, {
			"streams":	[{
					"socket":	4,
					"start":	7.000212,
					"end":	8.000143,
					"seconds":	0.999931,
					"bytes":	3251896320,
					"bits_per_second":	2.601696e+10,
					"retransmits":	0,
					"snd_cwnd":	2056160,
					"rtt":	442,
					"omitted":	false
				}],
			"sum":	{
				"start":	7.000212,
				"end":	8.000143,
				"seconds":	0.999931,
				"bytes":	3251896320,
				"bits_per_second":	2.601696e+10,
				"retransmits":	0,
				"omitted":	false
			}
		}, {
			"streams":	[{
					"socket":	4,
					"start":	8.000143,
					"end":	9.000181,
					"seconds":	1.000038,
					"bytes":	3216506880,
					"bits_per_second":	2.573108e+10,
					"retransmits":	0,
					"snd_cwnd":	2056160,
					"rtt":	477,
					"omitted":	false
				}],
			"sum":	{
				"start":	8.000143,
				"end":	9.000181,
				"seconds":	1.000038,
				"bytes":	3216506880,
				"bits_per_second":	2.573108e+10,
				"retransmits":	0,
				"omitted":	false
			}
		}, {
			"streams":	[{
					"socket":	4,
					"start":	9.000181,
					"end":	10.000003,
					"seconds":	0.999822,
					"bytes":	3388211200,
					"bits_per_second":	2.711051e+10,
					"retransmits":	0,
					"snd_cwnd":	2056160,
					"rtt":	578,
					"omitted":	false
				}],
			"sum":	{
				"start":	9.000181,
				"end":	10.000003,
				"seconds":	0.999822,
				"bytes":	3388211200,
				"bits_per_second":	2.711051e+10,
				"retransmits":	0,
				"omitted":	false
			}
		}, {
			"streams":	[{
					"socket":	4,
					"start":	10.000003,
					"end":	11.000383,
					"seconds":	1.000380,
					"bytes":	3482583040,
					"bits_per_second":	2.785009e+10,
					"retransmits":	0,
					"snd_cwnd":	2056160,
					"rtt":	602,
					"omitted":	false
				}],
			"sum":	{
				"start":	10.000003,
				"end":	11.000383,
				"seconds":	1.000380,
				"bytes":	3482583040,
				"bits_per_second":	2.785009e+10,
				"retransmits":	0,
				"omitted":	false
			}
		}, {
			"streams":	[{
					"socket":	4,
					"start":	11.000383,
					"end":	12.000377,
					"seconds":	0.999994,
					"bytes":	3194224640,
					"bits_per_second":	2.555395e+10,
					"retransmits":	0,
					"snd_cwnd":	2056160,
					"rtt":	567,
					"omitted":	false
				}],
			"sum":	{
				"start":	11.000383,
				"end":	12.000377,
				"seconds":	0.999994,
				"bytes":	3194224640,
				"bits_per_second":	2.555395e+10,
				"retransmits":	0,
				"omitted":	false
			}
		}, {
			"streams":	[{
					"socket":	4,
					"start":	12.000377,
					"end":	13.000434,
					"seconds":	1.000057,
					"bytes":	3466854400,
					"bits_per_second":	2.773325e+10,
					"retransmits":	0,
					"snd_cwnd":	2056160,
					"rtt":	531,
					"omitted":	false
				}],
			"sum":	{
				"start":	12.000377,
				"end":	13.000434,
				"seconds":	1.000057,
				"bytes":	3466854400,
				"bits_per_second":	2.773325e+10,
				"retransmits":	0,
				"omitted":	false
			}
		}, {
			"streams":	[{
					"socket":	4,
					"start":	13.000434,
					"end":	14.000419,
					"seconds":	0.999985,
					"bytes":	3242721280,
					"bits_per_second":	2.594216e+10,
					"retransmits":	0,
					"snd_cwnd":	2056160,
					"rtt":	592,
					"omitted":	false
				}],
			"sum":	{
				"start":	13.000434,
				"end":	14.000419,
				"seconds":	0.999985,
				"bytes":	3242721280,
				"bits_per_second":	2.594216e+10,
				"retransmits":	0,
				"omitted":	false
			}
		}, {
			"streams":	[{
					"socket":	4,
					"start":	14.000419,
					"end":	15.000252,
					"seconds":	0.999833,
					"bytes":	3240099840,
					"bits_per_second":	2.592513e+10,
					"retransmits":	0,
					"snd_cwnd":	2056160,
					"rtt":	571,
					"omitted":	false
				}],
			"sum":	{
				"start":	14.000419,
				"end":	15.000252,
				"seconds":	0.999833,
				"bytes":	3240099840,
				"bits_per_second":	2.592513e+10,
				"retransmits":	0,
				"omitted":	false
			}
		}, {
			"streams":	[{
					"socket":	4,
					"start":	15.000252,
					"end":	16.000134,
					"seconds":	0.999882,
					"bytes":	3481272320,
					"bits_per_second":	2.785347e+10,
					"retransmits":	0,
					"snd_cwnd":	2056160,
					"rtt":	632,
					"omitted":	false
				}],