{
	"start":	{
		"connected":	[{
				"socket":	4,
				"local_host":	"169.254.0.2",
				"local_port":	38404,
				"remote_host":	"169.254.0.1",
				"remote_port":	5201
			}],
		"version":	"iperf 3.1.3",
		"system_info":	"Linux ip-10-0-0-129 4.15.0-1057-aws #59-Ubuntu SMP Wed Dec 4 10:02:00 UTC 2019 x86_64",
		"timestamp":	{
			"time":	"Sun, 09 Feb 2020 13:07:16 GMT",
			"timesecs":	1581253636
		},
		"connecting_to":	{
			"host":	"169.254.0.1",
			"port":	5201
		},
		"cookie":	"ip-10-0-0-129.1581253636.153058.7136",
		"tcp_mss_default":	1448,
		"test_start":	{
			"protocol":	"TCP",
			"num_streams":	1,
			"blksize":	131072,
			"omit":	0,
			"duration":	30,
			"bytes":	0,
			"blocks":	0,
			"reverse":	0
		}
	},
	"intervals":	[{
			"streams":	[{
					"socket":	4,
					"start":	0,
					"end":	1.000023,
					"seconds":	1.000023,
					"bytes":	3280305376,
					"bits_per_second":	2.624184e+10,
					"retransmits":	0,
					"snd_cwnd":	2018512,
					"rtt":	703,
					"omitted":	false
				}],
			"sum":	{
				"start":	0,
				"end":	1.000023,
				"seconds":	1.000023,
				"bytes":	3280305376,
				"bits_per_second":	2.624184e+10,
				"retransmits":	0,
				"omitted":	false
			}
		}, {
			"streams":	[{
					"socket":	4,
					"start":	1.000023,
					"end":	2.000022,
					"seconds":	0.999999,
					"bytes":	3418357760,
					"bits_per_second":	2.734689e+10,
					"retransmits":	0,
					"snd_cwnd":	2018512,
					"rtt":	497,
					"omitted":	false
				}],
			"sum":	{
				"start":	1.000023,
				"end":	2.000022,
				"seconds":	0.999999,
				"bytes":	3418357760,
				"bits_per_second":	2.734689e+10,
				"retransmits":	0,
				"omitted":	false
			}
		}, {
			"streams":	[{
					"socket":	4,
					"start":	2.000022,
					"end":	3.000265,
					"seconds":	1.000243,
					"bytes":	3288596480,
					"bits_per_second":	2.630238e+10,
					"retransmits":	0,
					"snd_cwnd":	2018512,
					"rtt":	489,
					"omitted":	false
				}],
			"sum":	{
				"start":	2.000022,
				"end":	3.000265,
				"seconds":	1.000243,
				"bytes":	3288596480,
				"bits_per_second":	2.630238e+10,
				"retransmits":	0,
				"omitted":	false
			}
		}, {
			"streams":	[{
					"socket":	4,
					"start":	3.000265,
					"end":	4.000006,
					"seconds":	0.999741,
					"bytes":	3171942400,
					"bits_per_second":	2.538211e+10,
					"retransmits":	0,
					"snd_cwnd":	2018512,
					"rtt":	513,
					"omitted":	false
				}],
			"sum":	{
				"start":	3.000265,
				"end":	4.000006,
				"seconds":	0.999741,
				"bytes":	3171942400,
				"bits_per_second":	2.538211e+10,
				"retransmits":	0,
				"omitted":	false
			}
		}, {
			"streams":	[{
					"socket":	4,
					"start":	4.000006,
					"end":	5.000300,
					"seconds":	1.000294,
					"bytes":	3296460800,
					"bits_per_second":	2.636394e+10,
					"retransmits":	0,
					"snd_cwnd":	2018512,
					"rtt":	488,
					"omitted":	false
				}],
			"sum":	{
				"start":	4.000006,
				"end":	5.000300,
				"seconds":	1.000294,
				"bytes":	3296460800,
				"bits_per_second":	2.636394e+10,
				"retransmits":	0,
				"omitted":	false
			}
		}, {
			"streams":	[{
					"socket":	4,
					"start":	5.000300,
					"end":	6.000206,
					"seconds":	0.999906,
					"bytes":	3178496000,
					"bits_per_second":	2.543036e+10,
					"retransmits":	0,
					"snd_cwnd":	2018512,
					"rtt":	521,
					"omitted":	false
				}],
			"sum":	{
				"start":	5.000300,
				"end":	6.000206,
				"seconds":	0.999906,
				"bytes":	3178496000,
				"bits_per_second":	2.543036e+10,
				"retransmits":	0,
				"omitted":	false
			}
		}, {
			"streams":	[{
					"socket":	4,
					"start":	6.000206,
					"end":	7.000387,
					"seconds":	1.000181,
					"bytes":	2846883840,
					"bits_per_second":	2.277095e+10,
					"retransmits":	0,
					"snd_cwnd":	2018512,
					"rtt":	650,
					"omitted":	false
				}],
			"sum":	{
				"start":	6.000206,
				"end":	7.000387,
				"seconds":	1.000181,
				"bytes":	2846883840,
				"bits_per_second":	2.277095e+10,
				"retransmits":	0,
				"omitted":	false
			}
		}, {
			"streams":	[{
					"socket":	4,
					"start":	7.000387,
					"end":	8.000404,
					"seconds":	1.000017,
					"bytes":	2461532160,
					"bits_per_second":	1.969192e+10,
					"retransmits":	0,
					"snd_cwnd":	2018512,
					"rtt":	837,
					"omitted":	false
				}],
			"sum":	{
				"start":	7.000387,
				"end":	8.000404,
				"seconds":	1.000017,
				"bytes":	2461532160,
				"bits_per_second":	1.969192e+10,
				"retransmits":	0,
				"omitted":	false
			}
		}, {
			"streams":	[{
					"socket":	4,
					"start":	8.000404,
					"end":	9.000041,
					"seconds":	0.999637,
					"bytes":	2196766720,
					"bits_per_second":	1.758051e+10,
					"retransmits":	0,
					"snd_cwnd":	2018512,
					"rtt":	875,
					"omitted":	false
				}],
			"sum":	{
				"start":	8.000404,
				"end":	9.000041,
				"seconds":	0.999637,
				"bytes":	2196766720,
				"bits_per_second":	1.758051e+10,
				"retransmits":	0,
				"omitted":	false
			}
		}, {
			"streams":	[{
					"socket":	4,
					"start":	9.000041,
					"end":	10.000122,
					"seconds":	1.000081,
					"bytes":	2226913280,
					"bits_per_second":	1.781387e+10,
					"retransmits":	0,
					"snd_cwnd":	2018512,
					"rtt":	814,
					"omitted":	false
				}],
			"sum":	{
				"start":	9.000041,
				"end":	10.000122,
				"seconds":	1.000081,
				"bytes":	2226913280,
				"bits_per_second":	1.781387e+10,
				"retransmits":	0,
				"omitted":	false
			}
		}, {
			"streams":	[{
					"socket":	4,
					"start":	10.000122,
					"end":	11.000155,
					"seconds":	1.000033,
					"bytes":	2161377280,
					"bits_per_second":	1.729045e+10,
					"retransmits":	0,
					"snd_cwnd":	2018512,
					"rtt":	871,
					"omitted":	false
				}],
			"sum":	{
				"start":	10.000122,
				"end":	11.000155,
				"seconds":	1.000033,
				"bytes":	2161377280,
				"bits_per_second":	1.729045e+10,
				"retransmits":	0,
				"omitted":	false
			}
		}, {
			"streams":	[{
					"socket":	4,
					"start":	11.000155,
					"end":	12.000452,
					"seconds":	1.000297,
					"bytes":	2181038080,
					"bits_per_second":	1.744313e+10,
					"retransmits":	0,
					"snd_cwnd":	2018512,
					"rtt":	823,
					"omitted":	false
				}],
			"sum":	{
				"start":	11.000155,
				"end":	12.000452,
				"seconds":	1.000297,
				"bytes":	2181038080,
				"bits_per_second":	1.744313e+10,
				"retransmits":	0,
				"omitted":	false
			}
		}, {
			"streams":	[{
					"socket":	4,
					"start":	12.000452,
					"end":	13.000116,
					"seconds":	0.999664,
					"bytes":	2108948480,
					"bits_per_second":	1.687726e+10,
					"retransmits":	0,
					"snd_cwnd":	2018512,
					"rtt":	831,
					"omitted":	false
				}],
			"sum":	{
				"start":	12.000452,
				"end":	13.000116,
				"seconds":	0.999664,
				"bytes":	2108948480,
				"bits_per_second":	1.687726e+10,
				"retransmits":	0,
				"omitted":	false
			}
		}, {
			"streams":	[{
					"socket":	4,
					"start":	13.000116,
					"end":	14.000068,
					"seconds":	0.999952,
					"bytes":	3086745600,
					"bits_per_second":	2.469515e+10,
					"retransmits":	0,
					"snd_cwnd":	2018512,
					"rtt":	531,
					"omitted":	false
				}],
			"sum":	{
				"start":	13.000116,
				"end":	14.000068,
				"seconds":	0.999952,
				"bytes":	3086745600,
				"bits_per_second":	2.469515e+10,
				"retransmits":	0,
				"omitted":	false
			}
		}, {
			"streams":	[{
					"socket":	4,
					"start":	14.000068,
					"end":	15.000406,
					"seconds":	1.000338,
					"bytes":	2483814400,
					"bits_per_second":	1.986380e+10,
					"retransmits":	0,
					"snd_cwnd":	2018512,
					"rtt":	1033,
					"omitted":	false
				}],
			"sum":	{
				"start":	14.000068,
				"end":	15.000406,
				"seconds":	1.000338,
				"bytes":	2483814400,
				"bits_per_second":	1.986380e+10,
				"retransmits":	0,
				"omitted":	false
			}
		}, {
			"streams":	[{
					"socket":	4,
					"start":	15.000406,
					"end":	16.000350,
					"seconds":	0.999944,
					"bytes":	2136080752,
					"bits_per_second":	1.708960e+10,
					"retransmits":	0,
					"snd_cwnd":	2018512,
					"rtt":	1350,
					"omitted":	false
				}],