{
	"start":	{
		"connected":	[{
				"socket":	5,
				"local_host":	"169.254.0.1",
				"local_port":	43488,
				"remote_host":	"169.254.0.2",
				"remote_port":	5201
			}],
		"version":	"iperf 3.6",
		"system_info":	"Linux 169.254.0.1 4.14.94 #1 SMP Wed Jan 23 21:19:15 UTC 2019 x86_64",
		"timestamp":	{
			"time":	"Tue, 23 Apr 2019 21:48:03 GMT",
			"timesecs":	1556056083
		},
		"connecting_to":	{
			"host":	"169.254.0.2",
			"port":	5201
		},
		"cookie":	"qb744evgofsngpl35pkrqqbyniizly7yu4rj",
		"tcp_mss_default":	1448,
		"sock_bufsize":	0,
		"sndbuf_actual":	16384,
		"rcvbuf_actual":	87380,
		"test_start":	{
			"protocol":	"TCP",
			"num_streams":	1,
			"blksize":	131072,
			"omit":	0,
			"duration":	30,
			"bytes":	0,
			"blocks":	0,
			"reverse":	0,
			"tos":	0
		}
	},
	"intervals":	[{
			"streams":	[{
					"socket":	5,
					"start":	0,
					"end":	1.0004429817199707,
					"seconds":	1.0004429817199707,
					"bytes":	2527316240,
					"bits_per_second":	20209577446.622814,
					"retransmits":	0,
					"snd_cwnd":	3162432,
					"rtt":	362,
					"rttvar":	127,
					"pmtu":	1500,
					"omitted":	false
				}],
			"sum":	{
				"start":	0,
				"end":	1.0004429817199707,
				"seconds":	1.0004429817199707,
				"bytes":	2527316240,
				"bits_per_second":	20209577446.622814,
				"retransmits":	0,
				"omitted":	false
			}
		}, {
			"streams":	[{
					"socket":	5,
					"start":	1.0004429817199707,
					"end":	2.0003528594970703,
					"seconds":	0.99990987777709961,
					"bytes":	2305556480,
					"bits_per_second":	18446114244.819618,
					"retransmits":	0,
					"snd_cwnd":	3162432,
					"rtt":	277,
					"rttvar":	134,
					"pmtu":	1500,
					"omitted":	false
				}],
			"sum":	{
				"start":	1.0004429817199707,
				"end":	2.0003528594970703,
				"seconds":	0.99990987777709961,
				"bytes":	2305556480,
				"bits_per_second":	18446114244.819618,
				"retransmits":	0,
				"omitted":	false
			}
		}, {
			"streams":	[{
					"socket":	5,
					"start":	2.0003528594970703,
					"end":	3.0003328323364258,
					"seconds":	0.99997997283935547,
					"bytes":	2310799360,
					"bits_per_second":	18486765117.414803,
					"retransmits":	0,
					"snd_cwnd":	3162432,
					"rtt":	104,
					"rttvar":	15,
					"pmtu":	1500,
					"omitted":	false
				}],
			"sum":	{
				"start":	2.0003528594970703,
				"end":	3.0003328323364258,
				"seconds":	0.99997997283935547,
				"bytes":	2310799360,
				"bits_per_second":	18486765117.414803,
				"retransmits":	0,
				"omitted":	false
			}
		}, {
			"streams":	[{
					"socket":	5,
					"start":	3.0003328323364258,
					"end":	4.0001130104064941,
					"seconds":	0.99978017807006836,
					"bytes":	2310799360,
					"bits_per_second":	18490459488.490082,
					"retransmits":	0,
					"snd_cwnd":	3162432,
					"rtt":	281,
					"rttvar":	129,
					"pmtu":	1500,
					"omitted":	false
				}],
			"sum":	{
				"start":	3.0003328323364258,
				"end":	4.0001130104064941,
				"seconds":	0.99978017807006836,
				"bytes":	2310799360,
				"bits_per_second":	18490459488.490082,
				"retransmits":	0,
				"omitted":	false
			}
		}, {
			"streams":	[{
					"socket":	5,
					"start":	4.0001130104064941,
					"end":	5.0003328323364258,
					"seconds":	1.0002198219299316,
					"bytes":	2331770880,
					"bits_per_second":	18650067346.202602,
					"retransmits":	0,
					"snd_cwnd":	3162432,
					"rtt":	734,
					"rttvar":	48,
					"pmtu":	1500,
					"omitted":	false
				}],
			"sum":	{
				"start":	4.0001130104064941,
				"end":	5.0003328323364258,
				"seconds":	1.0002198219299316,
				"bytes":	2331770880,
				"bits_per_second":	18650067346.202602,
				"retransmits":	0,
				"omitted":	false
			}
		}, {
			"streams":	[{
					"socket":	5,
					"start":	5.0003328323364258,
					"end":	6.0009088516235352,
					"seconds":	1.0005760192871094,
					"bytes":	2339635200,
					"bits_per_second":	18706306406.719151,
					"retransmits":	0,
					"snd_cwnd":	3162432,
					"rtt":	175,
					"rttvar":	91,
					"pmtu":	1500,
					"omitted":	false
				}],
			"sum":	{
				"start":	5.0003328323364258,
				"end":	6.0009088516235352,
				"seconds":	1.0005760192871094,
				"bytes":	2339635200,
				"bits_per_second":	18706306406.719151,
				"retransmits":	0,
				"omitted":	false
			}
		}, {
			"streams":	[{
					"socket":	5,
					"start":	6.0009088516235352,
					"end":	7.000281810760498,
					"seconds":	0.99937295913696289,
					"bytes":	2422210560,
					"bits_per_second":	19389842703.703083,
					"retransmits":	0,
					"snd_cwnd":	3162432,
					"rtt":	138,
					"rttvar":	15,
					"pmtu":	1500,
					"omitted":	false
				}],
			"sum":	{
				"start":	6.0009088516235352,
				"end":	7.000281810760498,
				"seconds":	0.99937295913696289,
				"bytes":	2422210560,
				"bits_per_second":	19389842703.703083,
				"retransmits":	0,
				"omitted":	false
			}
		}, {
			"streams":	[{
					"socket":	5,
					"start":	7.000281810760498,
					"end":	8.0001449584960938,
					"seconds":	0.9998631477355957,
					"bytes":	2325217280,
					"bits_per_second":	18604284278.431126,
					"retransmits":	0,
					"snd_cwnd":	3162432,
					"rtt":	98,
					"rttvar":	13,
					"pmtu":	1500,
					"omitted":	false
				}],
			"sum":	{
				"start":	7.000281810760498,
				"end":	8.0001449584960938,
				"seconds":	0.9998631477355957,
				"bytes":	2325217280,
				"bits_per_second":	18604284278.431126,
				"retransmits":	0,
				"omitted":	false
			}
		}, {
			"streams":	[{
					"socket":	5,
					"start":	8.0001449584960938,
					"end":	9.0005369186401367,
					"seconds":	1.000391960144043,
					"bytes":	2342256640,
					"bits_per_second":	18730711427.650791,
					"retransmits":	0,
					"snd_cwnd":	3162432,
					"rtt":	180,
					"rttvar":	110,
					"pmtu":	1500,
					"omitted":	false
				}],
			"sum":	{
				"start":	8.0001449584960938,
				"end":	9.0005369186401367,
				"seconds":	1.000391960144043,
				"bytes":	2342256640,
				"bits_per_second":	18730711427.650791,
				"retransmits":	0,
				"omitted":	false
			}
		}, {
			"streams":	[{
					"socket":	5,
					"start":	9.0005369186401367,
					"end":	10.000120878219604,
					"seconds":	0.99958395957946777,
					"bytes":	2329149440,
					"bits_per_second":	18640950909.055325,
					"retransmits":	0,
					"snd_cwnd":	3162432,
					"rtt":	280,
					"rttvar":	112,
					"pmtu":	1500,
					"omitted":	false
				}],
			"sum":	{
				"start":	9.0005369186401367,
				"end":	10.000120878219604,
				"seconds":	0.99958395957946777,
				"bytes":	2329149440,
				"bits_per_second":	18640950909.055325,
				"retransmits":	0,
				"omitted":	false
			}
		}, {
			"streams":	[{
					"socket":	5,
					"start":	10.000120878219604,
					"end":	11.000825881958008,
					"seconds":	1.0007050037384033,
					"bytes":	2322595840,
					"bits_per_second":	18567676438.697254,
					"retransmits":	0,
					"snd_cwnd":	3162432,
					"rtt":	155,
					"rttvar":	73,
					"pmtu":	1500,
					"omitted":	false
				}],
			"sum":	{
				"start":	10.000120878219604,
				"end":	11.000825881958008,
				"seconds":	1.0007050037384033,
				"bytes":	2322595840,
				"bits_per_second":	18567676438.697254,
				"retransmits":	0,
				"omitted":	false
			}
		}, {
			"streams":	[{
					"socket":	5,
					"start":	11.000825881958008,
					"end":	12.000072956085205,
					"seconds":	0.99924707412719727,
					"bytes":	2309488640,
					"bits_per_second":	18489830591.836334,
					"retransmits":	0,
					"snd_cwnd":	3162432,
					"rtt":	115,
					"rttvar":	13,
					"pmtu":	1500,
					"omitted":	false
				}],
			"sum":	{
				"start":	11.000825881958008,
				"end":	12.000072956085205,
				"seconds":	0.99924707412719727,
				"bytes":	2309488640,
				"bits_per_second":	18489830591.836334,
				"retransmits":	0,
				"omitted":	false
			}
		}, {
			"streams":	[{
					"socket":	5,
					"start":	12.000072956085205,
					"end":	13.000566005706787,
					"seconds":	1.000493049621582,
					"bytes":	2376335360,
					"bits_per_second":	19001314289.180157,
					"retransmits":	0,
					"snd_cwnd":	3162432,
					"rtt":	96,
					"rttvar":	8,
					"pmtu":	1500,