{
	"start":	{
		"connected":	[{
				"socket":	5,
				"local_host":	"169.254.0.1",
				"local_port":	41912,
				"remote_host":	"169.254.0.2",
				"remote_port":	5201
			}],
		"version":	"iperf 3.6",
		"system_info":	"Linux 169.254.0.1 4.14.94 #1 SMP Wed Jan 23 21:19:15 UTC 2019 x86_64",
		"timestamp":	{
			"time":	"Wed, 05 Feb 2020 09:15:30 GMT",
			"timesecs":	1580894130
		},
		"connecting_to":	{
			"host":	"169.254.0.2",
			"port":	5201
		},
		"cookie":	"5tnv6ldwli3rylp3cowebtv5koahi4pniyml",
		"tcp_mss_default":	1448,
		"sock_bufsize":	0,
		"sndbuf_actual":	16384,
		"rcvbuf_actual":	87380,
		"test_start":	{
			"protocol":	"TCP",
			"num_streams":	1,
			"blksize":	131072,
			"omit":	0,
			"duration":	30,
			"bytes":	0,
			"blocks":	0,
			"reverse":	0,
			"tos":	0
		}
	},
	"intervals":	[{
			"streams":	[{
					"socket":	5,
					"start":	0,
					"end":	1.0000829696655273,
					"seconds":	1.0000829696655273,
					"bytes":	3190436256,
					"bits_per_second":	25521372548.255871,
					"retransmits":	0,
					"snd_cwnd":	3168224,
					"rtt":	707,
					"rttvar":	74,
					"pmtu":	1500,
					"omitted":	false
				}],
			"sum":	{
				"start":	0,
				"end":	1.0000829696655273,
				"seconds":	1.0000829696655273,
				"bytes":	3190436256,
				"bits_per_second":	25521372548.255871,
				"retransmits":	0,
				"omitted":	false
			}
		}, {
			"streams":	[{
					"socket":	5,
					"start":	1.0000829696655273,
					"end":	2.000028133392334,
					"seconds":	0.99994516372680664,
					"bytes":	2899312640,
					"bits_per_second":	23195773089.75008,
					"retransmits":	0,
					"snd_cwnd":	3168224,
					"rtt":	764,
					"rttvar":	51,
					"pmtu":	1500,
					"omitted":	false
				}],
			"sum":	{
				"start":	1.0000829696655273,
				"end":	2.000028133392334,
				"seconds":	0.99994516372680664,
				"bytes":	2899312640,
				"bits_per_second":	23195773089.75008,
				"retransmits":	0,
				"omitted":	false
			}
		}, {
			"streams":	[{
					"socket":	5,
					"start":	2.000028133392334,
					"end":	3.0000090599060059,
					"seconds":	0.99998092651367188,
					"bytes":	2863923200,
					"bits_per_second":	22911822608.335274,
					"retransmits":	0,
					"snd_cwnd":	3168224,
					"rtt":	929,
					"rttvar":	61,
					"pmtu":	1500,
					"omitted":	false
				}],
			"sum":	{
				"start":	2.000028133392334,
				"end":	3.0000090599060059,
				"seconds":	0.99998092651367188,
				"bytes":	2863923200,
				"bits_per_second":	22911822608.335274,
				"retransmits":	0,
				"omitted":	false
			}
		}, {
			"streams":	[{
					"socket":	5,
					"start":	3.0000090599060059,
					"end":	4.0001730918884277,
					"seconds":	1.0001640319824219,
					"bytes":	2898001920,
					"bits_per_second":	23180213063.6982,
					"retransmits":	0,
					"snd_cwnd":	3168224,
					"rtt":	277,
					"rttvar":	101,
					"pmtu":	1500,
					"omitted":	false
				}],
			"sum":	{
				"start":	3.0000090599060059,
				"end":	4.0001730918884277,
				"seconds":	1.0001640319824219,
				"bytes":	2898001920,
				"bits_per_second":	23180213063.6982,
				"retransmits":	0,
				"omitted":	false
			}
		}, {
			"streams":	[{
					"socket":	5,
					"start":	4.0001730918884277,
					"end":	5.0000510215759277,
					"seconds":	0.9998779296875,
					"bytes":	2589982720,
					"bits_per_second":	20722391348.787693,
					"retransmits":	0,
					"snd_cwnd":	3168224,
					"rtt":	1064,
					"rttvar":	111,
					"pmtu":	1500,
					"omitted":	false
				}],
			"sum":	{
				"start":	4.0001730918884277,
				"end":	5.0000510215759277,
				"seconds":	0.9998779296875,
				"bytes":	2589982720,
				"bits_per_second":	20722391348.787693,
				"retransmits":	0,
				"omitted":	false
			}
		}, {
			"streams":	[{
					"socket":	5,
					"start":	5.0000510215759277,
					"end":	6.0004971027374268,
					"seconds":	1.000446081161499,
					"bytes":	2103705600,
					"bits_per_second":	16822140759.910919,
					"retransmits":	0,
					"snd_cwnd":	3168224,
					"rtt":	369,
					"rttvar":	138,
					"pmtu":	1500,
					"omitted":	false
				}],
			"sum":	{
				"start":	5.0000510215759277,
				"end":	6.0004971027374268,
				"seconds":	1.000446081161499,
				"bytes":	2103705600,
				"bits_per_second":	16822140759.910919,
				"retransmits":	0,
				"omitted":	false
			}
		}, {
			"streams":	[{
					"socket":	5,
					"start":	6.0004971027374268,
					"end":	7.000338077545166,
					"seconds":	0.99984097480773926,
					"bytes":	2326528000,
					"bits_per_second":	18615184283.259613,
					"retransmits":	0,
					"snd_cwnd":	3168224,
					"rtt":	1144,
					"rttvar":	106,
					"pmtu":	1500,
					"omitted":	false
				}],
			"sum":	{
				"start":	6.0004971027374268,
				"end":	7.000338077545166,
				"seconds":	0.99984097480773926,
				"bytes":	2326528000,
				"bits_per_second":	18615184283.259613,
				"retransmits":	0,
				"omitted":	false
			}
		}, {
			"streams":	[{
					"socket":	5,
					"start":	7.000338077545166,
					"end":	8.000154972076416,
					"seconds":	0.99981689453125,
					"bytes":	2137784320,
					"bits_per_second":	17105406653.503448,
					"retransmits":	0,
					"snd_cwnd":	3168224,
					"rtt":	1207,
					"rttvar":	71,
					"pmtu":	1500,
					"omitted":	false
				}],
			"sum":	{
				"start":	7.000338077545166,
				"end":	8.000154972076416,
				"seconds":	0.99981689453125,
				"bytes":	2137784320,
				"bits_per_second":	17105406653.503448,
				"retransmits":	0,
				"omitted":	false
			}
		}, {
			"streams":	[{
					"socket":	5,
					"start":	8.000154972076416,
					"end":	9.0001881122589111,
					"seconds":	1.0000331401824951,
					"bytes":	2216427520,
					"bits_per_second":	17730832556.97327,
					"retransmits":	0,
					"snd_cwnd":	3168224,
					"rtt":	1066,
					"rttvar":	98,
					"pmtu":	1500,
					"omitted":	false
				}],
			"sum":	{
				"start":	8.000154972076416,
				"end":	9.0001881122589111,
				"seconds":	1.0000331401824951,
				"bytes":	2216427520,
				"bits_per_second":	17730832556.97327,
				"retransmits":	0,
				"omitted":	false
			}
		}, {
			"streams":	[{
					"socket":	5,
					"start":	9.0001881122589111,
					"end":	10.000203132629395,
					"seconds":	1.0000150203704834,
					"bytes":	2199388160,
					"bits_per_second":	17594840998.9696,
					"retransmits":	0,
					"snd_cwnd":	3168224,
					"rtt":	1061,
					"rttvar":	112,
					"pmtu":	1500,
					"omitted":	false
				}],
			"sum":	{
				"start":	9.0001881122589111,
				"end":	10.000203132629395,
				"seconds":	1.0000150203704834,
				"bytes":	2199388160,
				"bits_per_second":	17594840998.9696,
				"retransmits":	0,
				"omitted":	false
			}
		}, {
			"streams":	[{
					"socket":	5,
					"start":	10.000203132629395,
					"end":	11.000070095062256,
					"seconds":	0.99986696243286133,
					"bytes":	2220359680,
					"bits_per_second":	17765240884.426895,
					"retransmits":	0,
					"snd_cwnd":	3168224,
					"rtt":	945,
					"rttvar":	71,
					"pmtu":	1500,
					"omitted":	false
				}],
			"sum":	{
				"start":	10.000203132629395,
				"end":	11.000070095062256,
				"seconds":	0.99986696243286133,
				"bytes":	2220359680,
				"bits_per_second":	17765240884.426895,
				"retransmits":	0,
				"omitted":	false
			}
		}, {
			"streams":	[{
					"socket":	5,
					"start":	11.000070095062256,
					"end":	12.000300168991089,
					"seconds":	1.000230073928833,
					"bytes":	2409103360,
					"bits_per_second":	19268393724.9534,
					"retransmits":	0,
					"snd_cwnd":	3168224,
					"rtt":	750,
					"rttvar":	62,
					"pmtu":	1500,
					"omitted":	false
				}],
			"sum":	{
				"start":	11.000070095062256,
				"end":	12.000300168991089,
				"seconds":	1.000230073928833,
				"bytes":	2409103360,
				"bits_per_second":	19268393724.9534,
				"retransmits":	0,
				"omitted":	false
			}
		}, {
			"streams":	[{
					"socket":	5,
					"start":	12.000300168991089,
					"end":	13.000102996826172,
					"seconds":	0.999802827835083,
					"bytes":	2723676160,
					"bits_per_second":	21793706392.270931,
					"retransmits":	0,
					"snd_cwnd":	3168224,
					"rtt":	84,
					"rttvar":	12,
					"pmtu":	1500,
					"omitted":	false
				}],