{
	"start":	{
		"connected":	[{
				"socket":	5,
				"local_host":	"169.254.0.1",
				"local_port":	44014,
				"remote_host":	"169.254.0.2",
				"remote_port":	5201
			}],
		"version":	"iperf 3.6",
		"system_info":	"Linux 169.254.0.1 4.14.94 #1 SMP Wed Jan 23 21:19:15 UTC 2019 x86_64",
		"timestamp":	{
			"time":	"Sat, 08 Feb 2020 00:51:04 GMT",
			"timesecs":	1581123064
		},
		"connecting_to":	{
			"host":	"169.254.0.2",
			"port":	5201
		},
		"cookie":	"nxadut66us2avlgkcjzuklgk42pbmqgzcal3",
		"tcp_mss_default":	1448,
		"sock_bufsize":	0,
		"sndbuf_actual":	16384,
		"rcvbuf_actual":	87380,
		"test_start":	{
			"protocol":	"TCP",
			"num_streams":	1,
			"blksize":	131072,
			"omit":	0,
			"duration":	30,
			"bytes":	0,
			"blocks":	0,
			"reverse":	0,
			"tos":	0
		}
	},
	"intervals":	[{
			"streams":	[{
					"socket":	5,
					"start":	0,
					"end":	1.0002620220184326,
					"seconds":	1.0002620220184326,
					"bytes":	1779527664,
					"bits_per_second":	14232492085.696379,
					"retransmits":	0,
					"snd_cwnd":	3192840,
					"rtt":	1077,
					"rttvar":	123,
					"pmtu":	1500,
					"omitted":	false
				}],
			"sum":	{
				"start":	0,
				"end":	1.0002620220184326,
				"seconds":	1.0002620220184326,
				"bytes":	1779527664,
				"bits_per_second":	14232492085.696379,
				"retransmits":	0,
				"omitted":	false
			}
		}, {
			"streams":	[{
					"socket":	5,
					"start":	1.0002620220184326,
					"end":	2.0000720024108887,
					"seconds":	0.999809980392456,
					"bytes":	1803550720,
					"bits_per_second":	14431147961.071972,
					"retransmits":	0,
					"snd_cwnd":	3192840,
					"rtt":	1417,
					"rttvar":	59,
					"pmtu":	1500,
					"omitted":	false
				}],
			"sum":	{
				"start":	1.0002620220184326,
				"end":	2.0000720024108887,
				"seconds":	0.999809980392456,
				"bytes":	1803550720,
				"bits_per_second":	14431147961.071972,
				"retransmits":	0,
				"omitted":	false
			}
		}, {
			"streams":	[{
					"socket":	5,
					"start":	2.0000720024108887,
					"end":	3.0005710124969482,
					"seconds":	1.0004990100860596,
					"bytes":	1808793600,
					"bits_per_second":	14463131551.479805,
					"retransmits":	0,
					"snd_cwnd":	3192840,
					"rtt":	868,
					"rttvar":	148,
					"pmtu":	1500,
					"omitted":	false
				}],
			"sum":	{
				"start":	2.0000720024108887,
				"end":	3.0005710124969482,
				"seconds":	1.0004990100860596,
				"bytes":	1808793600,
				"bits_per_second":	14463131551.479805,
				"retransmits":	0,
				"omitted":	false
			}
		}, {
			"streams":	[{
					"socket":	5,
					"start":	3.0005710124969482,
					"end":	4.0002129077911377,
					"seconds":	0.99964189529418945,
					"bytes":	1806172160,
					"bits_per_second":	14454553523.637205,
					"retransmits":	0,
					"snd_cwnd":	3192840,
					"rtt":	1408,
					"rttvar":	68,
					"pmtu":	1500,
					"omitted":	false
				}],
			"sum":	{
				"start":	3.0005710124969482,
				"end":	4.0002129077911377,
				"seconds":	0.99964189529418945,
				"bytes":	1806172160,
				"bits_per_second":	14454553523.637205,
				"retransmits":	0,
				"omitted":	false
			}
		}, {
			"streams":	[{
					"socket":	5,
					"start":	4.0002129077911377,
					"end":	5.0000920295715332,
					"seconds":	0.99987912178039551,
					"bytes":	1808793600,
					"bits_per_second":	14472098161.4597,
					"retransmits":	0,
					"snd_cwnd":	3192840,
					"rtt":	1342,
					"rttvar":	155,
					"pmtu":	1500,
					"omitted":	false
				}],
			"sum":	{
				"start":	4.0002129077911377,
				"end":	5.0000920295715332,
				"seconds":	0.99987912178039551,
				"bytes":	1808793600,
				"bits_per_second":	14472098161.4597,
				"retransmits":	0,
				"omitted":	false
			}
		}, {
			"streams":	[{
					"socket":	5,
					"start":	5.0000920295715332,
					"end":	6.0004160404205322,
					"seconds":	1.000324010848999,
					"bytes":	1811415040,
					"bits_per_second":	14486626495.849947,
					"retransmits":	0,
					"snd_cwnd":	3192840,
					"rtt":	1210,
					"rttvar":	111,
					"pmtu":	1500,
					"omitted":	false
				}],
			"sum":	{
				"start":	5.0000920295715332,
				"end":	6.0004160404205322,
				"seconds":	1.000324010848999,
				"bytes":	1811415040,
				"bits_per_second":	14486626495.849947,
				"retransmits":	0,
				"omitted":	false
			}
		}, {
			"streams":	[{
					"socket":	5,
					"start":	6.0004160404205322,
					"end":	7.0002939701080322,
					"seconds":	0.9998779296875,
					"bytes":	1803550720,
					"bits_per_second":	14430167255.026249,
					"retransmits":	0,
					"snd_cwnd":	3192840,
					"rtt":	1194,
					"rttvar":	124,
					"pmtu":	1500,
					"omitted":	false
				}],
			"sum":	{
				"start":	6.0004160404205322,
				"end":	7.0002939701080322,
				"seconds":	0.9998779296875,
				"bytes":	1803550720,
				"bits_per_second":	14430167255.026249,
				"retransmits":	0,
				"omitted":	false
			}
		}, {
			"streams":	[{
					"socket":	5,
					"start":	7.0002939701080322,
					"end":	8.00028395652771,
					"seconds":	0.99998998641967773,
					"bytes":	1942487040,
					"bits_per_second":	15540051931.558229,
					"retransmits":	0,
					"snd_cwnd":	3192840,
					"rtt":	1381,
					"rttvar":	131,
					"pmtu":	1500,
					"omitted":	false
				}],
			"sum":	{
				"start":	7.0002939701080322,
				"end":	8.00028395652771,
				"seconds":	0.99998998641967773,
				"bytes":	1942487040,
				"bits_per_second":	15540051931.558229,
				"retransmits":	0,
				"omitted":	false
			}
		}, {
			"streams":	[{
					"socket":	5,
					"start":	8.00028395652771,
					"end":	9.0002038478851318,
					"seconds":	0.99991989135742188,
					"bytes":	1807482880,
					"bits_per_second":	14461021492.802082,
					"retransmits":	0,
					"snd_cwnd":	3192840,
					"rtt":	1074,
					"rttvar":	142,
					"pmtu":	1500,
					"omitted":	false
				}],
			"sum":	{
				"start":	8.00028395652771,
				"end":	9.0002038478851318,
				"seconds":	0.99991989135742188,
				"bytes":	1807482880,
				"bits_per_second":	14461021492.802082,
				"retransmits":	0,
				"omitted":	false
			}
		}, {
			"streams":	[{
					"socket":	5,
					"start":	9.0002038478851318,
					"end":	10.000505924224854,
					"seconds":	1.0003020763397217,
					"bytes":	1802240000,
					"bits_per_second":	14413566002.739555,
					"retransmits":	0,
					"snd_cwnd":	3192840,
					"rtt":	1349,
					"rttvar":	162,
					"pmtu":	1500,
					"omitted":	false
				}],
			"sum":	{
				"start":	9.0002038478851318,
				"end":	10.000505924224854,
				"seconds":	1.0003020763397217,
				"bytes":	1802240000,
				"bits_per_second":	14413566002.739555,
				"retransmits":	0,
				"omitted":	false
			}
		}, {
			"streams":	[{
					"socket":	5,
					"start":	10.000505924224854,
					"end":	11.000143051147461,
					"seconds":	0.99963712692260742,
					"bytes":	1799618560,
					"bits_per_second":	14402174641.433283,
					"retransmits":	0,
					"snd_cwnd":	3192840,
					"rtt":	1314,
					"rttvar":	158,
					"pmtu":	1500,
					"omitted":	false
				}],
			"sum":	{
				"start":	10.000505924224854,
				"end":	11.000143051147461,
				"seconds":	0.99963712692260742,
				"bytes":	1799618560,
				"bits_per_second":	14402174641.433283,
				"retransmits":	0,
				"omitted":	false
			}
		}, {
			"streams":	[{
					"socket":	5,
					"start":	11.000143051147461,
					"end":	12.000197887420654,
					"seconds":	1.0000548362731934,
					"bytes":	1853358080,
					"bits_per_second":	14826051634.582188,
					"retransmits":	0,
					"snd_cwnd":	3192840,
					"rtt":	1052,
					"rttvar":	74,
					"pmtu":	1500,
					"omitted":	false
				}],
			"sum":	{
				"start":	11.000143051147461,
				"end":	12.000197887420654,
				"seconds":	1.0000548362731934,
				"bytes":	1853358080,
				"bits_per_second":	14826051634.582188,
				"retransmits":	0,
				"omitted":	false
			}
		}, {
			"streams":	[{
					"socket":	5,
					"start":	12.000197887420654,
					"end":	13.000316858291626,
					"seconds":	1.0001189708709717,
					"bytes":	1820590080,
					"bits_per_second":	14562988068.625525,
					"retransmits":	0,
					"snd_cwnd":	3192840,
					"rtt":	1079,
					"rttvar":	81,
					"pmtu":	1500,