{
	"start":	{
		"connected":	[{
				"socket":	4,
				"local_host":	"169.254.0.2",
				"local_port":	48678,
				"remote_host":	"169.254.0.1",
				"remote_port":	5201
			}],
		"version":	"iperf 3.1.3",
		"system_info":	"Linux ip-10-0-0-82 4.15.0-1044-aws #46-Ubuntu SMP Thu Jul 4 13:38:28 UTC 2019 x86_64",
		"timestamp":	{
			"time":	"Mon, 02 Sep 2019 18:02:05 GMT",
			"timesecs":	1567447325
		},
		"connecting_to":	{
			"host":	"169.254.0.1",
			"port":	5201
		},
		"cookie":	"ip-10-0-0-82.1567447325.249004.50c90",
		"tcp_mss_default":	1448,
		"test_start":	{
			"protocol":	"TCP",
			"num_streams":	1,
			"blksize":	131072,
			"omit":	0,
			"duration":	30,
			"bytes":	0,
			"blocks":	0,
			"reverse":	0
		}
	},
	"intervals":	[{
			"streams":	[{
					"socket":	4,
					"start":	0,
					"end":	1.000328,
					"seconds":	1.000328,
					"bytes":	2757856896,
					"bits_per_second":	2.205562e+10,
					"retransmits":	0,
					"snd_cwnd":	2011272,
					"rtt":	757,
					"omitted":	false
				}],
			"sum":	{
				"start":	0,
				"end":	1.000328,
				"seconds":	1.000328,
				"bytes":	2757856896,
				"bits_per_second":	2.205562e+10,
				"retransmits":	0,
				"omitted":	false
			}
		}, {
			"streams":	[{
					"socket":	4,
					"start":	1.000328,
					"end":	2.000020,
					"seconds":	0.999692,
					"bytes":	2755133440,
					"bits_per_second":	2.204785e+10,
					"retransmits":	0,
					"snd_cwnd":	2011272,
					"rtt":	764,
					"omitted":	false
				}],
			"sum":	{
				"start":	1.000328,
				"end":	2.000020,
				"seconds":	0.999692,
				"bytes":	2755133440,
				"bits_per_second":	2.204785e+10,
				"retransmits":	0,
				"omitted":	false
			}
		}, {
			"streams":	[{
					"socket":	4,
					"start":	2.000020,
					"end":	3.000329,
					"seconds":	1.000309,
					"bytes":	2761687040,
					"bits_per_second":	2.208667e+10,
					"retransmits":	0,
					"snd_cwnd":	2011272,
					"rtt":	737,
					"omitted":	false
				}],
			"sum":	{
				"start":	2.000020,
				"end":	3.000329,
				"seconds":	1.000309,
				"bytes":	2761687040,
				"bits_per_second":	2.208667e+10,
				"retransmits":	0,
				"omitted":	false
			}
		}, {
			"streams":	[{
					"socket":	4,
					"start":	3.000329,
					"end":	4.000200,
					"seconds":	0.999871,
					"bytes":	2795765760,
					"bits_per_second":	2.236901e+10,
					"retransmits":	0,
					"snd_cwnd":	2011272,
					"rtt":	713,
					"omitted":	false
				}],
			"sum":	{
				"start":	3.000329,
				"end":	4.000200,
				"seconds":	0.999871,
				"bytes":	2795765760,
				"bits_per_second":	2.236901e+10,
				"retransmits":	0,
				"omitted":	false
			}
		}, {
			"streams":	[{
					"socket":	4,
					"start":	4.000200,
					"end":	5.000162,
					"seconds":	0.999962,
					"bytes":	2766929920,
					"bits_per_second":	2.213628e+10,
					"retransmits":	0,
					"snd_cwnd":	2011272,
					"rtt":	738,
					"omitted":	false
				}],
			"sum":	{
				"start":	4.000200,
				"end":	5.000162,
				"seconds":	0.999962,
				"bytes":	2766929920,
				"bits_per_second":	2.213628e+10,
				"retransmits":	0,
				"omitted":	false
			}
		}, {
			"streams":	[{
					"socket":	4,
					"start":	5.000162,
					"end":	6.000246,
					"seconds":	1.000084,
					"bytes":	2769551360,
					"bits_per_second":	2.215455e+10,
					"retransmits":	0,
					"snd_cwnd":	2011272,
					"rtt":	723,
					"omitted":	false
				}],
			"sum":	{
				"start":	5.000162,
				"end":	6.000246,
				"seconds":	1.000084,
				"bytes":	2769551360,
				"bits_per_second":	2.215455e+10,
				"retransmits":	0,
				"omitted":	false
			}
		}, {
			"streams":	[{
					"socket":	4,
					"start":	6.000246,
					"end":	7.000182,
					"seconds":	0.999936,
					"bytes":	2772172800,
					"bits_per_second":	2.217880e+10,
					"retransmits":	0,
					"snd_cwnd":	2011272,
					"rtt":	771,
					"omitted":	false
				}],
			"sum":	{
				"start":	6.000246,
				"end":	7.000182,
				"seconds":	0.999936,
				"bytes":	2772172800,
				"bits_per_second":	2.217880e+10,
				"retransmits":	0,
				"omitted":	false
			}
		}, {
			"streams":	[{
					"socket":	4,
					"start":	7.000182,
					"end":	8.000224,
					"seconds":	1.000042,
					"bytes":	2780037120,
					"bits_per_second":	2.223936e+10,
					"retransmits":	0,
					"snd_cwnd":	2011272,
					"rtt":	738,
					"omitted":	false
				}],
			"sum":	{
				"start":	7.000182,
				"end":	8.000224,
				"seconds":	1.000042,
				"bytes":	2780037120,
				"bits_per_second":	2.223936e+10,
				"retransmits":	0,
				"omitted":	false
			}
		}, {
			"streams":	[{
					"socket":	4,
					"start":	8.000224,
					"end":	9.000345,
					"seconds":	1.000121,
					"bytes":	2808872960,
					"bits_per_second":	2.246826e+10,
					"retransmits":	0,
					"snd_cwnd":	2011272,
					"rtt":	692,
					"omitted":	false
				}],
			"sum":	{
				"start":	8.000224,
				"end":	9.000345,
				"seconds":	1.000121,
				"bytes":	2808872960,
				"bits_per_second":	2.246826e+10,
				"retransmits":	0,
				"omitted":	false
			}
		}, {
			"streams":	[{
					"socket":	4,
					"start":	9.000345,
					"end":	10.000071,
					"seconds":	0.999726,
					"bytes":	2814115840,
					"bits_per_second":	2.251910e+10,
					"retransmits":	0,
					"snd_cwnd":	2011272,
					"rtt":	707,
					"omitted":	false
				}],
			"sum":	{
				"start":	9.000345,
				"end":	10.000071,
				"seconds":	0.999726,
				"bytes":	2814115840,
				"bits_per_second":	2.251910e+10,
				"retransmits":	0,
				"omitted":	false
			}
		}, {
			"streams":	[{
					"socket":	4,
					"start":	10.000071,
					"end":	11.000285,
					"seconds":	1.000214,
					"bytes":	2815426560,
					"bits_per_second":	2.251859e+10,
					"retransmits":	0,
					"snd_cwnd":	2011272,
					"rtt":	735,
					"omitted":	false
				}],
			"sum":	{
				"start":	10.000071,
				"end":	11.000285,
				"seconds":	1.000214,
				"bytes":	2815426560,
				"bits_per_second":	2.251859e+10,
				"retransmits":	0,
				"omitted":	false
			}
		}, {
			"streams":	[{
					"socket":	4,
					"start":	11.000285,
					"end":	12.000288,
					"seconds":	1.000003,
					"bytes":	2812805120,
					"bits_per_second":	2.250237e+10,
					"retransmits":	0,
					"snd_cwnd":	2011272,
					"rtt":	694,
					"omitted":	false
				}],
			"sum":	{
				"start":	11.000285,
				"end":	12.000288,
				"seconds":	1.000003,
				"bytes":	2812805120,
				"bits_per_second":	2.250237e+10,
				"retransmits":	0,
				"omitted":	false
			}
		}, {
			"streams":	[{
					"socket":	4,
					"start":	12.000288,
					"end":	13.000341,
					"seconds":	1.000053,
					"bytes":	2815426560,
					"bits_per_second":	2.252222e+10,
					"retransmits":	0,
					"snd_cwnd":	2011272,
					"rtt":	668,
					"omitted":	false
				}],
			"sum":	{
				"start":	12.000288,
				"end":	13.000341,
				"seconds":	1.000053,
				"bytes":	2815426560,
				"bits_per_second":	2.252222e+10,
				"retransmits":	0,
				"omitted":	false
			}
		}, {
			"streams":	[{
					"socket":	4,
					"start":	13.000341,
					"end":	14.000047,
					"seconds":	0.999706,
					"bytes":	2815426560,
					"bits_per_second":	2.253004e+10,
					"retransmits":	0,
					"snd_cwnd":	2011272,
					"rtt":	720,
					"omitted":	false
				}],
			"sum":	{
				"start":	13.000341,
				"end":	14.000047,
				"seconds":	0.999706,
				"bytes":	2815426560,
				"bits_per_second":	2.253004e+10,
				"retransmits":	0,
				"omitted":	false
			}
		}, {
			"streams":	[{
					"socket":	4,
					"start":	14.000047,
					"end":	15.000007,
					"seconds":	0.999960,
					"bytes":	2818048000,
					"bits_per_second":	2.254529e+10,
					"retransmits":	0,
					"snd_cwnd":	2011272,
					"rtt":	687,
					"omitted":	false
				}],
			"sum":	{
				"start":	14.000047,
				"end":	15.000007,
				"seconds":	0.999960,
				"bytes":	2818048000,
				"bits_per_second":	2.254529e+10,
				"retransmits":	0,
				"omitted":	false
			}
		}, {
			"streams":	[{
					"socket":	4,
					"start":	15.000007,
					"end":	16.000394,
					"seconds":	1.000387,
					"bytes":	2322595840,
					"bits_per_second":	1.857358e+10,
					"retransmits":	0,
					"snd_cwnd":	2011272,
					"rtt":	965,
					"omitted":	false
				}],