{
	"start":	{
		"connected":	[{
				"socket":	4,
				"local_host":	"169.254.0.2",
				"local_port":	48710,
				"remote_host":	"169.254.0.1",
				"remote_port":	5201
			}],
		"version":	"iperf 3.1.3",
		"system_info":	"Linux ip-10-0-0-82 4.15.0-1044-aws #46-Ubuntu SMP Thu Jul 4 13:38:28 UTC 2019 x86_64",
		"timestamp":	{
			"time":	"Mon, 02 Sep 2019 18:05:08 GMT",
			"timesecs":	1567447508
		},
		"connecting_to":	{
			"host":	"169.254.0.1",
			"port":	5201
		},
		"cookie":	"ip-10-0-0-82.1567447508.788136.53e64",
		"tcp_mss_default":	1448,
		"test_start":	{
			"protocol":	"TCP",
			"num_streams":	1,
			"blksize":	131072,
			"omit":	0,
			"duration":	30,
			"bytes":	0,
			"blocks":	0,
			"reverse":	0
		}
	},
	"intervals":	[{
			"streams":	[{
					"socket":	4,
					"start":	0,
					"end":	1.000053,
					"seconds":	1.000053,
					"bytes":	3688157336,
					"bits_per_second":	2.950370e+10,
					"retransmits":	0,
					"snd_cwnd":	2019960,
					"rtt":	450,
					"omitted":	false
				}],
			"sum":	{
				"start":	0,
				"end":	1.000053,
				"seconds":	1.000053,
				"bytes":	3688157336,
				"bits_per_second":	2.950370e+10,
				"retransmits":	0,
				"omitted":	false
			}
		}, {
			"streams":	[{
					"socket":	4,
					"start":	1.000053,
					"end":	2.000359,
					"seconds":	1.000306,
					"bytes":	3634626560,
					"bits_per_second":	2.906812e+10,
					"retransmits":	0,
					"snd_cwnd":	2019960,
					"rtt":	498,
					"omitted":	false
				}],
			"sum":	{
				"start":	1.000053,
				"end":	2.000359,
				"seconds":	1.000306,
				"bytes":	3634626560,
				"bits_per_second":	2.906812e+10,
				"retransmits":	0,
				"omitted":	false
			}
		}, {
			"streams":	[{
					"socket":	4,
					"start":	2.000359,
					"end":	3.000062,
					"seconds":	0.999703,
					"bytes":	3721134080,
					"bits_per_second":	2.977791e+10,
					"retransmits":	0,
					"snd_cwnd":	2019960,
					"rtt":	503,
					"omitted":	false
				}],
			"sum":	{
				"start":	2.000359,
				"end":	3.000062,
				"seconds":	0.999703,
				"bytes":	3721134080,
				"bits_per_second":	2.977791e+10,
				"retransmits":	0,
				"omitted":	false
			}
		}, {
			"streams":	[{
					"socket":	4,
					"start":	3.000062,
					"end":	4.000030,
					"seconds":	0.999968,
					"bytes":	3731619840,
					"bits_per_second":	2.985391e+10,
					"retransmits":	0,
					"snd_cwnd":	2019960,
					"rtt":	498,
					"omitted":	false
				}],
			"sum":	{
				"start":	3.000062,
				"end":	4.000030,
				"seconds":	0.999968,
				"bytes":	3731619840,
				"bits_per_second":	2.985391e+10,
				"retransmits":	0,
				"omitted":	false
			}
		}, {
			"streams":	[{
					"socket":	4,
					"start":	4.000030,
					"end":	5.000377,
					"seconds":	1.000347,
					"bytes":	3756523520,
					"bits_per_second":	3.004177e+10,
					"retransmits":	0,
					"snd_cwnd":	2019960,
					"rtt":	500,
					"omitted":	false
				}],
			"sum":	{
				"start":	4.000030,
				"end":	5.000377,
				"seconds":	1.000347,
				"bytes":	3756523520,
				"bits_per_second":	3.004177e+10,
				"retransmits":	0,
				"omitted":	false
			}
		}, {
			"streams":	[{
					"socket":	4,
					"start":	5.000377,
					"end":	6.000123,
					"seconds":	0.999746,
					"bytes":	3740794880,
					"bits_per_second":	2.993396e+10,
					"retransmits":	0,
					"snd_cwnd":	2019960,
					"rtt":	490,
					"omitted":	false
				}],
			"sum":	{
				"start":	5.000377,
				"end":	6.000123,
				"seconds":	0.999746,
				"bytes":	3740794880,
				"bits_per_second":	2.993396e+10,
				"retransmits":	0,
				"omitted":	false
			}
		}, {
			"streams":	[{
					"socket":	4,
					"start":	6.000123,
					"end":	7.000351,
					"seconds":	1.000228,
					"bytes":	3738173440,
					"bits_per_second":	2.989857e+10,
					"retransmits":	0,
					"snd_cwnd":	2019960,
					"rtt":	507,
					"omitted":	false
				}],
			"sum":	{
				"start":	6.000123,
				"end":	7.000351,
				"seconds":	1.000228,
				"bytes":	3738173440,
				"bits_per_second":	2.989857e+10,
				"retransmits":	0,
				"omitted":	false
			}
		}, {
			"streams":	[{
					"socket":	4,
					"start":	7.000351,
					"end":	8.000013,
					"seconds":	0.999662,
					"bytes":	3751280640,
					"bits_per_second":	3.002039e+10,
					"retransmits":	0,
					"snd_cwnd":	2019960,
					"rtt":	500,
					"omitted":	false
				}],
			"sum":	{
				"start":	7.000351,
				"end":	8.000013,
				"seconds":	0.999662,
				"bytes":	3751280640,
				"bits_per_second":	3.002039e+10,
				"retransmits":	0,
				"omitted":	false
			}
		}, {
			"streams":	[{
					"socket":	4,
					"start":	8.000013,
					"end":	9.000239,
					"seconds":	1.000226,
					"bytes":	3744727040,
					"bits_per_second":	2.995105e+10,
					"retransmits":	0,
					"snd_cwnd":	2019960,
					"rtt":	500,
					"omitted":	false
				}],
			"sum":	{
				"start":	8.000013,
				"end":	9.000239,
				"seconds":	1.000226,
				"bytes":	3744727040,
				"bits_per_second":	2.995105e+10,
				"retransmits":	0,
				"omitted":	false
			}
		}, {
			"streams":	[{
					"socket":	4,
					"start":	9.000239,
					"end":	10.000221,
					"seconds":	0.999982,
					"bytes":	3262382080,
					"bits_per_second":	2.609952e+10,
					"retransmits":	0,
					"snd_cwnd":	2019960,
					"rtt":	792,
					"omitted":	false
				}],
			"sum":	{
				"start":	9.000239,
				"end":	10.000221,
				"seconds":	0.999982,
				"bytes":	3262382080,
				"bits_per_second":	2.609952e+10,
				"retransmits":	0,
				"omitted":	false
			}
		}, {
			"streams":	[{
					"socket":	4,
					"start":	10.000221,
					"end":	11.000099,
					"seconds":	0.999878,
					"bytes":	2553282560,
					"bits_per_second":	2.042875e+10,
					"retransmits":	0,
					"snd_cwnd":	2019960,
					"rtt":	761,
					"omitted":	false
				}],
			"sum":	{
				"start":	10.000221,
				"end":	11.000099,
				"seconds":	0.999878,
				"bytes":	2553282560,
				"bits_per_second":	2.042875e+10,
				"retransmits":	0,
				"omitted":	false
			}
		}, {
			"streams":	[{
					"socket":	4,
					"start":	11.000099,
					"end":	12.000396,
					"seconds":	1.000297,
					"bytes":	2551971840,
					"bits_per_second":	2.040971e+10,
					"retransmits":	0,
					"snd_cwnd":	2019960,
					"rtt":	788,
					"omitted":	false
				}],
			"sum":	{
				"start":	11.000099,
				"end":	12.000396,
				"seconds":	1.000297,
				"bytes":	2551971840,
				"bits_per_second":	2.040971e+10,
				"retransmits":	0,
				"omitted":	false
			}
		}, {
			"streams":	[{
					"socket":	4,
					"start":	12.000396,
					"end":	13.000388,
					"seconds":	0.999992,
					"bytes":	2546728960,
					"bits_per_second":	2.037400e+10,
					"retransmits":	0,
					"snd_cwnd":	2019960,
					"rtt":	767,
					"omitted":	false
				}],
			"sum":	{
				"start":	12.000396,
				"end":	13.000388,
				"seconds":	0.999992,
				"bytes":	2546728960,
				"bits_per_second":	2.037400e+10,
				"retransmits":	0,
				"omitted":	false
			}
		}, {
			"streams":	[{
					"socket":	4,
					"start":	13.000388,
					"end":	14.000104,
					"seconds":	0.999716,
					"bytes":	2597847040,
					"bits_per_second":	2.078868e+10,
					"retransmits":	0,
					"snd_cwnd":	2019960,
					"rtt":	528,
					"omitted":	false
				}],
			"sum":	{
				"start":	13.000388,
				"end":	14.000104,
				"seconds":	0.999716,
				"bytes":	2597847040,
				"bits_per_second":	2.078868e+10,
				"retransmits":	0,
				"omitted":	false
			}
		}, {
			"streams":	[{
					"socket":	4,
					"start":	14.000104,
					"end":	15.000050,
					"seconds":	0.999946,
					"bytes":	3780116480,
					"bits_per_second":	3.024257e+10,
					"retransmits":	0,
					"snd_cwnd":	2019960,
					"rtt":	498,
					"omitted":	false
				}],
			"sum":	{
				"start":	14.000104,
				"end":	15.000050,
				"seconds":	0.999946,
				"bytes":	3780116480,
				"bits_per_second":	3.024257e+10,
				"retransmits":	0,
				"omitted":	false
			}
		}, {
			"streams":	[{
					"socket":	4,
					"start":	15.000050,
					"end":	16.000198,
					"seconds":	1.000148,
					"bytes":	3837788160,
					"bits_per_second":	3.069776e+10,
					"retransmits":	0,
					"snd_cwnd":	2019960,
					"rtt":	471,
					"omitted":	false
				}],