{
	"start":	{
		"connected":	[{
				"socket":	4,
				"local_host":	"169.254.0.2",
				"local_port":	47912,
				"remote_host":	"169.254.0.2",
				"remote_port":	5201
			}],
		"version":	"iperf 3.1.3",
		"system_info":	"Linux ip-10-0-0-129 4.15.0-1057-aws #59-Ubuntu SMP Wed Dec 4 10:02:00 UTC 2019 x86_64",
		"timestamp":	{
			"time":	"Sun, 09 Feb 2020 13:02:34 GMT",
			"timesecs":	1581253354
		},
		"connecting_to":	{
			"host":	"169.254.0.2",
			"port":	5201
		},
		"cookie":	"ip-10-0-0-129.1581253354.129708.5572",
		"tcp_mss_default":	32768,
		"test_start":	{
			"protocol":	"TCP",
			"num_streams":	1,
			"blksize":	131072,
			"omit":	0,
			"duration":	30,
			"bytes":	0,
			"blocks":	0,
			"reverse":	0
		}
	},
	"intervals":	[{
			"streams":	[{
					"socket":	4,
					"start":	0,
					"end":	1.000108,
					"seconds":	1.000108,
					"bytes":	5132779520,
					"bits_per_second":	4.105780e+10,
					"retransmits":	0,
					"snd_cwnd":	1178694,
					"rtt":	14,
					"omitted":	false
				}],
			"sum":	{
				"start":	0,
				"end":	1.000108,
				"seconds":	1.000108,
				"bytes":	5132779520,
				"bits_per_second":	4.105780e+10,
				"retransmits":	0,
				"omitted":	false
			}
		}, {
			"streams":	[{
					"socket":	4,
					"start":	1.000108,
					"end":	2.000192,
					"seconds":	1.000084,
					"bytes":	5634785280,
					"bits_per_second":	4.507449e+10,
					"retransmits":	0,
					"snd_cwnd":	1178694,
					"rtt":	25,
					"omitted":	false
				}],
			"sum":	{
				"start":	1.000108,
				"end":	2.000192,
				"seconds":	1.000084,
				"bytes":	5634785280,
				"bits_per_second":	4.507449e+10,
				"retransmits":	0,
				"omitted":	false
			}
		}, {
			"streams":	[{
					"socket":	4,
					"start":	2.000192,
					"end":	3.000112,
					"seconds":	0.999920,
					"bytes":	5746196480,
					"bits_per_second":	4.597325e+10,
					"retransmits":	0,
					"snd_cwnd":	1178694,
					"rtt":	25,
					"omitted":	false
				}],
			"sum":	{
				"start":	2.000192,
				"end":	3.000112,
				"seconds":	0.999920,
				"bytes":	5746196480,
				"bits_per_second":	4.597325e+10,
				"retransmits":	0,
				"omitted":	false
			}
		}, {
			"streams":	[{
					"socket":	4,
					"start":	3.000112,
					"end":	4.000181,
					"seconds":	1.000069,
					"bytes":	5748817920,
					"bits_per_second":	4.598736e+10,
					"retransmits":	0,
					"snd_cwnd":	1178694,
					"rtt":	27,
					"omitted":	false
				}],
			"sum":	{
				"start":	3.000112,
				"end":	4.000181,
				"seconds":	1.000069,
				"bytes":	5748817920,
				"bits_per_second":	4.598736e+10,
				"retransmits":	0,
				"omitted":	false
			}
		}, {
			"streams":	[{
					"socket":	4,
					"start":	4.000181,
					"end":	5.000202,
					"seconds":	1.000021,
					"bytes":	5468323840,
					"bits_per_second":	4.374567e+10,
					"retransmits":	0,
					"snd_cwnd":	1178694,
					"rtt":	27,
					"omitted":	false
				}],
			"sum":	{
				"start":	4.000181,
				"end":	5.000202,
				"seconds":	1.000021,
				"bytes":	5468323840,
				"bits_per_second":	4.374567e+10,
				"retransmits":	0,
				"omitted":	false
			}
		}, {
			"streams":	[{
					"socket":	4,
					"start":	5.000202,
					"end":	6.000163,
					"seconds":	0.999961,
					"bytes":	5459148800,
					"bits_per_second":	4.367490e+10,
					"retransmits":	0,
					"snd_cwnd":	1178694,
					"rtt":	27,
					"omitted":	false
				}],
			"sum":	{
				"start":	5.000202,
				"end":	6.000163,
				"seconds":	0.999961,
				"bytes":	5459148800,
				"bits_per_second":	4.367490e+10,
				"retransmits":	0,
				"omitted":	false
			}
		}, {
			"streams":	[{
					"socket":	4,
					"start":	6.000163,
					"end":	7.000221,
					"seconds":	1.000058,
					"bytes":	5744885760,
					"bits_per_second":	4.595642e+10,
					"retransmits":	0,
					"snd_cwnd":	1178694,
					"rtt":	25,
					"omitted":	false
				}],
			"sum":	{
				"start":	6.000163,
				"end":	7.000221,
				"seconds":	1.000058,
				"bytes":	5744885760,
				"bits_per_second":	4.595642e+10,
				"retransmits":	0,
				"omitted":	false
			}
		}, {
			"streams":	[{
					"socket":	4,
					"start":	7.000221,
					"end":	8.000101,
					"seconds":	0.999880,
					"bytes":	5512888320,
					"bits_per_second":	4.410840e+10,
					"retransmits":	0,
					"snd_cwnd":	1178694,
					"rtt":	27,
					"omitted":	false
				}],
			"sum":	{
				"start":	7.000221,
				"end":	8.000101,
				"seconds":	0.999880,
				"bytes":	5512888320,
				"bits_per_second":	4.410840e+10,
				"retransmits":	0,
				"omitted":	false
			}
		}, {
			"streams":	[{
					"socket":	4,
					"start":	8.000101,
					"end":	9.000024,
					"seconds":	0.999923,
					"bytes":	5447352320,
					"bits_per_second":	4.358217e+10,
					"retransmits":	0,
					"snd_cwnd":	1178694,
					"rtt":	28,
					"omitted":	false
				}],
			"sum":	{
				"start":	8.000101,
				"end":	9.000024,
				"seconds":	0.999923,
				"bytes":	5447352320,
				"bits_per_second":	4.358217e+10,
				"retransmits":	0,
				"omitted":	false
			}
		}, {
			"streams":	[{
					"socket":	4,
					"start":	9.000024,
					"end":	10.000204,
					"seconds":	1.000180,
					"bytes":	5448663040,
					"bits_per_second":	4.358146e+10,
					"retransmits":	0,
					"snd_cwnd":	1178694,
					"rtt":	26,
					"omitted":	false
				}],
			"sum":	{
				"start":	9.000024,
				"end":	10.000204,
				"seconds":	1.000180,
				"bytes":	5448663040,
				"bits_per_second":	4.358146e+10,
				"retransmits":	0,
				"omitted":	false
			}
		}, {
			"streams":	[{
					"socket":	4,
					"start":	10.000204,
					"end":	11.000156,
					"seconds":	0.999952,
					"bytes":	5599395840,
					"bits_per_second":	4.479731e+10,
					"retransmits":	0,
					"snd_cwnd":	1178694,
					"rtt":	26,
					"omitted":	false
				}],
			"sum":	{
				"start":	10.000204,
				"end":	11.000156,
				"seconds":	0.999952,
				"bytes":	5599395840,
				"bits_per_second":	4.479731e+10,
				"retransmits":	0,
				"omitted":	false
			}
		}, {
			"streams":	[{
					"socket":	4,
					"start":	11.000156,
					"end":	12.000031,
					"seconds":	0.999875,
					"bytes":	5596774400,
					"bits_per_second":	4.477980e+10,
					"retransmits":	0,
					"snd_cwnd":	1178694,
					"rtt":	27,
					"omitted":	false
				}],
			"sum":	{
				"start":	11.000156,
				"end":	12.000031,
				"seconds":	0.999875,
				"bytes":	5596774400,
				"bits_per_second":	4.477980e+10,
				"retransmits":	0,
				"omitted":	false
			}
		}, {
			"streams":	[{
					"socket":	4,
					"start":	12.000031,
					"end":	13.000167,
					"seconds":	1.000136,
					"bytes":	5489295360,
					"bits_per_second":	4.390839e+10,
					"retransmits":	0,
					"snd_cwnd":	1178694,
					"rtt":	26,
					"omitted":	false
				}],
			"sum":	{
				"start":	12.000031,
				"end":	13.000167,
				"seconds":	1.000136,
				"bytes":	5489295360,
				"bits_per_second":	4.390839e+10,
				"retransmits":	0,
				"omitted":	false
			}
		}, {
			"streams":	[{
					"socket":	4,
					"start":	13.000167,
					"end":	14.000041,
					"seconds":	0.999874,
					"bytes":	5446041600,
					"bits_per_second":	4.357383e+10,
					"retransmits":	0,
					"snd_cwnd":	1178694,
					"rtt":	26,
					"omitted":	false
				}],
			"sum":	{
				"start":	13.000167,
				"end":	14.000041,
				"seconds":	0.999874,
				"bytes":	5446041600,
				"bits_per_second":	4.357383e+10,
				"retransmits":	0,
				"omitted":	false
			}
		}, {
			"streams":	[{
					"socket":	4,
					"start":	14.000041,
					"end":	15.000186,
					"seconds":	1.000145,
					"bytes":	5482741760,
					"bits_per_second":	4.385558e+10,
					"retransmits":	0,
					"snd_cwnd":	1178694,
					"rtt":	28,
					"omitted":	false
				}],
			"sum":	{
				"start":	14.000041,
				"end":	15.000186,
				"seconds":	1.000145,
				"bytes":	5482741760,
				"bits_per_second":	4.385558e+10,
				"retransmits":	0,
				"omitted":	false
			}
		}, {
			"streams":	[{
					"socket":	4,
					"start":	15.000186,
					"end":	16.000049,
					"seconds":	0.999863,
					"bytes":	5470945280,
					"bits_per_second":	4.377355e+10,
					"retransmits":	0,
					"snd_cwnd":	1178694,
					"rtt":	25,
					"omitted":	false
				}],