{
	"start":	{
		"connected":	[{
				"socket":	5,
				"local_host":	"169.254.0.1",
				"local_port":	34826,
				"remote_host":	"169.254.0.2",
				"remote_port":	5201
			}],
		"version":	"iperf 3.6",
		"system_info":	"Linux 169.254.0.1 4.14.94 #1 SMP Wed Jan 23 21:19:15 UTC 2019 x86_64",
		"timestamp":	{
			"time":	"Sun, 09 Feb 2020 13:08:22 GMT",
			"timesecs":	1581253702
		},
		"connecting_to":	{
			"host":	"169.254.0.2",
			"port":	5201
		},
		"cookie":	"oem6sti6v5ujlmlqz5imedxsumogf5s6je5w",
		"tcp_mss_default":	1448,
		"sock_bufsize":	0,
		"sndbuf_actual":	16384,
		"rcvbuf_actual":	87380,
		"test_start":	{
			"protocol":	"TCP",
			"num_streams":	1,
			"blksize":	131072,
			"omit":	0,
			"duration":	30,
			"bytes":	0,
			"blocks":	0,
			"reverse":	0,
			"tos":	0
		}
	},
	"intervals":	[{
			"streams":	[{
					"socket":	5,
					"start":	0,
					"end":	1.0000691413879395,
					"seconds":	1.0000691413879395,
					"bytes":	3257135232,
					"bits_per_second":	26055280357.752914,
					"retransmits":	0,
					"snd_cwnd":	3289856,
					"rtt":	672,
					"rttvar":	149,
					"pmtu":	1500,
					"omitted":	false
				}],
			"sum":	{
				"start":	0,
				"end":	1.0000691413879395,
				"seconds":	1.0000691413879395,
				"bytes":	3257135232,
				"bits_per_second":	26055280357.752914,
				"retransmits":	0,
				"omitted":	false
			}
		}, {
			"streams":	[{
					"socket":	5,
					"start":	1.0000691413879395,
					"end":	2.00004506111145,
					"seconds":	0.99997591972351074,
					"bytes":	3120824320,
					"bits_per_second":	24967195776.97747,
					"retransmits":	0,
					"snd_cwnd":	3289856,
					"rtt":	828,
					"rttvar":	49,
					"pmtu":	1500,
					"omitted":	false
				}],
			"sum":	{
				"start":	1.0000691413879395,
				"end":	2.00004506111145,
				"seconds":	0.99997591972351074,
				"bytes":	3120824320,
				"bits_per_second":	24967195776.97747,
				"retransmits":	0,
				"omitted":	false
			}
		}, {
			"streams":	[{
					"socket":	5,
					"start":	2.00004506111145,
					"end":	3.0000731945037842,
					"seconds":	1.000028133392334,
					"bytes":	2918973440,
					"bits_per_second":	23351130573.482136,
					"retransmits":	0,
					"snd_cwnd":	3289856,
					"rtt":	589,
					"rttvar":	53,
					"pmtu":	1500,
					"omitted":	false
				}],
			"sum":	{
				"start":	2.00004506111145,
				"end":	3.0000731945037842,
				"seconds":	1.000028133392334,
				"bytes":	2918973440,
				"bits_per_second":	23351130573.482136,
				"retransmits":	0,
				"omitted":	false
			}
		}, {
			"streams":	[{
					"socket":	5,
					"start":	3.0000731945037842,
					"end":	4.0002260208129883,
					"seconds":	1.0001528263092041,
					"bytes":	3067084800,
					"bits_per_second":	24532929122.988167,
					"retransmits":	0,
					"snd_cwnd":	3289856,
					"rtt":	868,
					"rttvar":	63,
					"pmtu":	1500,
					"omitted":	false
				}],
			"sum":	{
				"start":	3.0000731945037842,
				"end":	4.0002260208129883,
				"seconds":	1.0001528263092041,
				"bytes":	3067084800,
				"bits_per_second":	24532929122.988167,
				"retransmits":	0,
				"omitted":	false
			}
		}, {
			"streams":	[{
					"socket":	5,
					"start":	4.0002260208129883,
					"end":	5.0001800060272217,
					"seconds":	0.9999539852142334,
					"bytes":	2909798400,
					"bits_per_second":	23279458399.291004,
					"retransmits":	0,
					"snd_cwnd":	3289856,
					"rtt":	963,
					"rttvar":	55,
					"pmtu":	1500,
					"omitted":	false
				}],
			"sum":	{
				"start":	4.0002260208129883,
				"end":	5.0001800060272217,
				"seconds":	0.9999539852142334,
				"bytes":	2909798400,
				"bits_per_second":	23279458399.291004,
				"retransmits":	0,
				"omitted":	false
			}
		}, {
			"streams":	[{
					"socket":	5,
					"start":	5.0001800060272217,
					"end":	6.0000112056732178,
					"seconds":	0.99983119964599609,
					"bytes":	2392064000,
					"bits_per_second":	19139742795.3594,
					"retransmits":	0,
					"snd_cwnd":	3289856,
					"rtt":	101,
					"rttvar":	32,
					"pmtu":	1500,
					"omitted":	false
				}],
			"sum":	{
				"start":	5.0001800060272217,
				"end":	6.0000112056732178,
				"seconds":	0.99983119964599609,
				"bytes":	2392064000,
				"bits_per_second":	19139742795.3594,
				"retransmits":	0,
				"omitted":	false
			}
		}, {
			"streams":	[{
					"socket":	5,
					"start":	6.0000112056732178,
					"end":	7.0000760555267334,
					"seconds":	1.0000648498535156,
					"bytes":	2435317760,
					"bits_per_second":	19481278721.928585,
					"retransmits":	0,
					"snd_cwnd":	3289856,
					"rtt":	1022,
					"rttvar":	85,
					"pmtu":	1500,
					"omitted":	false
				}],
			"sum":	{
				"start":	6.0000112056732178,
				"end":	7.0000760555267334,
				"seconds":	1.0000648498535156,
				"bytes":	2435317760,
				"bits_per_second":	19481278721.928585,
				"retransmits":	0,
				"omitted":	false
			}
		}, {
			"streams":	[{
					"socket":	5,
					"start":	7.0000760555267334,
					"end":	8.0002410411834717,
					"seconds":	1.0001649856567383,
					"bytes":	2899312640,
					"bits_per_second":	23190674991.256363,
					"retransmits":	0,
					"snd_cwnd":	3289856,
					"rtt":	780,
					"rttvar":	53,
					"pmtu":	1500,
					"omitted":	false
				}],
			"sum":	{
				"start":	7.0000760555267334,
				"end":	8.0002410411834717,
				"seconds":	1.0001649856567383,
				"bytes":	2899312640,
				"bits_per_second":	23190674991.256363,
				"retransmits":	0,
				"omitted":	false
			}
		}, {
			"streams":	[{
					"socket":	5,
					"start":	8.0002410411834717,
					"end":	9.0000870227813721,
					"seconds":	0.99984598159790039,
					"bytes":	2662072320,
					"bits_per_second":	21299859130.268192,
					"retransmits":	0,
					"snd_cwnd":	3289856,
					"rtt":	945,
					"rttvar":	115,
					"pmtu":	1500,
					"omitted":	false
				}],
			"sum":	{
				"start":	8.0002410411834717,
				"end":	9.0000870227813721,
				"seconds":	0.99984598159790039,
				"bytes":	2662072320,
				"bits_per_second":	21299859130.268192,
				"retransmits":	0,
				"omitted":	false
			}
		}, {
			"streams":	[{
					"socket":	5,
					"start":	9.0000870227813721,
					"end":	10.000385046005249,
					"seconds":	1.000298023223877,
					"bytes":	2701393920,
					"bits_per_second":	21604712653.883953,
					"retransmits":	0,
					"snd_cwnd":	3289856,
					"rtt":	615,
					"rttvar":	85,
					"pmtu":	1500,
					"omitted":	false
				}],
			"sum":	{
				"start":	9.0000870227813721,
				"end":	10.000385046005249,
				"seconds":	1.000298023223877,
				"bytes":	2701393920,
				"bits_per_second":	21604712653.883953,
				"retransmits":	0,
				"omitted":	false
			}
		}, {
			"streams":	[{
					"socket":	5,
					"start":	10.000385046005249,
					"end":	11.000161170959473,
					"seconds":	0.99977612495422363,
					"bytes":	2939944960,
					"bits_per_second":	23524826301.565144,
					"retransmits":	0,
					"snd_cwnd":	3289856,
					"rtt":	243,
					"rttvar":	114,
					"pmtu":	1500,
					"omitted":	false
				}],
			"sum":	{
				"start":	10.000385046005249,
				"end":	11.000161170959473,
				"seconds":	0.99977612495422363,
				"bytes":	2939944960,
				"bits_per_second":	23524826301.565144,
				"retransmits":	0,
				"omitted":	false
			}
		}, {
			"streams":	[{
					"socket":	5,
					"start":	11.000161170959473,
					"end":	12.000076055526733,
					"seconds":	0.99991488456726074,
					"bytes":	2964848640,
					"bits_per_second":	23720808126.84864,
					"retransmits":	0,
					"snd_cwnd":	3289856,
					"rtt":	1021,
					"rttvar":	121,
					"pmtu":	1500,
					"omitted":	false
				}],
			"sum":	{
				"start":	11.000161170959473,
				"end":	12.000076055526733,
				"seconds":	0.99991488456726074,
				"bytes":	2964848640,
				"bits_per_second":	23720808126.84864,
				"retransmits":	0,
				"omitted":	false
			}
		}, {
			"streams":	[{
					"socket":	5,
					"start":	12.000076055526733,
					"end":	13.000248193740845,
					"seconds":	1.0001721382141113,
					"bytes":	2814115840,
					"bits_per_second":	22509052051.978432,
					"retransmits":	0,
					"snd_cwnd":	3289856,
					"rtt":	738,
					"rttvar":	53,
					"pmtu":	1500,