{
	"start":	{
		"connected":	[{
				"socket":	5,
				"local_host":	"169.254.0.1",
				"local_port":	38534,
				"remote_host":	"169.254.0.2",
				"remote_port":	5201
			}],
		"version":	"iperf 3.6",
		"system_info":	"Linux 169.254.0.1 4.14.94 #1 SMP Wed Jan 23 21:19:15 UTC 2019 x86_64",
		"timestamp":	{
			"time":	"Sun, 09 Feb 2020 13:28:44 GMT",
			"timesecs":	1581254924
		},
		"connecting_to":	{
			"host":	"169.254.0.2",
			"port":	5201
		},
		"cookie":	"hnc53uxw6jqjtjw2um34bodqgpayuntzqexx",
		"tcp_mss_default":	1448,
		"sock_bufsize":	0,
		"sndbuf_actual":	16384,
		"rcvbuf_actual":	87380,
		"test_start":	{
			"protocol":	"TCP",
			"num_streams":	1,
			"blksize":	131072,
			"omit":	0,
			"duration":	30,
			"bytes":	0,
			"blocks":	0,
			"reverse":	0,
			"tos":	0
		}
	},
	"intervals":	[{
			"streams":	[{
					"socket":	5,
					"start":	0,
					"end":	1.0002329349517822,
					"seconds":	1.0002329349517822,
					"bytes":	2881772840,
					"bits_per_second":	23048813845.658222,
					"retransmits":	0,
					"snd_cwnd":	2644048,
					"rtt":	367,
					"rttvar":	74,
					"pmtu":	1500,
					"omitted":	false
				}],
			"sum":	{
				"start":	0,
				"end":	1.0002329349517822,
				"seconds":	1.0002329349517822,
				"bytes":	2881772840,
				"bits_per_second":	23048813845.658222,
				"retransmits":	0,
				"omitted":	false
			}
		}, {
			"streams":	[{
					"socket":	5,
					"start":	1.0002329349517822,
					"end":	2.0001261234283447,
					"seconds":	0.9998931884765625,
					"bytes":	3769630720,
					"bits_per_second":	30160267224.089489,
					"retransmits":	0,
					"snd_cwnd":	2644048,
					"rtt":	325,
					"rttvar":	42,
					"pmtu":	1500,
					"omitted":	false
				}],
			"sum":	{
				"start":	1.0002329349517822,
				"end":	2.0001261234283447,
				"seconds":	0.9998931884765625,
				"bytes":	3769630720,
				"bits_per_second":	30160267224.089489,
				"retransmits":	0,
				"omitted":	false
			}
		}, {
			"streams":	[{
					"socket":	5,
					"start":	2.0001261234283447,
					"end":	3.0000739097595215,
					"seconds":	0.99994778633117676,
					"bytes":	2861301760,
					"bits_per_second":	22891609334.908646,
					"retransmits":	0,
					"snd_cwnd":	2644048,
					"rtt":	587,
					"rttvar":	85,
					"pmtu":	1500,
					"omitted":	false
				}],
			"sum":	{
				"start":	2.0001261234283447,
				"end":	3.0000739097595215,
				"seconds":	0.99994778633117676,
				"bytes":	2861301760,
				"bits_per_second":	22891609334.908646,
				"retransmits":	0,
				"omitted":	false
			}
		}, {
			"streams":	[{
					"socket":	5,
					"start":	3.0000739097595215,
					"end":	4.0000801086425781,
					"seconds":	1.0000061988830566,
					"bytes":	2157445120,
					"bits_per_second":	17259453970.663216,
					"retransmits":	0,
					"snd_cwnd":	2644048,
					"rtt":	585,
					"rttvar":	86,
					"pmtu":	1500,
					"omitted":	false
				}],
			"sum":	{
				"start":	3.0000739097595215,
				"end":	4.0000801086425781,
				"seconds":	1.0000061988830566,
				"bytes":	2157445120,
				"bits_per_second":	17259453970.663216,
				"retransmits":	0,
				"omitted":	false
			}
		}, {
			"streams":	[{
					"socket":	5,
					"start":	4.0000801086425781,
					"end":	5.0003659725189209,
					"seconds":	1.0002858638763428,
					"bytes":	2145648640,
					"bits_per_second":	17160283614.80673,
					"retransmits":	0,
					"snd_cwnd":	2644048,
					"rtt":	583,
					"rttvar":	82,
					"pmtu":	1500,
					"omitted":	false
				}],
			"sum":	{
				"start":	4.0000801086425781,
				"end":	5.0003659725189209,
				"seconds":	1.0002858638763428,
				"bytes":	2145648640,
				"bits_per_second":	17160283614.80673,
				"retransmits":	0,
				"omitted":	false
			}
		}, {
			"streams":	[{
					"socket":	5,
					"start":	5.0003659725189209,
					"end":	6.0002710819244385,
					"seconds":	0.99990510940551758,
					"bytes":	2128609280,
					"bits_per_second":	17030490273.346365,
					"retransmits":	0,
					"snd_cwnd":	2644048,
					"rtt":	596,
					"rttvar":	84,
					"pmtu":	1500,
					"omitted":	false
				}],
			"sum":	{
				"start":	5.0003659725189209,
				"end":	6.0002710819244385,
				"seconds":	0.99990510940551758,
				"bytes":	2128609280,
				"bits_per_second":	17030490273.346365,
				"retransmits":	0,
				"omitted":	false
			}
		}, {
			"streams":	[{
					"socket":	5,
					"start":	6.0002710819244385,
					"end":	7.0000379085540771,
					"seconds":	0.99976682662963867,
					"bytes":	2141716480,
					"bits_per_second":	17137727901.775192,
					"retransmits":	0,
					"snd_cwnd":	2644048,
					"rtt":	581,
					"rttvar":	87,
					"pmtu":	1500,
					"omitted":	false
				}],
			"sum":	{
				"start":	6.0002710819244385,
				"end":	7.0000379085540771,
				"seconds":	0.99976682662963867,
				"bytes":	2141716480,
				"bits_per_second":	17137727901.775192,
				"retransmits":	0,
				"omitted":	false
			}
		}, {
			"streams":	[{
					"socket":	5,
					"start":	7.0000379085540771,
					"end":	8.00032091140747,
					"seconds":	1.0002830028533936,
					"bytes":	3244032000,
					"bits_per_second":	25944913515.44408,
					"retransmits":	0,
					"snd_cwnd":	3214560,
					"rtt":	318,
					"rttvar":	43,
					"pmtu":	1500,
					"omitted":	false
				}],
			"sum":	{
				"start":	7.0000379085540771,
				"end":	8.00032091140747,
				"seconds":	1.0002830028533936,
				"bytes":	3244032000,
				"bits_per_second":	25944913515.44408,
				"retransmits":	0,
				"omitted":	false
			}
		}, {
			"streams":	[{
					"socket":	5,
					"start":	8.00032091140747,
					"end":	9.0001049041748047,
					"seconds":	0.999783992767334,
					"bytes":	2853437440,
					"bits_per_second":	22832431490.341267,
					"retransmits":	0,
					"snd_cwnd":	3214560,
					"rtt":	364,
					"rttvar":	75,
					"pmtu":	1500,
					"omitted":	false
				}],
			"sum":	{
				"start":	8.00032091140747,
				"end":	9.0001049041748047,
				"seconds":	0.999783992767334,
				"bytes":	2853437440,
				"bits_per_second":	22832431490.341267,
				"retransmits":	0,
				"omitted":	false
			}
		}, {
			"streams":	[{
					"socket":	5,
					"start":	9.0001049041748047,
					"end":	10.000256061553955,
					"seconds":	1.0001511573791504,
					"bytes":	2972712960,
					"bits_per_second":	23778109443.2954,
					"retransmits":	0,
					"snd_cwnd":	3214560,
					"rtt":	336,
					"rttvar":	77,
					"pmtu":	1500,
					"omitted":	false
				}],
			"sum":	{
				"start":	9.0001049041748047,
				"end":	10.000256061553955,
				"seconds":	1.0001511573791504,
				"bytes":	2972712960,
				"bits_per_second":	23778109443.2954,
				"retransmits":	0,
				"omitted":	false
			}
		}, {
			"streams":	[{
					"socket":	5,
					"start":	10.000256061553955,
					"end":	11.000067949295044,
					"seconds":	0.99981188774108887,
					"bytes":	2786590720,
					"bits_per_second":	22296920084.003761,
					"retransmits":	0,
					"snd_cwnd":	3214560,
					"rtt":	342,
					"rttvar":	77,
					"pmtu":	1500,
					"omitted":	false
				}],
			"sum":	{
				"start":	10.000256061553955,
				"end":	11.000067949295044,
				"seconds":	0.99981188774108887,
				"bytes":	2786590720,
				"bits_per_second":	22296920084.003761,
				"retransmits":	0,
				"omitted":	false
			}
		}, {
			"streams":	[{
					"socket":	5,
					"start":	11.000067949295044,
					"end":	12.000426054000854,
					"seconds":	1.0003581047058105,
					"bytes":	2790522880,
					"bits_per_second":	22316191506.805645,
					"retransmits":	0,
					"snd_cwnd":	3214560,
					"rtt":	364,
					"rttvar":	76,
					"pmtu":	1500,
					"omitted":	false
				}],
			"sum":	{
				"start":	11.000067949295044,
				"end":	12.000426054000854,
				"seconds":	1.0003581047058105,
				"bytes":	2790522880,
				"bits_per_second":	22316191506.805645,
				"retransmits":	0,
				"omitted":	false
			}
		}, {
			"streams":	[{
					"socket":	5,
					"start":	12.000426054000854,
					"end":	13.0000479221344,
					"seconds":	0.99962186813354492,
					"bytes":	2786590720,
					"bits_per_second":	22301158538.702351,
					"retransmits":	0,
					"snd_cwnd":	3214560,
					"rtt":	364,
					"rttvar":	73,
					"pmtu":	1500,
					"omitted":	false
				}],