{
	"start":	{
		"connected":	[{
				"socket":	4,
				"local_host":	"169.254.0.2",
				"local_port":	38372,
				"remote_host":	"169.254.0.1",
				"remote_port":	5201
			}],
		"version":	"iperf 3.1.3",
		"system_info":	"Linux ip-10-0-0-129 4.15.0-1057-aws #59-Ubuntu SMP Wed Dec 4 10:02:00 UTC 2019 x86_64",
		"timestamp":	{
			"time":	"Sun, 09 Feb 2020 13:04:12 GMT",
			"timesecs":	1581253452
		},
		"connecting_to":	{
			"host":	"169.254.0.1",
			"port":	5201
		},
		"cookie":	"ip-10-0-0-129.1581253452.985771.4c03",
		"tcp_mss_default":	1448,
		"test_start":	{
			"protocol":	"TCP",
			"num_streams":	1,
			"blksize":	131072,
			"omit":	0,
			"duration":	30,
			"bytes":	0,
			"blocks":	0,
			"reverse":	0
		}
	},
	"intervals":	[{
			"streams":	[{
					"socket":	4,
					"start":	0,
					"end":	1.000020,
					"seconds":	1.000020,
					"bytes":	1935367648,
					"bits_per_second":	1.548263e+10,
					"retransmits":	0,
					"snd_cwnd":	2002584,
					"rtt":	883,
					"omitted":	false
				}],
			"sum":	{
				"start":	0,
				"end":	1.000020,
				"seconds":	1.000020,
				"bytes":	1935367648,
				"bits_per_second":	1.548263e+10,
				"retransmits":	0,
				"omitted":	false
			}
		}, {
			"streams":	[{
					"socket":	4,
					"start":	1.000020,
					"end":	2.000243,
					"seconds":	1.000223,
					"bytes":	2011636064,
					"bits_per_second":	1.608950e+10,
					"retransmits":	0,
					"snd_cwnd":	2002584,
					"rtt":	876,
					"omitted":	false
				}],
			"sum":	{
				"start":	1.000020,
				"end":	2.000243,
				"seconds":	1.000223,
				"bytes":	2011636064,
				"bits_per_second":	1.608950e+10,
				"retransmits":	0,
				"omitted":	false
			}
		}, {
			"streams":	[{
					"socket":	4,
					"start":	2.000243,
					"end":	3.000088,
					"seconds":	0.999845,
					"bytes":	2005401600,
					"bits_per_second":	1.604570e+10,
					"retransmits":	0,
					"snd_cwnd":	2002584,
					"rtt":	982,
					"omitted":	false
				}],
			"sum":	{
				"start":	2.000243,
				"end":	3.000088,
				"seconds":	0.999845,
				"bytes":	2005401600,
				"bits_per_second":	1.604570e+10,
				"retransmits":	0,
				"omitted":	false
			}
		}, {
			"streams":	[{
					"socket":	4,
					"start":	3.000088,
					"end":	4.000108,
					"seconds":	1.000020,
					"bytes":	2030305280,
					"bits_per_second":	1.624212e+10,
					"retransmits":	0,
					"snd_cwnd":	2002584,
					"rtt":	908,
					"omitted":	false
				}],
			"sum":	{
				"start":	3.000088,
				"end":	4.000108,
				"seconds":	1.000020,
				"bytes":	2030305280,
				"bits_per_second":	1.624212e+10,
				"retransmits":	0,
				"omitted":	false
			}
		}, {
			"streams":	[{
					"socket":	4,
					"start":	4.000108,
					"end":	5.000322,
					"seconds":	1.000214,
					"bytes":	2031616000,
					"bits_per_second":	1.624945e+10,
					"retransmits":	0,
					"snd_cwnd":	2002584,
					"rtt":	909,
					"omitted":	false
				}],
			"sum":	{
				"start":	4.000108,
				"end":	5.000322,
				"seconds":	1.000214,
				"bytes":	2031616000,
				"bits_per_second":	1.624945e+10,
				"retransmits":	0,
				"omitted":	false
			}
		}, {
			"streams":	[{
					"socket":	4,
					"start":	5.000322,
					"end":	6.000308,
					"seconds":	0.999986,
					"bytes":	2024975888,
					"bits_per_second":	1.620003e+10,
					"retransmits":	0,
					"snd_cwnd":	2002584,
					"rtt":	954,
					"omitted":	false
				}],
			"sum":	{
				"start":	5.000322,
				"end":	6.000308,
				"seconds":	0.999986,
				"bytes":	2024975888,
				"bits_per_second":	1.620003e+10,
				"retransmits":	0,
				"omitted":	false
			}
		}, {
			"streams":	[{
					"socket":	4,
					"start":	6.000308,
					"end":	7.000142,
					"seconds":	0.999834,
					"bytes":	2043412480,
					"bits_per_second":	1.635001e+10,
					"retransmits":	0,
					"snd_cwnd":	2002584,
					"rtt":	852,
					"omitted":	false
				}],
			"sum":	{
				"start":	6.000308,
				"end":	7.000142,
				"seconds":	0.999834,
				"bytes":	2043412480,
				"bits_per_second":	1.635001e+10,
				"retransmits":	0,
				"omitted":	false
			}
		}, {
			"streams":	[{
					"socket":	4,
					"start":	7.000142,
					"end":	8.000303,
					"seconds":	1.000161,
					"bytes":	2010569040,
					"bits_per_second":	1.608196e+10,
					"retransmits":	0,
					"snd_cwnd":	2002584,
					"rtt":	909,
					"omitted":	false
				}],
			"sum":	{
				"start":	7.000142,
				"end":	8.000303,
				"seconds":	1.000161,
				"bytes":	2010569040,
				"bits_per_second":	1.608196e+10,
				"retransmits":	0,
				"omitted":	false
			}
		}, {
			"streams":	[{
					"socket":	4,
					"start":	8.000303,
					"end":	9.000314,
					"seconds":	1.000011,
					"bytes":	2013265920,
					"bits_per_second":	1.610595e+10,
					"retransmits":	0,
					"snd_cwnd":	2002584,
					"rtt":	867,
					"omitted":	false
				}],
			"sum":	{
				"start":	8.000303,
				"end":	9.000314,
				"seconds":	1.000011,
				"bytes":	2013265920,
				"bits_per_second":	1.610595e+10,
				"retransmits":	0,
				"omitted":	false
			}
		}, {
			"streams":	[{
					"socket":	4,
					"start":	9.000314,
					"end":	10.000084,
					"seconds":	0.999770,
					"bytes":	2011955200,
					"bits_per_second":	1.609935e+10,
					"retransmits":	0,
					"snd_cwnd":	2002584,
					"rtt":	927,
					"omitted":	false
				}],
			"sum":	{
				"start":	9.000314,
				"end":	10.000084,
				"seconds":	0.999770,
				"bytes":	2011955200,
				"bits_per_second":	1.609935e+10,
				"retransmits":	0,
				"omitted":	false
			}
		}, {
			"streams":	[{
					"socket":	4,
					"start":	10.000084,
					"end":	11.000350,
					"seconds":	1.000266,
					"bytes":	2002780160,
					"bits_per_second":	1.601798e+10,
					"retransmits":	0,
					"snd_cwnd":	2002584,
					"rtt":	921,
					"omitted":	false
				}],
			"sum":	{
				"start":	10.000084,
				"end":	11.000350,
				"seconds":	1.000266,
				"bytes":	2002780160,
				"bits_per_second":	1.601798e+10,
				"retransmits":	0,
				"omitted":	false
			}
		}, {
			"streams":	[{
					"socket":	4,
					"start":	11.000350,
					"end":	12.000119,
					"seconds":	0.999769,
					"bytes":	2021130240,
					"bits_per_second":	1.617278e+10,
					"retransmits":	0,
					"snd_cwnd":	2002584,
					"rtt":	889,
					"omitted":	false
				}],
			"sum":	{
				"start":	11.000350,
				"end":	12.000119,
				"seconds":	0.999769,
				"bytes":	2021130240,
				"bits_per_second":	1.617278e+10,
				"retransmits":	0,
				"omitted":	false
			}
		}, {
			"streams":	[{
					"socket":	4,
					"start":	12.000119,
					"end":	13.000110,
					"seconds":	0.999991,
					"bytes":	2008023040,
					"bits_per_second":	1.606433e+10,
					"retransmits":	0,
					"snd_cwnd":	2002584,
					"rtt":	871,
					"omitted":	false
				}],
			"sum":	{
				"start":	12.000119,
				"end":	13.000110,
				"seconds":	0.999991,
				"bytes":	2008023040,
				"bits_per_second":	1.606433e+10,
				"retransmits":	0,
				"omitted":	false
			}
		}, {
			"streams":	[{
					"socket":	4,
					"start":	13.000110,
					"end":	14.000276,
					"seconds":	1.000166,
					"bytes":	2038169600,
					"bits_per_second":	1.630265e+10,
					"retransmits":	0,
					"snd_cwnd":	2002584,
					"rtt":	910,
					"omitted":	false
				}],
			"sum":	{
				"start":	13.000110,
				"end":	14.000276,
				"seconds":	1.000166,
				"bytes":	2038169600,
				"bits_per_second":	1.630265e+10,
				"retransmits":	0,
				"omitted":	false
			}
		}, {
			"streams":	[{
					"socket":	4,
					"start":	14.000276,
					"end":	15.000278,
					"seconds":	1.000002,
					"bytes":	2035548160,
					"bits_per_second":	1.628435e+10,
					"retransmits":	0,
					"snd_cwnd":	2002584,
					"rtt":	982,
					"omitted":	false
				}],
			"sum":	{
				"start":	14.000276,
				"end":	15.000278,
				"seconds":	1.000002,
				"bytes":	2035548160,
				"bits_per_second":	1.628435e+10,
				"retransmits":	0,
				"omitted":	false
			}
		}, {
			"streams":	[{
					"socket":	4,
					"start":	15.000278,
					"end":	16.000363,
					"seconds":	1.000085,
					"bytes":	2034237440,
					"bits_per_second":	1.627252e+10,
					"retransmits":	0,
					"snd_cwnd":	2002584,
					"rtt":	864,
					"omitted":	false
				}],