{
	"start":	{
		"connected":	[{
				"socket":	5,
				"local_host":	"169.254.0.1",
				"local_port":	49400,
				"remote_host":	"169.254.0.2",
				"remote_port":	5201
			}],
		"version":	"iperf 3.6",
		"system_info":	"Linux 169.254.0.1 4.14.94 #1 SMP Wed Jan 23 21:19:15 UTC 2019 x86_64",
		"timestamp":	{
			"time":	"Mon, 22 Apr 2019 14:35:40 GMT",
			"timesecs":	1555943740
		},
		"connecting_to":	{
			"host":	"169.254.0.2",
			"port":	5201
		},
		"cookie":	"xxog5fdcczamgfe5xfd2baaoyprfejnrf52m",
		"tcp_mss_default":	1448,
		"sock_bufsize":	0,
		"sndbuf_actual":	16384,
		"rcvbuf_actual":	87380,
		"test_start":	{
			"protocol":	"TCP",
			"num_streams":	1,
			"blksize":	131072,
			"omit":	0,
			"duration":	30,
			"bytes":	0,
			"blocks":	0,
			"reverse":	0,
			"tos":	0
		}
	},
	"intervals":	[{
			"streams":	[{
					"socket":	5,
					"start":	0,
					"end":	1.0001289844512939,
					"seconds":	1.0001289844512939,
					"bytes":	2235047824,
					"bits_per_second":	17878076598.099804,
					"retransmits":	0,
					"snd_cwnd":	3237728,
					"rtt":	449,
					"rttvar":	153,
					"pmtu":	1500,
					"omitted":	false
				}],
			"sum":	{
				"start":	0,
				"end":	1.0001289844512939,
				"seconds":	1.0001289844512939,
				"bytes":	2235047824,
				"bits_per_second":	17878076598.099804,
				"retransmits":	0,
				"omitted":	false
			}
		}, {
			"streams":	[{
					"socket":	5,
					"start":	1.0001289844512939,
					"end":	2.0001680850982666,
					"seconds":	1.0000391006469727,
					"bytes":	2255749120,
					"bits_per_second":	18045287377.58873,
					"retransmits":	0,
					"snd_cwnd":	3237728,
					"rtt":	132,
					"rttvar":	67,
					"pmtu":	1500,
					"omitted":	false
				}],
			"sum":	{
				"start":	1.0001289844512939,
				"end":	2.0001680850982666,
				"seconds":	1.0000391006469727,
				"bytes":	2255749120,
				"bits_per_second":	18045287377.58873,
				"retransmits":	0,
				"omitted":	false
			}
		}, {
			"streams":	[{
					"socket":	5,
					"start":	2.0001680850982666,
					"end":	3.0000619888305664,
					"seconds":	0.9998939037322998,
					"bytes":	2224291840,
					"bits_per_second":	17796222832.821724,
					"retransmits":	0,
					"snd_cwnd":	3237728,
					"rtt":	929,
					"rttvar":	58,
					"pmtu":	1500,
					"omitted":	false
				}],
			"sum":	{
				"start":	2.0001680850982666,
				"end":	3.0000619888305664,
				"seconds":	0.9998939037322998,
				"bytes":	2224291840,
				"bits_per_second":	17796222832.821724,
				"retransmits":	0,
				"omitted":	false
			}
		}, {
			"streams":	[{
					"socket":	5,
					"start":	3.0000619888305664,
					"end":	4.0000360012054443,
					"seconds":	0.99997401237487793,
					"bytes":	2219048960,
					"bits_per_second":	17752853034.489506,
					"retransmits":	0,
					"snd_cwnd":	3237728,
					"rtt":	800,
					"rttvar":	73,
					"pmtu":	1500,
					"omitted":	false
				}],
			"sum":	{
				"start":	3.0000619888305664,
				"end":	4.0000360012054443,
				"seconds":	0.99997401237487793,
				"bytes":	2219048960,
				"bits_per_second":	17752853034.489506,
				"retransmits":	0,
				"omitted":	false
			}
		}, {
			"streams":	[{
					"socket":	5,
					"start":	4.0000360012054443,
					"end":	5.0001039505004883,
					"seconds":	1.0000679492950439,
					"bytes":	2230845440,
					"bits_per_second":	17845550927.394814,
					"retransmits":	0,
					"snd_cwnd":	3237728,
					"rtt":	671,
					"rttvar":	87,
					"pmtu":	1500,
					"omitted":	false
				}],
			"sum":	{
				"start":	4.0000360012054443,
				"end":	5.0001039505004883,
				"seconds":	1.0000679492950439,
				"bytes":	2230845440,
				"bits_per_second":	17845550927.394814,
				"retransmits":	0,
				"omitted":	false
			}
		}, {
			"streams":	[{
					"socket":	5,
					"start":	5.0001039505004883,
					"end":	6.0005528926849365,
					"seconds":	1.0004489421844482,
					"bytes":	2245263360,
					"bits_per_second":	17954046551.121655,
					"retransmits":	0,
					"snd_cwnd":	3237728,
					"rtt":	823,
					"rttvar":	67,
					"pmtu":	1500,
					"omitted":	false
				}],
			"sum":	{
				"start":	5.0001039505004883,
				"end":	6.0005528926849365,
				"seconds":	1.0004489421844482,
				"bytes":	2245263360,
				"bits_per_second":	17954046551.121655,
				"retransmits":	0,
				"omitted":	false
			}
		}, {
			"streams":	[{
					"socket":	5,
					"start":	6.0005528926849365,
					"end":	7.0001840591430664,
					"seconds":	0.99963116645812988,
					"bytes":	2253127680,
					"bits_per_second":	18031672125.495888,
					"retransmits":	0,
					"snd_cwnd":	3237728,
					"rtt":	553,
					"rttvar":	100,
					"pmtu":	1500,
					"omitted":	false
				}],
			"sum":	{
				"start":	6.0005528926849365,
				"end":	7.0001840591430664,
				"seconds":	0.99963116645812988,
				"bytes":	2253127680,
				"bits_per_second":	18031672125.495888,
				"retransmits":	0,
				"omitted":	false
			}
		}, {
			"streams":	[{
					"socket":	5,
					"start":	7.0001840591430664,
					"end":	8.00007700920105,
					"seconds":	0.9998929500579834,
					"bytes":	2259681280,
					"bits_per_second":	18079385637.184155,
					"retransmits":	0,
					"snd_cwnd":	3237728,
					"rtt":	491,
					"rttvar":	142,
					"pmtu":	1500,
					"omitted":	false
				}],
			"sum":	{
				"start":	7.0001840591430664,
				"end":	8.00007700920105,
				"seconds":	0.9998929500579834,
				"bytes":	2259681280,
				"bits_per_second":	18079385637.184155,
				"retransmits":	0,
				"omitted":	false
			}
		}, {
			"streams":	[{
					"socket":	5,
					"start":	8.00007700920105,
					"end":	9.00011396408081,
					"seconds":	1.0000369548797607,
					"bytes":	2292449280,
					"bits_per_second":	18338916527.544781,
					"retransmits":	0,
					"snd_cwnd":	3237728,
					"rtt":	751,
					"rttvar":	84,
					"pmtu":	1500,
					"omitted":	false
				}],
			"sum":	{
				"start":	8.00007700920105,
				"end":	9.00011396408081,
				"seconds":	1.0000369548797607,
				"bytes":	2292449280,
				"bits_per_second":	18338916527.544781,
				"retransmits":	0,
				"omitted":	false
			}
		}, {
			"streams":	[{
					"socket":	5,
					"start":	9.00011396408081,
					"end":	10.000257015228271,
					"seconds":	1.0001430511474609,
					"bytes":	2292449280,
					"bits_per_second":	18336971115.241005,
					"retransmits":	0,
					"snd_cwnd":	3237728,
					"rtt":	373,
					"rttvar":	149,
					"pmtu":	1500,
					"omitted":	false
				}],
			"sum":	{
				"start":	9.00011396408081,
				"end":	10.000257015228271,
				"seconds":	1.0001430511474609,
				"bytes":	2292449280,
				"bits_per_second":	18336971115.241005,
				"retransmits":	0,
				"omitted":	false
			}
		}, {
			"streams":	[{
					"socket":	5,
					"start":	10.000257015228271,
					"end":	11.000155925750732,
					"seconds":	0.99989891052246094,
					"bytes":	2301624320,
					"bits_per_second":	18414856108.182934,
					"retransmits":	0,
					"snd_cwnd":	3237728,
					"rtt":	384,
					"rttvar":	139,
					"pmtu":	1500,
					"omitted":	false
				}],
			"sum":	{
				"start":	10.000257015228271,
				"end":	11.000155925750732,
				"seconds":	0.99989891052246094,
				"bytes":	2301624320,
				"bits_per_second":	18414856108.182934,
				"retransmits":	0,
				"omitted":	false
			}
		}, {
			"streams":	[{
					"socket":	5,
					"start":	11.000155925750732,
					"end":	12.000235080718994,
					"seconds":	1.0000791549682617,
					"bytes":	2310799360,
					"bits_per_second":	18484931705.817505,
					"retransmits":	0,
					"snd_cwnd":	3237728,
					"rtt":	389,
					"rttvar":	150,
					"pmtu":	1500,
					"omitted":	false
				}],
			"sum":	{
				"start":	11.000155925750732,
				"end":	12.000235080718994,
				"seconds":	1.0000791549682617,
				"bytes":	2310799360,
				"bits_per_second":	18484931705.817505,
				"retransmits":	0,
				"omitted":	false
			}
		}, {
			"streams":	[{
					"socket":	5,
					"start":	12.000235080718994,
					"end":	13.000115871429443,
					"seconds":	0.99988079071044922,
					"bytes":	2289827840,
					"bits_per_second":	18320806730.354324,
					"retransmits":	0,
					"snd_cwnd":	3237728,
					"rtt":	396,
					"rttvar":	138,
					"pmtu":	1500,