{
	"start":	{
		"connected":	[{
				"socket":	5,
				"local_host":	"169.254.0.1",
				"local_port":	37334,
				"remote_host":	"169.254.0.2",
				"remote_port":	5201
			}],
		"version":	"iperf 3.6",
		"system_info":	"Linux 169.254.0.1 4.14.94 #1 SMP Wed Jan 23 21:19:15 UTC 2019 x86_64",
		"timestamp":	{
			"time":	"Sat, 08 Feb 2020 00:54:07 GMT",
			"timesecs":	1581123247
		},
		"connecting_to":	{
			"host":	"169.254.0.2",
			"port":	5201
		},
		"cookie":	"ap4b3ydi72qbiwutoybyubss4bthonkrixzh",
		"tcp_mss_default":	1448,
		"sock_bufsize":	0,
		"sndbuf_actual":	16384,
		"rcvbuf_actual":	87380,
		"test_start":	{
			"protocol":	"TCP",
			"num_streams":	1,
			"blksize":	131072,
			"omit":	0,
			"duration":	30,
			"bytes":	0,
			"blocks":	0,
			"reverse":	0,
			"tos":	0
		}
	},
	"intervals":	[{
			"streams":	[{
					"socket":	5,
					"start":	0,
					"end":	1.000053882598877,
					"seconds":	1.000053882598877,
					"bytes":	3088943528,
					"bits_per_second":	24710216773.301441,
					"retransmits":	0,
					"snd_cwnd":	3246416,
					"rtt":	876,
					"rttvar":	60,
					"pmtu":	1500,
					"omitted":	false
				}],
			"sum":	{
				"start":	0,
				"end":	1.000053882598877,
				"seconds":	1.000053882598877,
				"bytes":	3088943528,
				"bits_per_second":	24710216773.301441,
				"retransmits":	0,
				"omitted":	false
			}
		}, {
			"streams":	[{
					"socket":	5,
					"start":	1.000053882598877,
					"end":	2.0000748634338379,
					"seconds":	1.0000209808349609,
					"bytes":	2922905600,
					"bits_per_second":	23382754210.29298,
					"retransmits":	0,
					"snd_cwnd":	3246416,
					"rtt":	706,
					"rttvar":	121,
					"pmtu":	1500,
					"omitted":	false
				}],
			"sum":	{
				"start":	1.000053882598877,
				"end":	2.0000748634338379,
				"seconds":	1.0000209808349609,
				"bytes":	2922905600,
				"bits_per_second":	23382754210.29298,
				"retransmits":	0,
				"omitted":	false
			}
		}, {
			"streams":	[{
					"socket":	5,
					"start":	2.0000748634338379,
					"end":	3.0000669956207275,
					"seconds":	0.99999213218688965,
					"bytes":	2866544640,
					"bits_per_second":	22932537548.919582,
					"retransmits":	0,
					"snd_cwnd":	3246416,
					"rtt":	1127,
					"rttvar":	116,
					"pmtu":	1500,
					"omitted":	false
				}],
			"sum":	{
				"start":	2.0000748634338379,
				"end":	3.0000669956207275,
				"seconds":	0.99999213218688965,
				"bytes":	2866544640,
				"bits_per_second":	22932537548.919582,
				"retransmits":	0,
				"omitted":	false
			}
		}, {
			"streams":	[{
					"socket":	5,
					"start":	3.0000669956207275,
					"end":	4.0002310276031494,
					"seconds":	1.0001640319824219,
					"bytes":	2528378880,
					"bits_per_second":	20223713704.149178,
					"retransmits":	0,
					"snd_cwnd":	3246416,
					"rtt":	514,
					"rttvar":	80,
					"pmtu":	1500,
					"omitted":	false
				}],
			"sum":	{
				"start":	3.0000669956207275,
				"end":	4.0002310276031494,
				"seconds":	1.0001640319824219,
				"bytes":	2528378880,
				"bits_per_second":	20223713704.149178,
				"retransmits":	0,
				"omitted":	false
			}
		}, {
			"streams":	[{
					"socket":	5,
					"start":	4.0002310276031494,
					"end":	5.0000660419464111,
					"seconds":	0.99983501434326172,
					"bytes":	2659450880,
					"bits_per_second":	21279117789.223267,
					"retransmits":	0,
					"snd_cwnd":	3246416,
					"rtt":	1066,
					"rttvar":	119,
					"pmtu":	1500,
					"omitted":	false
				}],
			"sum":	{
				"start":	4.0002310276031494,
				"end":	5.0000660419464111,
				"seconds":	0.99983501434326172,
				"bytes":	2659450880,
				"bits_per_second":	21279117789.223267,
				"retransmits":	0,
				"omitted":	false
			}
		}, {
			"streams":	[{
					"socket":	5,
					"start":	5.0000660419464111,
					"end":	6.0002129077911377,
					"seconds":	1.0001468658447266,
					"bytes":	2713190400,
					"bits_per_second":	21702335868.110191,
					"retransmits":	0,
					"snd_cwnd":	3246416,
					"rtt":	755,
					"rttvar":	36,
					"pmtu":	1500,
					"omitted":	false
				}],
			"sum":	{
				"start":	5.0000660419464111,
				"end":	6.0002129077911377,
				"seconds":	1.0001468658447266,
				"bytes":	2713190400,
				"bits_per_second":	21702335868.110191,
				"retransmits":	0,
				"omitted":	false
			}
		}, {
			"streams":	[{
					"socket":	5,
					"start":	6.0002129077911377,
					"end":	7.0000870227813721,
					"seconds":	0.99987411499023438,
					"bytes":	2630615040,
					"bits_per_second":	21047569893.541592,
					"retransmits":	0,
					"snd_cwnd":	3246416,
					"rtt":	299,
					"rttvar":	118,
					"pmtu":	1500,
					"omitted":	false
				}],
			"sum":	{
				"start":	6.0002129077911377,
				"end":	7.0000870227813721,
				"seconds":	0.99987411499023438,
				"bytes":	2630615040,
				"bits_per_second":	21047569893.541592,
				"retransmits":	0,
				"omitted":	false
			}
		}, {
			"streams":	[{
					"socket":	5,
					"start":	7.0000870227813721,
					"end":	8.00007700920105,
					"seconds":	0.99998998641967773,
					"bytes":	2534932480,
					"bits_per_second":	20279662912.033478,
					"retransmits":	0,
					"snd_cwnd":	3246416,
					"rtt":	1337,
					"rttvar":	214,
					"pmtu":	1500,
					"omitted":	false
				}],
			"sum":	{
				"start":	7.0000870227813721,
				"end":	8.00007700920105,
				"seconds":	0.99998998641967773,
				"bytes":	2534932480,
				"bits_per_second":	20279662912.033478,
				"retransmits":	0,
				"omitted":	false
			}
		}, {
			"streams":	[{
					"socket":	5,
					"start":	8.00007700920105,
					"end":	9.0004580020904541,
					"seconds":	1.0003809928894043,
					"bytes":	1883504640,
					"bits_per_second":	15062298491.376701,
					"retransmits":	0,
					"snd_cwnd":	3246416,
					"rtt":	1271,
					"rttvar":	122,
					"pmtu":	1500,
					"omitted":	false
				}],
			"sum":	{
				"start":	8.00007700920105,
				"end":	9.0004580020904541,
				"seconds":	1.0003809928894043,
				"bytes":	1883504640,
				"bits_per_second":	15062298491.376701,
				"retransmits":	0,
				"omitted":	false
			}
		}, {
			"streams":	[{
					"socket":	5,
					"start":	9.0004580020904541,
					"end":	10.000227928161621,
					"seconds":	0.999769926071167,
					"bytes":	1878261760,
					"bits_per_second":	15029551988.074495,
					"retransmits":	0,
					"snd_cwnd":	3246416,
					"rtt":	1090,
					"rttvar":	119,
					"pmtu":	1500,
					"omitted":	false
				}],
			"sum":	{
				"start":	9.0004580020904541,
				"end":	10.000227928161621,
				"seconds":	0.999769926071167,
				"bytes":	1878261760,
				"bits_per_second":	15029551988.074495,
				"retransmits":	0,
				"omitted":	false
			}
		}, {
			"streams":	[{
					"socket":	5,
					"start":	10.000227928161621,
					"end":	11.000228881835938,
					"seconds":	1.0000009536743164,
					"bytes":	1907097600,
					"bits_per_second":	15256766250.013876,
					"retransmits":	0,
					"snd_cwnd":	3246416,
					"rtt":	1326,
					"rttvar":	130,
					"pmtu":	1500,
					"omitted":	false
				}],
			"sum":	{
				"start":	10.000227928161621,
				"end":	11.000228881835938,
				"seconds":	1.0000009536743164,
				"bytes":	1907097600,
				"bits_per_second":	15256766250.013876,
				"retransmits":	0,
				"omitted":	false
			}
		}, {
			"streams":	[{
					"socket":	5,
					"start":	11.000228881835938,
					"end":	12.000326871871948,
					"seconds":	1.0000979900360107,
					"bytes":	1819279360,
					"bits_per_second":	14552808849.736757,
					"retransmits":	0,
					"snd_cwnd":	3246416,
					"rtt":	1269,
					"rttvar":	123,
					"pmtu":	1500,
					"omitted":	false
				}],
			"sum":	{
				"start":	11.000228881835938,
				"end":	12.000326871871948,
				"seconds":	1.0000979900360107,
				"bytes":	1819279360,
				"bits_per_second":	14552808849.736757,
				"retransmits":	0,
				"omitted":	false
			}
		}, {
			"streams":	[{
					"socket":	5,
					"start":	12.000326871871948,
					"end":	13.000372886657715,
					"seconds":	1.0000460147857666,
					"bytes":	1908408320,
					"bits_per_second":	15266564072.32482,
					"retransmits":	0,
					"snd_cwnd":	3246416,
					"rtt":	1130,
					"rttvar":	110,
					"pmtu":	1500,