{
	"start":	{
		"connected":	[{
				"socket":	5,
				"local_host":	"169.254.0.1",
				"local_port":	52412,
				"remote_host":	"169.254.0.2",
				"remote_port":	5201
			}],
		"version":	"iperf 3.6",
		"system_info":	"Linux 169.254.0.1 4.14.94 #1 SMP Wed Jan 23 21:19:15 UTC 2019 x86_64",
		"timestamp":	{
			"time":	"Sat, 08 Feb 2020 03:08:49 GMT",
			"timesecs":	1581131329
		},
		"connecting_to":	{
			"host":	"169.254.0.2",
			"port":	5201
		},
		"cookie":	"pjxkd2izdg75hhwmr6cvzgv3zfcjypu7oywk",
		"tcp_mss_default":	1448,
		"sock_bufsize":	0,
		"sndbuf_actual":	16384,
		"rcvbuf_actual":	87380,
		"test_start":	{
			"protocol":	"TCP",
			"num_streams":	1,
			"blksize":	131072,
			"omit":	0,
			"duration":	30,
			"bytes":	0,
			"blocks":	0,
			"reverse":	0,
			"tos":	0
		}
	},
	"intervals":	[{
			"streams":	[{
					"socket":	5,
					"start":	0,
					"end":	1.0000221729278564,
					"seconds":	1.0000221729278564,
					"bytes":	2219324784,
					"bits_per_second":	17754204609.302048,
					"retransmits":	0,
					"snd_cwnd":	3269584,
					"rtt":	898,
					"rttvar":	59,
					"pmtu":	1500,
					"omitted":	false
				}],
			"sum":	{
				"start":	0,
				"end":	1.0000221729278564,
				"seconds":	1.0000221729278564,
				"bytes":	2219324784,
				"bits_per_second":	17754204609.302048,
				"retransmits":	0,
				"omitted":	false
			}
		}, {
			"streams":	[{
					"socket":	5,
					"start":	1.0000221729278564,
					"end":	2.0002131462097168,
					"seconds":	1.0001909732818604,
					"bytes":	2260992000,
					"bits_per_second":	18084482347.055439,
					"retransmits":	0,
					"snd_cwnd":	3269584,
					"rtt":	926,
					"rttvar":	61,
					"pmtu":	1500,
					"omitted":	false
				}],
			"sum":	{
				"start":	1.0000221729278564,
				"end":	2.0002131462097168,
				"seconds":	1.0001909732818604,
				"bytes":	2260992000,
				"bits_per_second":	18084482347.055439,
				"retransmits":	0,
				"omitted":	false
			}
		}, {
			"streams":	[{
					"socket":	5,
					"start":	2.0002131462097168,
					"end":	3.000075101852417,
					"seconds":	0.9998619556427002,
					"bytes":	2259681280,
					"bits_per_second":	18079946074.535873,
					"retransmits":	0,
					"snd_cwnd":	3269584,
					"rtt":	503,
					"rttvar":	148,
					"pmtu":	1500,
					"omitted":	false
				}],
			"sum":	{
				"start":	2.0002131462097168,
				"end":	3.000075101852417,
				"seconds":	0.9998619556427002,
				"bytes":	2259681280,
				"bits_per_second":	18079946074.535873,
				"retransmits":	0,
				"omitted":	false
			}
		}, {
			"streams":	[{
					"socket":	5,
					"start":	3.000075101852417,
					"end":	4.000324010848999,
					"seconds":	1.000248908996582,
					"bytes":	2262302720,
					"bits_per_second":	18093918021.021149,
					"retransmits":	0,
					"snd_cwnd":	3269584,
					"rtt":	919,
					"rttvar":	60,
					"pmtu":	1500,
					"omitted":	false
				}],
			"sum":	{
				"start":	3.000075101852417,
				"end":	4.000324010848999,
				"seconds":	1.000248908996582,
				"bytes":	2262302720,
				"bits_per_second":	18093918021.021149,
				"retransmits":	0,
				"omitted":	false
			}
		}, {
			"streams":	[{
					"socket":	5,
					"start":	4.000324010848999,
					"end":	5.0000779628753662,
					"seconds":	0.99975395202636719,
					"bytes":	2258370560,
					"bits_per_second":	18071410914.036083,
					"retransmits":	0,
					"snd_cwnd":	3269584,
					"rtt":	457,
					"rttvar":	156,
					"pmtu":	1500,
					"omitted":	false
				}],
			"sum":	{
				"start":	4.000324010848999,
				"end":	5.0000779628753662,
				"seconds":	0.99975395202636719,
				"bytes":	2258370560,
				"bits_per_second":	18071410914.036083,
				"retransmits":	0,
				"omitted":	false
			}
		}, {
			"streams":	[{
					"socket":	5,
					"start":	5.0000779628753662,
					"end":	6.0002751350402832,
					"seconds":	1.000197172164917,
					"bytes":	3005480960,
					"bits_per_second":	24039107837.065094,
					"retransmits":	0,
					"snd_cwnd":	3269584,
					"rtt":	326,
					"rttvar":	118,
					"pmtu":	1500,
					"omitted":	false
				}],
			"sum":	{
				"start":	5.0000779628753662,
				"end":	6.0002751350402832,
				"seconds":	1.000197172164917,
				"bytes":	3005480960,
				"bits_per_second":	24039107837.065094,
				"retransmits":	0,
				"omitted":	false
			}
		}, {
			"streams":	[{
					"socket":	5,
					"start":	6.0002751350402832,
					"end":	7.0000669956207275,
					"seconds":	0.99979186058044434,
					"bytes":	2966159360,
					"bits_per_second":	23734214905.714085,
					"retransmits":	0,
					"snd_cwnd":	3269584,
					"rtt":	594,
					"rttvar":	55,
					"pmtu":	1500,
					"omitted":	false
				}],
			"sum":	{
				"start":	6.0002751350402832,
				"end":	7.0000669956207275,
				"seconds":	0.99979186058044434,
				"bytes":	2966159360,
				"bits_per_second":	23734214905.714085,
				"retransmits":	0,
				"omitted":	false
			}
		}, {
			"streams":	[{
					"socket":	5,
					"start":	7.0000669956207275,
					"end":	8.000291109085083,
					"seconds":	1.0002241134643555,
					"bytes":	2967470080,
					"bits_per_second":	23734441432.10611,
					"retransmits":	0,
					"snd_cwnd":	3269584,
					"rtt":	583,
					"rttvar":	61,
					"pmtu":	1500,
					"omitted":	false
				}],
			"sum":	{
				"start":	7.0000669956207275,
				"end":	8.000291109085083,
				"seconds":	1.0002241134643555,
				"bytes":	2967470080,
				"bits_per_second":	23734441432.10611,
				"retransmits":	0,
				"omitted":	false
			}
		}, {
			"streams":	[{
					"socket":	5,
					"start":	8.000291109085083,
					"end":	9.0002939701080322,
					"seconds":	1.0000028610229492,
					"bytes":	2977955840,
					"bits_per_second":	23823578560.195007,
					"retransmits":	0,
					"snd_cwnd":	3269584,
					"rtt":	360,
					"rttvar":	112,
					"pmtu":	1500,
					"omitted":	false
				}],
			"sum":	{
				"start":	8.000291109085083,
				"end":	9.0002939701080322,
				"seconds":	1.0000028610229492,
				"bytes":	2977955840,
				"bits_per_second":	23823578560.195007,
				"retransmits":	0,
				"omitted":	false
			}
		}, {
			"streams":	[{
					"socket":	5,
					"start":	9.0002939701080322,
					"end":	10.000184059143066,
					"seconds":	0.99989008903503418,
					"bytes":	2974023680,
					"bits_per_second":	23794804749.951241,
					"retransmits":	0,
					"snd_cwnd":	3269584,
					"rtt":	300,
					"rttvar":	117,
					"pmtu":	1500,
					"omitted":	false
				}],
			"sum":	{
				"start":	9.0002939701080322,
				"end":	10.000184059143066,
				"seconds":	0.99989008903503418,
				"bytes":	2974023680,
				"bits_per_second":	23794804749.951241,
				"retransmits":	0,
				"omitted":	false
			}
		}, {
			"streams":	[{
					"socket":	5,
					"start":	10.000184059143066,
					"end":	11.000203132629395,
					"seconds":	1.0000190734863281,
					"bytes":	2972712960,
					"bits_per_second":	23781250088.651569,
					"retransmits":	0,
					"snd_cwnd":	3269584,
					"rtt":	332,
					"rttvar":	110,
					"pmtu":	1500,
					"omitted":	false
				}],
			"sum":	{
				"start":	10.000184059143066,
				"end":	11.000203132629395,
				"seconds":	1.0000190734863281,
				"bytes":	2972712960,
				"bits_per_second":	23781250088.651569,
				"retransmits":	0,
				"omitted":	false
			}
		}, {
			"streams":	[{
					"socket":	5,
					"start":	11.000203132629395,
					"end":	12.000133991241455,
					"seconds":	0.99993085861206055,
					"bytes":	2972712960,
					"bits_per_second":	23783348093.697044,
					"retransmits":	0,
					"snd_cwnd":	3269584,
					"rtt":	589,
					"rttvar":	58,
					"pmtu":	1500,
					"omitted":	false
				}],
			"sum":	{
				"start":	11.000203132629395,
				"end":	12.000133991241455,
				"seconds":	0.99993085861206055,
				"bytes":	2972712960,
				"bits_per_second":	23783348093.697044,
				"retransmits":	0,
				"omitted":	false
			}
		}, {
			"streams":	[{
					"socket":	5,
					"start":	12.000133991241455,
					"end":	13.0000319480896,
					"seconds":	0.99989795684814453,
					"bytes":	2972712960,
					"bits_per_second":	23784130687.659512,
					"retransmits":	0,
					"snd_cwnd":	3269584,
					"rtt":	390,
					"rttvar":	104,
					"pmtu":	1500,