{
	"start":	{
		"connected":	[{
				"socket":	5,
				"local_host":	"169.254.0.1",
				"local_port":	34484,
				"remote_host":	"169.254.0.2",
				"remote_port":	5201
			}],
		"version":	"iperf 3.6",
		"system_info":	"Linux 169.254.0.1 4.14.94 #1 SMP Wed Jan 23 21:19:15 UTC 2019 x86_64",
		"timestamp":	{
			"time":	"Tue, 23 Apr 2019 21:50:50 GMT",
			"timesecs":	1556056250
		},
		"connecting_to":	{
			"host":	"169.254.0.2",
			"port":	5201
		},
		"cookie":	"pvfntk6sa2ijpmh5wgkwprxkkdq33xiby4rf",
		"tcp_mss_default":	1448,
		"sock_bufsize":	0,
		"sndbuf_actual":	16384,
		"rcvbuf_actual":	87380,
		"test_start":	{
			"protocol":	"TCP",
			"num_streams":	1,
			"blksize":	131072,
			"omit":	0,
			"duration":	30,
			"bytes":	0,
			"blocks":	0,
			"reverse":	0,
			"tos":	0
		}
	},
	"intervals":	[{
			"streams":	[{
					"socket":	5,
					"start":	0,
					"end":	1.0000650882720947,
					"seconds":	1.0000650882720947,
					"bytes":	3390430800,
					"bits_per_second":	27121681096.641117,
					"retransmits":	0,
					"snd_cwnd":	3182704,
					"rtt":	807,
					"rttvar":	108,
					"pmtu":	1500,
					"omitted":	false
				}],
			"sum":	{
				"start":	0,
				"end":	1.0000650882720947,
				"seconds":	1.0000650882720947,
				"bytes":	3390430800,
				"bits_per_second":	27121681096.641117,
				"retransmits":	0,
				"omitted":	false
			}
		}, {
			"streams":	[{
					"socket":	5,
					"start":	1.0000650882720947,
					"end":	2.0000369548797607,
					"seconds":	0.999971866607666,
					"bytes":	3162767360,
					"bits_per_second":	25302850735.026897,
					"retransmits":	0,
					"snd_cwnd":	3182704,
					"rtt":	307,
					"rttvar":	106,
					"pmtu":	1500,
					"omitted":	false
				}],
			"sum":	{
				"start":	1.0000650882720947,
				"end":	2.0000369548797607,
				"seconds":	0.999971866607666,
				"bytes":	3162767360,
				"bits_per_second":	25302850735.026897,
				"retransmits":	0,
				"omitted":	false
			}
		}, {
			"streams":	[{
					"socket":	5,
					"start":	2.0000369548797607,
					"end":	3.0003180503845215,
					"seconds":	1.0002810955047607,
					"bytes":	3341025280,
					"bits_per_second":	26720691173.826939,
					"retransmits":	0,
					"snd_cwnd":	3182704,
					"rtt":	565,
					"rttvar":	50,
					"pmtu":	1500,
					"omitted":	false
				}],
			"sum":	{
				"start":	2.0000369548797607,
				"end":	3.0003180503845215,
				"seconds":	1.0002810955047607,
				"bytes":	3341025280,
				"bits_per_second":	26720691173.826939,
				"retransmits":	0,
				"omitted":	false
			}
		}, {
			"streams":	[{
					"socket":	5,
					"start":	3.0003180503845215,
					"end":	4.00037693977356,
					"seconds":	1.0000588893890381,
					"bytes":	3191603200,
					"bits_per_second":	25531322076.041607,
					"retransmits":	0,
					"snd_cwnd":	3182704,
					"rtt":	314,
					"rttvar":	107,
					"pmtu":	1500,
					"omitted":	false
				}],
			"sum":	{
				"start":	3.0003180503845215,
				"end":	4.00037693977356,
				"seconds":	1.0000588893890381,
				"bytes":	3191603200,
				"bits_per_second":	25531322076.041607,
				"retransmits":	0,
				"omitted":	false
			}
		}, {
			"streams":	[{
					"socket":	5,
					"start":	4.00037693977356,
					"end":	5.000324010848999,
					"seconds":	0.99994707107543945,
					"bytes":	3725066240,
					"bits_per_second":	29802107313.489742,
					"retransmits":	0,
					"snd_cwnd":	3182704,
					"rtt":	203,
					"rttvar":	70,
					"pmtu":	1500,
					"omitted":	false
				}],
			"sum":	{
				"start":	4.00037693977356,
				"end":	5.000324010848999,
				"seconds":	0.99994707107543945,
				"bytes":	3725066240,
				"bits_per_second":	29802107313.489742,
				"retransmits":	0,
				"omitted":	false
			}
		}, {
			"streams":	[{
					"socket":	5,
					"start":	5.000324010848999,
					"end":	6.0001280307769775,
					"seconds":	0.99980401992797852,
					"bytes":	3679191040,
					"bits_per_second":	29439297835.710106,
					"retransmits":	0,
					"snd_cwnd":	3182704,
					"rtt":	311,
					"rttvar":	104,
					"pmtu":	1500,
					"omitted":	false
				}],
			"sum":	{
				"start":	5.000324010848999,
				"end":	6.0001280307769775,
				"seconds":	0.99980401992797852,
				"bytes":	3679191040,
				"bits_per_second":	29439297835.710106,
				"retransmits":	0,
				"omitted":	false
			}
		}, {
			"streams":	[{
					"socket":	5,
					"start":	6.0001280307769775,
					"end":	7.0000481605529785,
					"seconds":	0.999920129776001,
					"bytes":	3135242240,
					"bits_per_second":	25083941380.0168,
					"retransmits":	0,
					"snd_cwnd":	3182704,
					"rtt":	389,
					"rttvar":	236,
					"pmtu":	1500,
					"omitted":	false
				}],
			"sum":	{
				"start":	6.0001280307769775,
				"end":	7.0000481605529785,
				"seconds":	0.999920129776001,
				"bytes":	3135242240,
				"bits_per_second":	25083941380.0168,
				"retransmits":	0,
				"omitted":	false
			}
		}, {
			"streams":	[{
					"socket":	5,
					"start":	7.0000481605529785,
					"end":	8.0002901554107666,
					"seconds":	1.0002419948577881,
					"bytes":	3525836800,
					"bits_per_second":	28199870176.427013,
					"retransmits":	0,
					"snd_cwnd":	3182704,
					"rtt":	324,
					"rttvar":	105,
					"pmtu":	1500,
					"omitted":	false
				}],
			"sum":	{
				"start":	7.0000481605529785,
				"end":	8.0002901554107666,
				"seconds":	1.0002419948577881,
				"bytes":	3525836800,
				"bits_per_second":	28199870176.427013,
				"retransmits":	0,
				"omitted":	false
			}
		}, {
			"streams":	[{
					"socket":	5,
					"start":	8.0002901554107666,
					"end":	9.0000650882720947,
					"seconds":	0.99977493286132812,
					"bytes":	3102474240,
					"bits_per_second":	24825381297.535076,
					"retransmits":	0,
					"snd_cwnd":	3182704,
					"rtt":	304,
					"rttvar":	107,
					"pmtu":	1500,
					"omitted":	false
				}],
			"sum":	{
				"start":	8.0002901554107666,
				"end":	9.0000650882720947,
				"seconds":	0.99977493286132812,
				"bytes":	3102474240,
				"bits_per_second":	24825381297.535076,
				"retransmits":	0,
				"omitted":	false
			}
		}, {
			"streams":	[{
					"socket":	5,
					"start":	9.0000650882720947,
					"end":	10.000323057174683,
					"seconds":	1.0002579689025879,
					"bytes":	3586129920,
					"bits_per_second":	28681640388.704506,
					"retransmits":	0,
					"snd_cwnd":	3182704,
					"rtt":	231,
					"rttvar":	95,
					"pmtu":	1500,
					"omitted":	false
				}],
			"sum":	{
				"start":	9.0000650882720947,
				"end":	10.000323057174683,
				"seconds":	1.0002579689025879,
				"bytes":	3586129920,
				"bits_per_second":	28681640388.704506,
				"retransmits":	0,
				"omitted":	false
			}
		}, {
			"streams":	[{
					"socket":	5,
					"start":	10.000323057174683,
					"end":	11.000208139419556,
					"seconds":	0.999885082244873,
					"bytes":	3287285760,
					"bits_per_second":	26301308567.33746,
					"retransmits":	0,
					"snd_cwnd":	3182704,
					"rtt":	329,
					"rttvar":	108,
					"pmtu":	1500,
					"omitted":	false
				}],
			"sum":	{
				"start":	10.000323057174683,
				"end":	11.000208139419556,
				"seconds":	0.999885082244873,
				"bytes":	3287285760,
				"bits_per_second":	26301308567.33746,
				"retransmits":	0,
				"omitted":	false
			}
		}, {
			"streams":	[{
					"socket":	5,
					"start":	11.000208139419556,
					"end":	12.000066995620728,
					"seconds":	0.99985885620117188,
					"bytes":	3099852800,
					"bits_per_second":	24802323094.101265,
					"retransmits":	0,
					"snd_cwnd":	3182704,
					"rtt":	868,
					"rttvar":	151,
					"pmtu":	1500,
					"omitted":	false
				}],
			"sum":	{
				"start":	11.000208139419556,
				"end":	12.000066995620728,
				"seconds":	0.99985885620117188,
				"bytes":	3099852800,
				"bits_per_second":	24802323094.101265,
				"retransmits":	0,
				"omitted":	false
			}
		}, {
			"streams":	[{
					"socket":	5,
					"start":	12.000066995620728,
					"end":	13.000087022781372,
					"seconds":	1.0000200271606445,
					"bytes":	3182428160,
					"bits_per_second":	25458915410.211243,
					"retransmits":	0,
					"snd_cwnd":	3182704,
					"rtt":	195,
					"rttvar":	76,
					"pmtu":	1500,
					"omitted":	false
				}],